Gene,baseMean,log2FoldChange,lfcSE,stat,pvalue,padj,Symbol,-log10P,Category
Spink1,131.09330446344975,9.297676941332936,1.9572485889982547,4.750381220656089,2.030335250936237e-06,1.8376473831722246e-05,Spink1,5.6924322450373355,DEG
Fgf5,2859.9705746374902,8.249677268204877,0.2508633727024276,32.88514054218105,3.584783119237974e-237,2.3771891791373417e-233,Fgf5,236.44553711418513,DEG
Kcnk16,61.52483768698728,7.952443056348563,1.9499817162730513,4.078214164770662,4.538295259264245e-05,0.0003113270547855272,Kcnk16,4.343107252545876,DEG
Gm45623,24.927352538044392,7.90304343983437,1.9538728494202489,4.044809488078691,5.236568993891241e-05,0.0003537395706773255,Gm45623,4.280953170088918,DEG
AC151602.1,10.89969160999978,7.779651758692485,2.0578422632535878,3.7804898352084235,0.00015652010996199865,0.0009415818166265502,AC151602.1,3.8054298556610044,DEG
9030622O22Rik,39.66486120894697,7.547072562912006,1.9616266427710998,3.847354230594362,0.00011940027456690943,0.0007402147280255831,9030622O22Rik,3.922994674523596,DEG
Foxj1,229.3770712862235,7.531254025962179,0.4101618374627619,18.36166444091945,2.6631795013026685e-75,1.7660430999638427e-72,Foxj1,74.57459956063653,DEG
Shh,401.4519767831648,7.318527887452868,1.1316140606089182,6.467335589233302,9.974597003592424e-11,1.7033015690083065e-09,Shh,10.001104641771699,DEG
Sox17,189.52731095760691,7.312750457729286,0.5126781390302865,14.263823442054907,3.677417563910906e-46,6.773939353374404e-44,Sox17,45.434457054002166,DEG
Foxa2,631.1110609279442,7.1902051912744165,0.5077076994069751,14.162096024292897,1.57233470182813e-45,2.792859514122216e-43,Foxa2,44.803455000481925,DEG
Pkd1l1,191.5419898793653,7.109513481531921,0.824489519655352,8.622927656501682,6.526368875318062e-18,2.250183403909489e-16,Pkd1l1,17.185328383200957,DEG
Foxd4,58.51769486567959,6.8822669683471815,1.966383474202107,3.4999617615988035,0.0004653249025193068,0.0024633245371791083,Foxd4,3.332243704962274,DEG
Gata1,19.671804217205228,6.859534989649025,1.4555690863168254,4.712613818287666,2.4455940112006654e-06,2.1788019372515018e-05,Gata1,5.611615637786093,DEG
Pifo,41.215493153169454,6.66740406412883,0.9000444988996193,7.4078604694326735,1.2835323966306006e-13,3.0005397765651198e-12,Pifo,12.891593165169134,DEG
Cfc1,76.02329664670758,6.567763813942879,0.6841283444035007,9.600192518948163,7.979524001159936e-22,3.616051263760268e-20,Cfc1,21.09802301464367,DEG
Flt1,303.0080032366586,6.36423685271845,0.37772650415498393,16.848796107003274,1.0707218810204115e-63,4.437696062712514e-61,Flt1,62.97032332209415,DEG
Cfap44,22.855958441235135,6.287791294334052,1.162718487408454,5.407836344245896,6.379067182499932e-08,7.344048757445233e-07,Cfap44,7.1952428239609425,DEG
Cfap206,19.257272830251676,6.250694886029727,1.2008957684384869,5.2050269892760515,1.9396841318943108e-07,2.0735129564699315e-06,Cfap206,6.7122689870513375,DEG
Fam107a,27.767817390862124,6.082216841167532,1.5253606923290457,3.987395815137143,6.680252412869201e-05,0.0004396193896844853,Fam107a,4.175207127427866,DEG
Enpp2,3208.9503752942906,6.069487121552774,0.2313083339389625,26.239811675589635,9.342365371234049e-152,3.0976169449221693e-148,Enpp2,151.0295431518622,DEG
Enkur,18.537429727746346,6.06562894279511,0.9529125508339708,6.365357385089102,1.948355354268037e-10,3.1901713101076813e-09,Enkur,9.710331830659076,DEG
Pga5,38.03192016324184,5.961271547883154,0.9607159164794064,6.205030483650718,5.468630143489442e-10,8.44665590641141e-09,Pga5,9.262121448004642,DEG
Noto,200.99090375608995,5.926383195256733,0.7236521288271445,8.189547103056118,2.6221099366296246e-16,7.705207544949742e-15,Noto,15.581349103694487,DEG
Six2,19.467651792587453,5.8090807022813955,0.9807151697515823,5.923310744497662,3.1552380916479513e-09,4.429802864872572e-08,Six2,8.500967863682135,DEG
Eomes,265.25017408676905,5.7374878669951,0.38715982611116223,14.819429806613613,1.0971176869277227e-49,2.346888092875281e-47,Eomes,48.959746783508336,DEG
Six3,11.066899759402842,5.713634937071986,2.0455968787873426,2.793138274858488,0.00521993733654313,0.019534505901653315,Six3,2.2823347105143825,DEG
Nkx2-2,14.99565963787162,5.713118750500017,2.0357304161354643,2.806422061200783,0.005009502943610158,0.018860532089360425,Nkx2-2,2.300205363864589,DEG
Ehf,10.45860337094276,5.687203035892196,1.1987271733425402,4.744368161801116,2.0915814629405707e-06,1.888784458635484e-05,Ehf,5.6795252158471135,DEG
Wnt9b,17.594057893804685,5.648482245390172,1.2102589732412354,4.66716824272972,3.05379269171707e-06,2.6645680617990962e-05,Wnt9b,5.515160448582552,DEG
Gsc,70.1637004777191,5.604023875443992,0.4355156311681133,12.867560827640613,6.853235452146828e-38,8.115372981250536e-36,Gsc,37.16410434715363,DEG
Gpm6b,183.39924151435915,5.579474885624475,0.35782341555788294,15.592816576649993,8.146126711264682e-55,2.418791713341785e-52,Gpm6b,54.08904883883938,DEG
Lrrc18,24.408693098240068,5.508629744587326,0.8291806696493126,6.643461366407762,3.064008194273377e-11,5.571789672474823e-10,Lrrc18,10.513710077576329,DEG
Gm19554,11.382232948057686,5.344365565539504,1.478707251994877,3.614214753007798,0.0003012592836717955,0.0016787821258730249,Gm19554,3.521059560897378,DEG
Gm33460,10.106189925247195,5.333785181599675,1.4578576150181195,3.6586461713775673,0.00025355111290683636,0.0014403614620698466,Gm33460,3.595934478871828,DEG
Gal,67.07498327391458,5.2988697115487815,0.5346276297026543,9.911327842326205,3.7167322349986544e-23,1.871915723621854e-21,Gal,22.429838725708507,DEG
Ffar4,19.97105742352317,5.293631216996747,0.6564434288777253,8.064108777883407,7.37720506809045e-16,2.064164804846574e-14,Ffar4,15.132108144059275,DEG
Car4,704.3880641848411,5.272559166213857,0.32749683716685746,16.099572783133546,2.568720324933543e-58,8.965284586706649e-56,Car4,57.59028317792518,DEG
Cd93,26.32309933329517,5.235332665817609,1.8388749421711872,2.8470302932271037,0.004412916285656384,0.016954530047672483,Cd93,2.355274311171057,DEG
Tgm3,44.06640671124538,5.2182260040073185,0.5207283769436385,10.02101332490301,1.232329101849809e-23,6.401032676814648e-22,Tgm3,22.909273295393323,DEG
Otx2,1122.2724691484623,5.166888193296285,0.27074135388948434,19.084222336442146,3.4152170808150997e-81,2.51638254095317e-78,Otx2,80.46658168612483,DEG
Foxq1,20.292001891351866,5.143062417293279,0.6825661830796667,7.534891919327622,4.88739460825979e-14,1.1900835781728307e-12,Foxq1,13.310922594618013,DEG
Chrd,313.3390332622357,5.11303689737346,0.3332277497220811,15.343970907698534,3.8867413871073994e-53,1.0592168925358165e-50,Chrd,52.41041435514662,DEG
Pim2,18914.725790274642,5.095187951342384,0.13254051693170096,38.44249342989939,0.0,0.0,Pim2,inf,DEG
Dnajb13,41.07350585170404,4.865851713577934,0.584727391514403,8.32157306839298,8.680347966715436e-17,2.6871089623823558e-15,Dnajb13,16.061462865031412,DEG
Vwa5b1,34.79765468844221,4.835367155449984,0.6852251842755295,7.056610390877987,1.7061311190525817e-12,3.542982513823805e-11,Vwa5b1,11.76798759562288,DEG
Lrtm2,26.40315632673219,4.800268489402046,0.9552878125012533,5.024944761760737,5.035774591450174e-07,5.041857056985896e-06,Lrtm2,6.297933717777888,DEG
Chrna9,168.5991418778853,4.752664239207499,0.29863274171851717,15.914746025026375,5.0069770244668055e-57,1.6329311627006988e-54,Chrna9,56.30042440144514,DEG
Oas1d,10.530652106965482,4.651074118912758,0.8964221144606298,5.188486588945068,2.1201002702413967e-07,2.2518566351405417e-06,Oas1d,6.673643598607689,DEG
Adamts15,241.74715248156375,4.631333270554975,0.3081695972501611,15.028521021804183,4.7754915989587853e-51,1.1046933705777451e-48,Adamts15,50.32098191460888,DEG
Gm38655,15.185949914649806,4.630123712861111,1.4703263702505254,3.149044869590549,0.0016380504250287113,0.007296770075127895,Gm38655,2.7856727332382096,DEG
Trim67,362.13733841532047,4.576244684319748,0.3076937387233832,14.872726053206414,4.955377024703374e-50,1.0833216541697683e-47,Trim67,49.304923297077984,DEG
Grrp1,155.16775103731726,4.556201247401161,0.3068167891151405,14.849908509052725,6.966366505728962e-50,1.5064010354888256e-47,Grrp1,49.15699368072066,DEG
Gm11992,29.82937535070347,4.538486455114156,0.5671402635585315,8.002405659999068,1.2201164597412817e-15,3.3526238743222455e-14,Gm11992,14.913598714071885,DEG
Slc5a5,507.00658931703043,4.4696145405745416,0.2876139917933758,15.540323725924809,1.8504632165221082e-54,5.413693416101591e-52,Slc5a5,53.732719543381755,DEG
Gata6,26.141794514140095,4.4687687347755,0.8779266189712591,5.090139241947048,3.5780067912128036e-07,3.6653381619149084e-06,Gata6,6.4463588394580125,DEG
Cbln4,25.968827242370878,4.461800690306512,1.4620189230021547,3.051807757142098,0.0022746773237955495,0.009631405117366107,Cbln4,2.6430802018350676,DEG
Mab21l2,55.22881235848795,4.459723758198461,0.455101750138496,9.799399270253922,1.132571943781912e-22,5.442363828405158e-21,Mab21l2,21.94593420097509,DEG
Inhbb,11.580827844080858,4.454945101221193,2.1878954998496756,2.036178191109804,0.04173246537804947,0.10811637794386199,Inhbb,1.379525958244058,DEG
Cfap299,34.03946222413192,4.450138087254262,0.5355105144258464,8.310085362237057,9.563325371522567e-17,2.9359999219300918e-15,Cfap299,16.01939106803922,DEG
Lmx1a,112.89434249001272,4.431360801881789,0.852025886712952,5.200969678254292,1.9825144746522618e-07,2.1147529736585576e-06,Lmx1a,6.702783633145967,DEG
Cfap52,31.60845753885327,4.367091899963841,0.6247665263010311,6.989958194174514,2.74968166666572e-12,5.553519500167293e-11,Cfap52,11.560717581956235,DEG
Klhl4,67.00257563248867,4.341018172489312,0.8797931396311583,4.9341350562351804,8.050672074881014e-07,7.827960423151656e-06,Klhl4,6.094167862957744,DEG
Wnt11,35.70112849715726,4.317710435430764,0.5706209019808779,7.566688182017306,3.828594161218609e-14,9.403216326331234e-13,Wnt11,13.416960667312429,DEG
Gm44891,12.390458425737249,4.279865301628799,0.9869283038085342,4.336551383836997,1.4473560391789918e-05,0.00010989962230315596,Gm44891,4.839424622418769,DEG
4930426D05Rik,24.290005052034807,4.252703192509322,0.8185579577555157,5.19535990361663,2.0432415935622954e-07,2.177195943349133e-06,4930426D05Rik,6.689680279208143,DEG
Corin,49.25213257742761,4.250753381393213,2.007983825713717,2.1169261061564213,0.03426611964659013,0.09250782796163172,Corin,1.465135073028216,DEG
Ccdc187,12.2008494358704,4.245337968504867,1.230877612648025,3.449033376577335,0.0005625971580283943,0.0029070929511212664,Ccdc187,3.2498024660131635,DEG
Spag6l,18.560771966710657,4.191577370978109,0.7287217279425829,5.751958820841376,8.821528987974478e-09,1.1684121017760603e-07,Spag6l,8.054456134427088,DEG
Tdgf1-ps1,100.03298169962677,4.186984314073699,0.3471014647196335,12.06271001321092,1.6622186349317274e-33,1.6958039755554763e-31,Tdgf1-ps1,32.77931185317554,DEG
Iqub,19.956734568008024,4.18367791727113,0.8101642439634026,5.163987362370091,2.417440248977401e-07,2.5418898685600644e-06,Iqub,6.616644251416664,DEG
Ndrg1,363.61392880291965,4.174090260583402,0.2664411893926663,15.666084775022746,2.579900035172238e-55,7.896081738417923e-53,Ndrg1,54.58839712156164,DEG
Fhad1,14.100167762670157,4.147347391504352,0.9203852743178246,4.506099246946669,6.603021289288694e-06,5.3902546380430564e-05,Fhad1,5.180257302483812,DEG
Pmepa1,65.92395986444936,4.134704888724816,0.41924354853668166,9.862298187190948,6.06451367739986e-23,2.9937328808484567e-21,Pmepa1,22.217204020137878,DEG
Wnt3,380.0808639571891,4.108497049985021,0.24265094140788046,16.93171691874422,2.6260710230756523e-64,1.160956820734823e-61,Wnt3,63.58069353243057,DEG
Ccdc194,590.7104943791581,4.101586764104801,0.20975978924376681,19.553732290120916,3.834172385086147e-85,3.051081017156152e-82,Ccdc194,84.4163283650603,DEG
Asb4,163.41445936543514,4.090872972290251,0.3657176437751935,11.185878072661184,4.781487843367101e-29,3.616841032545441e-27,Asb4,28.320436944052833,DEG
Add2,34.20009507193966,4.083433469242695,0.5518706058562654,7.399258858708313,1.3694666385212209e-13,3.193923717085717e-12,Add2,12.863448543097949,DEG
Alox12e,22.37220732446969,4.077024471659388,0.5452023941433605,7.478001775955771,7.546117841592095e-14,1.8130732891380813e-12,Alox12e,13.122276417057952,DEG
Irgm2,126.08385163637115,4.074028704252699,0.36237575060548427,11.242553337096949,2.519868175546124e-29,1.973632184421834e-27,Irgm2,28.59862217831781,DEG
Krt7,59.542717289953195,4.047241487313085,0.49813907907263044,8.124721904669082,4.483892786341167e-16,1.2909198710777305e-14,Krt7,15.348344780300321,DEG
Tmem154,105.76798479724106,4.041274621869075,0.4484192406361167,9.012268555060706,2.0183735705697341e-19,7.857832448711212e-18,Tmem154,18.694998449287386,DEG
Ano5,10.154817657750819,4.040446798578147,1.5690454716855229,2.5750986007038787,0.010021151447876518,0.03376707095258392,Ano5,1.999082374404047,DEG
Dnah5,14.436497665494082,4.038908879779816,1.0387544234729533,3.888223037622501,0.00010098081258889969,0.0006387638428119461,Dnah5,3.995761138874685,DEG
Col8a2,20.377790173558076,4.026643361944218,1.0063156253681373,4.001372194207123,6.297620778312244e-05,0.00041692135695089446,Col8a2,4.200823494675176,DEG
Tdgf1,3541.6263886055435,4.020550304545674,0.24434763506604618,16.454222294637454,7.822009414864261e-61,3.0511971627315608e-58,Tdgf1,60.10668166565043,DEG
Efcab1,85.4239558320758,4.01838724574384,0.4780363551494827,8.40602854250967,4.2412796722436954e-17,1.3587120418617726e-15,Efcab1,16.37250308898629,DEG
Chst15,475.7929926234305,4.0061995464070685,0.36917499587426844,10.851762961139107,1.956153961833758e-27,1.328181806031426e-25,Chst15,26.708596966448514,DEG
Acvrl1,20.231646248213657,3.9973116189358184,1.2046669162617947,3.318188260154008,0.000906033956122233,0.004387692191600707,Acvrl1,3.04285552563426,DEG
Drc1,49.3692358056072,3.984171144185372,0.4641120579069386,8.584502549132774,9.123032594958075e-18,3.0866260279608153e-16,Drc1,17.039860773477198,DEG
Drc7,16.39078886761633,3.9296823109926966,0.9325074717109142,4.214102760788317,2.507730973439814e-05,0.00018154585147602497,Drc7,4.600719055966285,DEG
Pou3f1,137.4253909140626,3.9031551244159024,0.4822891968652687,8.092976475080116,5.822411338407267e-16,1.6500149738785492e-14,Pou3f1,15.234897116023621,DEG
Bcl11a,417.22973430069663,3.9030481534569623,0.24292514915266428,16.066875607861103,4.35489902211755e-58,1.4937303645863197e-55,Bcl11a,57.361021910609374,DEG
Fgr,30.195494844029792,3.892467292174919,0.665948945157809,5.844993554652341,5.065878806275722e-09,6.945595656240469e-08,Fgr,8.29534520428003,DEG
Timp4,79.15188420361514,3.8763087209086224,0.5666005062005991,6.841343554211819,7.845385254303917e-12,1.5392119748434135e-10,Timp4,11.105385725154138,DEG
Slc27a2,1353.2432119014998,3.871143551099052,0.23901162820431301,16.19646533594551,5.3410113244917845e-59,1.9318923507170828e-56,Slc27a2,58.27237650119973,DEG
Zmynd10,17.133346817149917,3.864896636121432,0.718149313993952,5.381745217616375,7.37671256030239e-08,8.400247262430208e-07,Zmynd10,7.132137138855113,DEG
Prob1,169.89940822030488,3.858991315895394,0.31776149708151513,12.14430115460291,6.150586201530888e-34,6.5433027750404e-32,Prob1,33.21108349041031,DEG
Trim14,16.65824897613239,3.807977271236615,0.5786609125193735,6.580671320372144,4.6832884802518454e-11,8.341033216305302e-10,Trim14,10.32944908981075,DEG
Cyp24a1,15.430721972608895,3.801770812365432,1.550616772694127,2.45177975584517,0.014215163936131744,0.045290914693370425,Cyp24a1,1.8472481274510724,DEG
Ccl20,14.158603975079249,3.782164722909451,1.193801854241829,3.1681679078237517,0.0015340289530298224,0.00689515860632067,Ccl20,2.814166443501494,DEG
Ccdc85a,218.13555868020654,3.756902967492677,0.302536955302241,12.41799688153617,2.0872219188512256e-35,2.3327636434621508e-33,Ccdc85a,34.68043137316322,DEG
Fbxo43,10.695059191254433,3.756747875113884,1.2310058256688576,3.051770996349821,0.0022749558985876816,0.009631405117366107,Fbxo43,2.643027017989576,DEG
Mamld1,13.778722961755575,3.754334564053878,0.765229844163261,4.906152828055272,9.288016424498487e-07,8.909151337944691e-06,Mamld1,6.032077025282536,DEG
Mapk10,46.59865173455276,3.733279808845204,0.526118990097062,7.095884921691315,1.2852639462161113e-12,2.7085848459770466e-11,Mapk10,11.891007674967764,DEG
Cabp7,121.72271764590889,3.7325549611457642,0.4484973459298447,8.322356854547857,8.623123158872334e-17,2.6779533426227048e-15,Cabp7,16.064335411088663,DEG
Ikzf1,13.052613831584766,3.7252712738661375,0.8095494201683086,4.601660110004945,4.191367793855807e-06,3.574070762578972e-05,Ikzf1,5.377644228015205,DEG
Rgs8,23.65594300369294,3.710363502128922,0.8017710630436305,4.627709421245367,3.6973228333336334e-06,3.180049305937713e-05,Rgs8,5.432112627161766,DEG
Mmp25,736.3193757077232,3.6867125834449044,0.2216859924437203,16.630336192219517,4.2022972509257995e-62,1.672010030198357e-59,Mmp25,61.37651323087558,DEG
Lzts1,377.4071093742409,3.6771776482607383,0.27351194552286884,13.444303652738572,3.325212553174146e-41,4.562191622954928e-39,Lzts1,40.4781805886405,DEG
Irs4,109.83978756782606,3.66876132353582,0.39293513401485086,9.336811615825527,9.9278693683921e-21,4.2383054337938294e-19,Irs4,20.003143945949265,DEG
Akr1c13,35.25578652710159,3.6564634189461485,0.7990608005309688,4.575951437633357,4.740605125094933e-06,3.9826688496046695e-05,Akr1c13,5.324166218301469,DEG
Fut1,63.602731556776774,3.646081299900448,0.6873925248212043,5.304220177327096,1.1315567059999018e-07,1.2562047493952035e-06,Fut1,6.946323677249893,DEG
Podxl,2003.5065225333567,3.646015180921274,0.13849042335075024,26.326839738854208,9.454170774705454e-153,3.761625467839806e-149,Podxl,152.02437655711643,DEG
Gbp2b,72.25749270650014,3.643138452973051,0.5542332409833051,6.573294749534505,4.921389831307653e-11,8.710509724558225e-10,Gbp2b,10.307912232429793,DEG
Gbp2,96.61584733868692,3.6388003927216057,0.36982830714782,9.839161368648778,7.63445501000122e-23,3.722545293356967e-21,Gbp2,22.117221959864526,DEG
Lgr5,176.00939873304335,3.6204217357232196,0.33673043468782665,10.751691450401896,5.818470940852112e-27,3.845603352070163e-25,Lgr5,26.235191130332677,DEG
F5,91.88711273370433,3.568565628823819,0.48031608603940823,7.429619228973794,1.0891073869425108e-13,2.576302301526077e-12,F5,12.962929296316554,DEG
Parm1,116.1001102075356,3.561897829554795,0.3782188201311808,9.417558407906283,4.616989259068357e-21,2.0186897652726571e-19,Parm1,20.33564113578734,DEG
Igtp,128.8647367766294,3.5562190814307217,0.36310486625346666,9.793917438022683,1.1957136526892324e-22,5.704443023165369e-21,Igtp,21.92237281194161,DEG
Cyp2j13,29.274307835423237,3.5424243636376715,1.477535041071066,2.3975230807857972,0.01650634101836659,0.05114908850769236,Cyp2j13,1.7823491866794208,DEG
Thbs2,108.6985025753994,3.5404832195883444,0.3180293919015037,11.13256607642372,8.709163543132191e-29,6.464929086831037e-27,Thbs2,28.06002355406768,DEG
Arhgap22,42.804429797059555,3.5283343913343117,0.404762886111176,8.717040302863108,2.85568511428143e-18,1.0144821368484781e-16,Arhgap22,17.544289682284294,DEG
Pcsk1n,187.71242582976504,3.52687793518295,0.32592644808553023,10.821085419423895,2.7351870380906523e-27,1.844535963924591e-25,Pcsk1n,26.563012970305586,DEG
Mixl1,1898.6776267020502,3.490252013478552,0.3167725735512215,11.018163518232063,3.1236691848261755e-28,2.2114688527733782e-26,Mixl1,27.50533496673202,DEG
Dapk2,83.67968896151245,3.4824121952146387,0.3398772560764535,10.24608776537636,1.2323083391973134e-24,6.925294378528631e-23,Dapk2,23.90928061257942,DEG
Sptb,393.66585244574935,3.481690615976019,0.23000501531885603,15.13745520352828,9.16937234581941e-52,2.280193668096642e-49,Sptb,51.03766039127397,DEG
Gm35066,10.417508024789985,3.472645322753939,1.1137205912120087,3.1180579313657346,0.0018204701654270779,0.00797192020052967,Gm35066,2.7398164340585525,DEG
Car2,5675.9868088060975,3.4641269723030885,0.141339150234284,24.509323613174026,1.1749874900358085e-132,3.339314446681768e-129,Car2,131.92996675725382,DEG
Hnf1b,46.54316636290428,3.4618878332125647,0.528878775858961,6.545711401615717,5.9212831077453e-11,1.0396999659795675e-09,Hnf1b,10.227584173980956,DEG
Arid3c,25.329089398069634,3.4264816203832575,0.5097384166327472,6.7220392039863555,1.7919871950518416e-11,3.3600182147371663e-10,Arid3c,10.746665097987618,DEG
Cobll1,142.2562966994833,3.425081418200065,0.2383860926000569,14.367790422851401,8.241904187121596e-47,1.6396444189859703e-44,Cobll1,46.08397243849455,DEG
Rsad2,17.448503690932267,3.4220051963834486,0.7801614409908126,4.386278296499079,1.153065765058585e-05,8.971095162329092e-05,Rsad2,4.938145922030946,DEG
Tacr1,13.489874737152894,3.4204330567757504,1.2329159722474679,2.774262913100788,0.005532694506127153,0.020489096147597464,Tacr1,2.25706330917606,DEG
Cdh9,41.07052179557117,3.4092104326791337,0.9076147270057967,3.756230844695582,0.00017249159662036968,0.0010274095278939026,Cdh9,3.7632320578678073,DEG
Rassf6,85.448932016106,3.394174429816431,0.4390319350649072,7.7310422288862215,1.066696284047632e-14,2.7488155278294807e-13,Rassf6,13.971959217818615,DEG
Mapk15,15.214862316062627,3.370776212962655,0.760920527163463,4.429866316694247,9.429152053404063e-06,7.482391342258494e-05,Mapk15,5.025527360824229,DEG
Six3os1,17.840551083984977,3.3659474202465542,0.8632198974364449,3.8992931352053017,9.647392059882251e-05,0.0006133755757088447,Six3os1,4.015590071845424,DEG
Dnah6,17.79485106493445,3.343473541445733,0.7940433818081334,4.2106937958883774,2.545876225260966e-05,0.00018403946811534035,Dnah6,4.594162714583721,DEG
Clic5,86.81918661999798,3.339487158415376,0.3975004089874859,8.401216911755453,4.418753114816485e-17,1.4110220620571294e-15,Clic5,16.35470026272106,DEG
Gm19938,11.051866079968308,3.3350361532661417,1.0431859575704139,3.1969718620766905,0.0013887847316814937,0.00632954947355593,Gm19938,2.857365066780865,DEG
Brinp1,39.89220697631157,3.328189309797944,0.6569938814077595,5.06578433069504,4.067221933567655e-07,4.1303375776618134e-06,Brinp1,6.390702129072163,DEG
Serpinb9b,106.07342565677611,3.3231132955853186,0.30863425194707805,10.76715651169896,4.919607856814834e-27,3.273266846270044e-25,Serpinb9b,26.308069513575894,DEG
Ptger4,121.62997554752667,3.320157940900329,0.2907098266209085,11.420865883663032,3.289401823957767e-30,2.7380485307872728e-28,Ptger4,29.482883071099803,DEG
Cfap45,33.284086452944145,3.314772511448088,0.4735009023540781,7.000562184714364,2.5493744707645427e-12,5.18051641689375e-11,Cfap45,11.593566367495853,DEG
Krt18,1759.3811222640654,3.3100195552920284,0.19379946800419975,17.07961115362968,2.1051707039154347e-65,9.971491900879444e-63,Krt18,64.67671268236386,DEG
Cldn7,1126.7125521198702,3.3063577534937107,0.19393456109092275,17.048832012688983,3.565877556291527e-65,1.6497573977875265e-62,Cldn7,64.44783357353865,DEG
Cldn6,3651.340485810696,3.3041708230456104,0.16416889601448412,20.126655555715583,4.31128680727746e-90,3.8985790792717174e-87,Cldn6,89.3653930848532,DEG
Ppp4r4,526.1760964831653,3.2965730866690666,0.311991125509445,10.566239925209885,4.2728424388579846e-26,2.6155054608812536e-24,Ppp4r4,25.369283121504395,DEG
Gm36543,40.276349126355214,3.2539456787238317,0.5189650448916204,6.270067147592529,3.6089244033953117e-10,5.71712033855783e-09,Gm36543,9.44262221506771,DEG
Nrp1,237.5671602980748,3.2512848167307054,0.3309099733294332,9.825285058706678,8.762577081825077e-23,4.262168911144941e-21,Nrp1,22.057368148647075,DEG
Krt8,2319.0046654356315,3.2458441047024156,0.21051902860929353,15.418293187768992,1.2332072224767807e-53,3.504774926279011e-51,Krt8,52.90896394042248,DEG
Hs3st6,23.71675677538492,3.244149210213069,0.5660742972576721,5.730960098222513,9.986375864930889e-09,1.305315121267642e-07,Hs3st6,8.000592092096905,DEG
Mak,94.33379104152178,3.2440931221277545,0.3036866282106488,10.682370643851748,1.2308757740174297e-26,7.924609271295388e-25,Mak,25.90978577597293,DEG
Cfap126,45.48674834163988,3.239627546541275,0.3691166818776873,8.776703155385368,1.6833654853947356e-18,6.088885993898704e-17,Cfap126,17.773821581553776,DEG
Elfn1,39.16250185491374,3.2272746890600055,0.48388736362304163,6.669475030090101,2.5672005288994492e-11,4.733261104905064e-10,Elfn1,10.590540206438382,DEG
Galnt3,682.8370236178918,3.2190075451132114,0.2299336024803187,13.999726487948818,1.5647175656462602e-44,2.660554807774932e-42,Galnt3,43.805564041983864,DEG
2410004P03Rik,82.27775210305583,3.2100955887219413,0.3548673304287934,9.045903393933495,1.4843266605878428e-19,5.84736526450189e-18,2410004P03Rik,18.828470511941724,DEG
Sertad4,110.12481416510492,3.2096372193991436,0.38170306868212933,8.408727837794858,4.144816326343413e-17,1.3299512257463847e-15,Sertad4,16.38249471004083,DEG
Myo3a,14.789780763152319,3.2053247450197198,0.920881445643951,3.4807137880580385,0.0005000795544787218,0.0026241852954945145,Myo3a,3.3009609010183847,DEG
Foxa1,89.94930308907878,3.177485993505647,0.366141447522005,8.678301828461201,4.017217678515154e-18,1.4094978570790207e-16,Foxa1,17.396074634781492,DEG
Igfbp2,5817.378941261885,3.1615718532383816,0.09223333679548214,34.27797326956564,1.6711292035284823e-257,1.6622722187497814e-253,Igfbp2,256.7769899712854,DEG
Fa2h,12.973034759505637,3.134778757374662,1.255328420320268,2.497178193874473,0.012518603199600275,0.04075357421908818,Fa2h,1.9024441261213982,DEG
Atp6v0a4,18.276500149372946,3.1347678318157617,1.0398472929241283,3.014642489476085,0.0025728232759159096,0.010721354472365125,Atp6v0a4,2.589590043921959,DEG
Samd9l,70.32085380632863,3.1342402331049812,0.490511301189897,6.3897411242143605,1.6616682377841797e-10,2.7433384168031928e-09,Samd9l,9.779455681443697,DEG
Hrc,31.046830166262666,3.132877393628068,0.47603016770104145,6.581258092860181,4.664840056675139e-11,8.323078752241724e-10,Hrc,10.331163242312813,DEG
Nog,135.56855534165746,3.1296735208470303,0.7640611808018329,4.096103295763095,4.201625135351633e-05,0.0002901589673042529,Nog,4.376582697506108,DEG
Cyp2s1,73.10757430721624,3.128525860039405,0.3458941360257091,9.044749633474192,1.5000853291590236e-19,5.897766311914944e-18,Cyp2s1,18.823884036325047,DEG
Prss12,29.174503156275698,3.1284617556847256,0.5690048817361527,5.498128146351109,3.8384395578987106e-08,4.5918169912710135e-07,Prss12,7.415845293634113,DEG
Cacna2d2,57.187013262904244,3.113674928456333,0.39984729990638207,7.787160071320605,6.853210705309688e-15,1.7939180759398807e-13,Cacna2d2,14.164105915381414,DEG
Ptger3,26.423250836382604,3.0972312398878716,0.5702750734301337,5.431118041436409,5.600207391939761e-08,6.503825210464076e-07,Ptger3,7.251795889510363,DEG
Sox18,41.508536739498915,3.0888775822408663,0.6379292890892597,4.842037566029779,1.2851445967750667e-06,1.2054062521566797e-05,Sox18,5.891048005368814,DEG
Gbp4,38.9366439559508,3.0845097777666193,0.4791162681571081,6.437914933740406,1.2112584761855833e-10,2.0403705440504652e-09,Gbp4,9.916763170809912,DEG
Thpo,66.19327192011357,3.0753448418438953,0.31704862353247126,9.699915450126301,3.0174858035715014e-22,1.4058515825820012e-20,Thpo,21.52035476446013,DEG
Tll1,27.34820273838957,3.0613877065018573,0.5838223050068531,5.243697748865422,1.5738995204146774e-07,1.705400711281568e-06,Tll1,6.803022996959395,DEG
Fam183b,24.12743813777121,3.0588773494543378,0.5316367146565318,5.753698465747517,8.731183520692177e-09,1.15876027325317e-07,Fam183b,8.058926883251145,DEG
Necab3,142.55994220453496,3.0579046676691735,0.2527811846366091,12.097042238587214,1.0948526489482343e-33,1.1227318865039265e-31,Necab3,32.960644326536006,DEG
Kdr,157.10610816989808,3.0525242221480595,0.5876074116043325,5.194836147171485,2.049002266783657e-07,2.1809979184266495e-06,Kdr,6.688457561144394,DEG
Kcnj5,12.893061426012475,3.0493870680699016,1.1590041943285243,2.631040580346287,0.00851238710623316,0.02945650184230344,Kcnj5,2.0699486347813725,DEG
Prdm1,217.76214470412935,3.0481969818036703,0.3733161443053556,8.165189286082372,3.209315786554708e-16,9.33422927744435e-15,Prdm1,15.493587547594224,DEG
Lpo,31.97076874198125,3.0451495395216455,0.43697992276570674,6.968625744286991,3.2005184719110238e-12,6.431425705070496e-11,Lpo,11.494779661914253,DEG
Tdrd5,524.6379019900368,3.0355878344421505,0.15759448553341462,19.262018110389516,1.1192993812619611e-82,8.564362265702098e-80,Tdrd5,81.9510537363133,DEG
Fst,6278.933404499113,3.0349021156368465,0.24458433616392705,12.408407517980926,2.3528596533716005e-35,2.6004327746763678e-33,Fst,34.62840397744961,DEG
Vwa3a,11.034662410928181,3.0329835827310965,0.9666810947495397,3.137522394101357,0.0017038225801309249,0.007542466935719764,Vwa3a,2.7685756305093046,DEG
Gad2,54.31300055815753,3.0287126674482594,0.5832739822276322,5.192607179015667,2.073694187325427e-07,2.206100115649842e-06,Gad2,6.683255289677783,DEG
Hcrtr2,33.46970430974583,3.025119370006216,0.5664152634927972,5.3408154140335675,9.252943448503136e-08,1.0394017897488504e-06,Hcrtr2,7.0337200921152645,DEG
Plxna4,18.833816740515683,3.0219429591609823,0.8330414866425125,3.6276019953587313,0.0002860657818505772,0.0016053575921397413,Plxna4,3.5435340878159693,DEG
Galnt6,19.10757021931618,3.011996274489437,0.6226616552789772,4.837292049307168,1.3161996904976688e-06,1.2316310744478186e-05,Galnt6,5.88067821565969,DEG
Ankrd34a,25.698841384625453,3.001508052888063,0.8226732525036384,3.6484813913100798,0.0002637950061382771,0.0014925875574843244,Ankrd34a,3.578733430272285,DEG
Lrrn4,572.1273266178139,2.9860676760802027,0.16479144126617043,18.120283754646696,2.2045514608597908e-73,1.3290105079498388e-70,Lrrn4,72.65667975898027,DEG
Thsd7a,104.9650321435471,2.975665058693987,0.3921049930524954,7.588949672710752,3.225089844947985e-14,8.009979697302773e-13,Thsd7a,13.491458182231309,DEG
Eras,259.66793491354844,2.9409325633708816,0.2429695333664755,12.104120720909556,1.004398439569883e-33,1.040703258166836e-31,Eras,32.99809397067707,DEG
Lbh,340.0167958577161,2.936368504647278,0.26836274084584216,10.94178907024221,7.274993362676015e-28,5.078200630072865e-26,Lbh,27.13816739856948,DEG
Cass4,108.22253077890734,2.9363464524523835,0.30377902404218715,9.66606059029474,4.202441264711537e-22,1.939753283530657e-20,Cass4,21.376498347749273,DEG
Dmkn,14.796590829131587,2.9286040378951994,0.5321027158235538,5.503832156470949,3.716233673106415e-08,4.4563443455563005e-07,Dmkn,7.429896985811323,DEG
Calca,652.6098129631768,2.919315043893832,0.21895434348340806,13.332985303920458,1.488210589693789e-40,2.0140449980522611e-38,Calca,39.82733560946839,DEG
Klhl14,55.01223662387819,2.9133995130044528,0.47481160026965424,6.135906349697184,8.467503049061634e-10,1.2713396653436389e-08,Klhl14,9.072244638298283,DEG
Trp73,375.6865478759427,2.912696495317962,0.203213246314595,14.333201935117991,1.3571619016989668e-46,2.5960941223460815e-44,Trp73,45.86736834038718,DEG
Loxl4,15.569637182515663,2.912120386713051,0.6143517464474424,4.740151555770311,2.1355841801629083e-06,1.924153608702939e-05,Loxl4,5.670483304939714,DEG
Gm16233,166.86258377377175,2.903375937491672,0.2924817375488319,9.9266913613946,3.18653798570808e-23,1.6089590529867143e-21,Gm16233,22.49668090006656,DEG
Cpm,337.2747986111686,2.8930169117798235,0.3102714718776597,9.324147316130123,1.1187953894664875e-20,4.766020444977795e-19,Cpm,19.95124933201573,DEG
Lrrc6,10.940094753851943,2.88963121299713,0.8237269207535759,3.5079965704575837,0.0004514948703046876,0.002395849279765659,Lrrc6,3.34534717959416,DEG
Ap1s3,244.32142784038552,2.8823393398355517,0.22542990731171636,12.785966929622859,1.9640479123144606e-37,2.2716726260223186e-35,Ap1s3,36.70684792194623,DEG
Pkdcc,148.7800795984062,2.870242559456307,0.34769363440959483,8.255090905906732,1.5178666482000921e-16,4.561395634334235e-15,Pkdcc,15.818766381599158,DEG
Pou6f1,70.72770890634594,2.863238496557468,0.3476318057493574,8.236411194842924,1.7745329209666886e-16,5.3006843738305255e-15,Pou6f1,15.750915939251554,DEG
Bcl11b,72.29858342574062,2.8627774333618587,0.377651507081727,7.580474007594332,3.4429473980911394e-14,8.519153673833972e-13,Bcl11b,13.463069612466185,DEG
Lrriq1,23.426991553075844,2.860146112199941,0.4300130744131674,6.65130034965365,2.9051474101086218e-11,5.326728348083035e-10,Lrriq1,10.536831826174677,DEG
Coch,89.4483157766853,2.859254979686862,0.3542548207688108,8.07118156778121,6.962109239352224e-16,1.95904103546921e-14,Coch,15.157259166677171,DEG
Cbx3-ps8,11.102834285182743,2.8582276827445496,0.6846408086546301,4.174784276095342,2.9826855591169262e-05,0.00021252702905828126,Cbx3-ps8,4.5253925284476475,DEG
Hhex,29.678354041416693,2.856997398802381,0.36847472366621564,7.753577695577306,8.933908667862523e-15,2.3142080603965757e-13,Hhex,14.048958491672337,DEG
Rgs11,73.01446415738876,2.8451424493886033,0.3500449222096322,8.127935213083097,4.3666447971833486e-16,1.2589859651473265e-14,Rgs11,15.359852134137114,DEG
Cer1,923.8301875004659,2.842876424765636,1.015997096688687,2.798114713153285,0.005140185350446414,0.019286844089358917,Cer1,2.28902122045516,DEG
Ablim1,790.674776849305,2.835104810778496,0.17574924240444448,16.131533609995238,1.5316922940833037e-58,5.441336874730937e-56,Ablim1,57.81482847256498,DEG
Atp1b2,563.1544249376465,2.828717224772033,0.2052741506206213,13.780192080784417,3.3537866098073473e-43,5.253561481536013e-41,Atp1b2,42.47446457355205,DEG
Ccdc65,20.988530859308156,2.819517140309457,0.48910350378867223,5.764663549676166,8.182090025658187e-09,1.0924463018150602e-07,Ccdc65,8.087135746368874,DEG
Ror1,807.1354782293074,2.8190867606830032,0.20706552812862022,13.614466812321883,3.2853464454554595e-42,4.877513595962009e-40,Ror1,41.48341882658633,DEG
Apln,1564.7950765208843,2.8182343001761003,0.3006416398651455,9.37406508772449,6.9791525923965e-21,3.011784418072364e-19,Apln,20.15619730614302,DEG
Dgkk,132.53128529119698,2.817465674867735,0.2955975795881924,9.531423358719133,1.5514130477091823e-21,6.967000264362635e-20,Dgkk,20.809272560368775,DEG
Abi3,12.035553805895235,2.8076400118594256,0.7373443540177091,3.8077731206062686,0.00014022383148599383,0.0008532970825765117,Abi3,3.853178170368539,DEG
Mx2,10.798873806869183,2.8055491648200026,0.762701473326013,3.6784367972772807,0.00023466782485216965,0.0013469364418952864,Mx2,3.6295464521443184,DEG
Gata4,141.86169577461803,2.7994848187610417,0.2726027175774323,10.2694677574733,9.67368768383184e-25,5.467282465402006e-23,Gata4,24.014407937970713,DEG
Krt222,21.348101965097413,2.796893928095028,0.5164122938982854,5.416009574407838,6.094383900867217e-08,7.036661249207917e-07,Krt222,7.215070191928759,DEG
Pnpla3,38.27621241402525,2.7821555879577553,0.3766784729633706,7.386022264745406,1.512864715576503e-13,3.520108848149585e-12,Pnpla3,12.820199906018765,DEG
Kcnj3,1366.5745194387503,2.781679187650778,0.20628936987584193,13.484355443641958,1.9334778417931804e-41,2.7474720131881092e-39,Kcnj3,40.713660800700865,DEG
Hsd11b2,413.3453643973944,2.7769808086592462,0.24226674560349465,11.462492723636887,2.035700875328056e-30,1.7456135005938081e-28,Hsd11b2,29.691286036619303,DEG
Kcnc1,14.762474101906761,2.7683272232230864,0.6238612175893957,4.437408746002713,9.104830047214033e-06,7.248158821899799e-05,Kcnc1,5.04072815643095,DEG
Clca4a,86.41687336821612,2.7649662572124796,0.37927661102297006,7.290104838668856,3.0971392254360336e-13,6.9921938188307276e-12,Clca4a,12.50903927140151,DEG
Prr18,20.033047313957415,2.7648140592620893,0.7116443062182811,3.885106696004456,0.00010228495738388011,0.0006459863308555272,Prr18,3.99018823144459,DEG
Iigp1,25.99736881795886,2.75957562779074,0.6933237846158407,3.9802119716977193,6.885384458323131e-05,0.00045132730943617916,Iigp1,4.162071805085099,DEG
Mup6,373.340445613786,2.758657543859221,0.2403619861623639,11.477095808302046,1.7195992581462268e-30,1.500425773752677e-28,Mup6,29.76457275091434,DEG
Ak7,80.07690475034732,2.751111522386515,0.600517541966336,4.581234235686553,4.622397557201679e-06,3.89487407890598e-05,Ak7,5.335132705011412,DEG
Tmem139,20.371038584704348,2.7493754294580066,0.5711626491300835,4.813647099728033,1.4820042113257912e-06,1.3725787607130024e-05,Tmem139,5.829150562245386,DEG
Calcr,564.625554372601,2.74021780680142,0.295434292608792,9.2752191446846,1.7725428627596922e-20,7.455172877746579e-19,Calcr,19.751403254122362,DEG
Emb,10987.557461657647,2.739157573631059,0.11180181431278323,24.50011737705645,1.4728925596171743e-132,3.662715572628008e-129,Emb,131.83182893168228,DEG
Unc5a,19.191733986453322,2.738397074312603,0.8083169865474211,3.387776231214895,0.0007046172491075767,0.003543249499481452,Unc5a,3.1520467294480703,DEG
Rasal1,64.6858484512885,2.729431300488236,0.3703065105127803,7.3707353854207645,1.6968936512231892e-13,3.924413689170688e-12,Rasal1,12.770345375203961,DEG
Kif26a,142.5232975746638,2.7229870770047615,0.2754978875483227,9.88387642909656,4.890368344299953e-23,2.4444469306910368e-21,Kif26a,22.310658428428063,DEG
Irgm1,36.35141566625315,2.716041664031892,0.3876555585028741,7.0063271490837025,2.446554801421231e-12,4.9919755096896384e-11,Irgm1,11.611445051848337,DEG
Nrcam,981.7897476902463,2.7153968107896778,0.19875105829355755,13.662301142462377,1.705091115727671e-42,2.6093140504835606e-40,Nrcam,41.768252408460086,DEG
Gm17055,24.76774740496829,2.705054257734233,0.5418674937261959,4.992095464396115,5.972771898840768e-07,5.914500953486224e-06,Gm17055,6.223824070715236,DEG
Bmper,56.689472992025806,2.7049748613129654,0.4112387773915366,6.577625968228147,4.780188440575752e-11,8.483235400251027e-10,Bmper,10.320554982657942,DEG
Bace2,13.49821535966881,2.7040337661575506,0.6366453521451954,4.247315647630551,2.163470543878951e-05,0.00015870237094368678,Bace2,4.664849013438641,DEG
Vrtn,1761.1572025732885,2.702036962651284,0.1372222739659434,19.690950197501397,2.578080128871383e-86,2.137013586823637e-83,Vrtn,85.58870358853969,DEG
L1td1,3341.2076380719777,2.699726968751883,0.17788572217094367,15.176749071280232,5.041568896060389e-52,1.2695819192180429e-49,L1td1,51.29743429353992,DEG
Igfbp3,3286.81659103143,2.699328217904824,0.15541566004772173,17.368444190733236,1.4305230427841397e-67,7.489164582407282e-65,Igfbp3,66.84450514221146,DEG
Kif9,24.052662259116964,2.6967322540004575,0.5610798467512271,4.806325284387092,1.5372970477950165e-06,1.4198230022671336e-05,Kif9,5.813242206830983,DEG
AI838599,16.448077163957837,2.6956003515220623,0.5720834460823442,4.711900632646631,2.454170478129964e-06,2.1854640775254032e-05,AI838599,5.610095272440487,DEG
Tmem200a,357.1092153390766,2.694337521033613,0.2265270318923592,11.894110378464255,1.269990659965897e-32,1.2384899112432133e-30,Tmem200a,31.896199473012693,DEG
Rin3,62.42329279283303,2.693193508210362,0.40530497111346053,6.644856836597825,3.035119379149548e-11,5.530123953824933e-10,Rin3,10.517824222319769,DEG
Cpn1,72.55001743654283,2.677994544087168,0.6621218430043179,4.0445645652407585,5.2420460925210884e-05,0.00035389065756487645,Cpn1,4.280499164686717,DEG
Upp1,1524.883658230886,2.6720304461859636,0.2216105734212989,12.057323822298976,1.7745581560483145e-33,1.801176528389039e-31,Upp1,32.7509097633285,DEG
Fgf14,79.66070291332102,2.671828850531058,0.45250083518580186,5.904583246645226,3.5353931788171212e-09,4.92873944634813e-08,Fgf14,8.451562280340834,DEG
Fam89a,28.548202688589164,2.671453761788054,0.5560571601327312,4.804279044173041,1.553101041617182e-06,1.4330886884013086e-05,Fam89a,5.80880028903041,DEG
Kcnh8,65.27989286045502,2.6587442392411487,0.38890184369832964,6.83654315947016,8.112692503729934e-12,1.585401814039325e-10,Kcnh8,11.090834984821374,DEG
Slc46a3,335.98259740615396,2.6583549038548493,0.2182814577026349,12.178564921791613,4.043337003297279e-34,4.371638388238917e-32,Slc46a3,33.393260059662396,DEG
Ccdc154,10.383953676022188,2.654399970182742,1.1919131303369168,2.2270079107463356,0.025946745095325855,0.07373011668710364,Ccdc154,1.5859171147249465,DEG
Trpc3,19.0009173790192,2.6330939292591475,0.5354395294321489,4.917630814541522,8.759791812520883e-07,8.476035910422686e-06,Trpc3,6.057506215264315,DEG
Sema3f,57.355305042951656,2.6146114019987445,0.466251198209214,5.607731223085304,2.0499604517102743e-08,2.550463616405516e-07,Sema3f,7.688254517368477,DEG
Slc7a8,97.86766467377959,2.607241824975293,0.3210622276262024,8.120674438261176,4.63600109172719e-16,1.3308601113826942e-14,Slc7a8,15.333856470436864,DEG
Spata17,10.539931600947721,2.5942477291594903,0.7677234594653625,3.3791434886802953,0.0007271204666695379,0.003646416577747362,Spata17,3.1383936308525637,DEG
Sgk1,1874.3839791116761,2.5831347848165516,0.18294182828504058,14.119979061277252,2.8607631471522285e-45,5.0364621282695965e-43,Sgk1,44.54351809750509,DEG
Dmrtc2,13.475330519938053,2.578925659739303,0.8428484515621228,3.0597738596536073,0.0022150417308201983,0.009417832911506096,Dmrtc2,2.6546180873667735,DEG
Cadps2,26.059792964018303,2.577159217572869,0.4617657501115669,5.581096512572021,2.3900696578368548e-08,2.945975574535712e-07,Cadps2,7.621589441489804,DEG
Frmpd2,11.54330759583267,2.5756140002420205,1.0410648405420395,2.4740188122201925,0.01336026615032028,0.04306369649942833,Frmpd2,1.874184890179026,DEG
Atp2a3,170.8173216362842,2.572117834458595,0.23382583704203264,11.00014381214951,3.8152297277929336e-28,2.691495751940164e-26,Atp2a3,27.41847930659271,DEG
Esrp1,1525.2027376288547,2.566974704105665,0.12804907448977126,20.046804042388594,2.1523558321286567e-89,1.8616942141029347e-86,Esrp1,88.66708592856553,DEG
Efhb,16.41070034354862,2.563108892322035,0.6159634639599089,4.161137863347134,3.166658390045235e-05,0.00022435007838874607,Efhb,4.4993987845347245,DEG
Arhgap6,24.50568245054723,2.5621424949173437,0.5324769275796126,4.811743687306091,1.4961915845898514e-06,1.3844295527363027e-05,Arhgap6,5.8250127922985,DEG
Cldn3,178.4200950749984,2.5570089898592077,0.22756029268506212,11.236621994497282,2.6949835779182985e-29,2.0942970038713526e-27,Cldn3,28.56944387687472,DEG
Myb,181.13752222590483,2.5504577576334473,0.38557878306821214,6.61462162761754,3.725032814047841e-11,6.718567797159361e-10,Myb,10.42886989717149,DEG
Ephx4,20.949299482477212,2.5458931675908647,0.7319661391879293,3.478157022967448,0.0005048740783373821,0.0026438444102247645,Ephx4,3.296816926638701,DEG
Tinagl1,37.36224845851461,2.538487706850706,0.46262953698484277,5.487085246210458,4.0861997062755534e-08,4.858987265788754e-07,Tinagl1,7.3886804117579,DEG
Per2,122.54442001363795,2.5359060789683276,0.24837933175489055,10.209811182964486,1.792132397741208e-24,9.876089174699057e-23,Per2,23.746629909024108,DEG
H2-M3,25.33485981157818,2.5355034808434103,0.41177930270016566,6.157433033222702,7.393348936119868e-10,1.1176541317262056e-08,H2-M3,9.13115879637853,DEG
Spta1,193.60441935390648,2.533130076132034,0.44033480843725875,5.7527363896623855,8.781035519705155e-09,1.1638235884677838e-07,Spta1,8.056454266101214,DEG
Gpr37,12.589550627389123,2.532919424720632,0.9437400710545994,2.6839163689321524,0.007276530574236545,0.025843727527182635,Gpr37,2.1380756415131534,DEG
Slc16a10,446.69481814621815,2.5318385188313774,0.1657177383651451,15.278017572582872,1.0715098778212465e-52,2.76839188433453e-50,Slc16a10,51.97000382101647,DEG
Chac1,722.9329904721163,2.529727040887952,0.2376659952671116,10.644042863787917,1.858847661221927e-26,1.170250486466741e-24,Chac1,25.73075620065394,DEG
Parp10,119.21160630521615,2.5206066736739374,0.3040427231682659,8.290304228984825,1.1295917107627968e-16,3.430854579223676e-15,Parp10,15.947078503246225,DEG
Kif27,25.95081463135235,2.518122436649353,0.5616331304516748,4.483571748383569,7.3403906047389755e-06,5.945835940174153e-05,Kif27,5.134280829325183,DEG
Ndrg2,213.72774520006615,2.517447251878121,0.24953845369460656,10.08841408851181,6.2165726897544585e-24,3.2891621566482764e-22,Ndrg2,23.206448983823677,DEG
Synpo2l,41.91124733082954,2.507876727488307,0.5706593053074854,4.394700487950513,1.109255872972549e-05,8.674346044385177e-05,Synpo2l,4.954968263226401,DEG
P2rx6,12.935315646738205,2.502752702654101,0.7793044651799582,3.2115210607399276,0.0013203429223710105,0.006067660452217344,P2rx6,2.8793132582247147,DEG
Slc39a8,1029.3011345267016,2.4987173123491915,0.19306511579696545,12.942355236131508,2.595486473135899e-38,3.16776735561752e-36,Slc39a8,37.585781230186306,DEG
Il15ra,49.79380708335885,2.4949516958002502,0.4498513639587627,5.546169014236798,2.9199658282209465e-08,3.5616063878986825e-07,Il15ra,7.534622230983746,DEG
Galr2,98.11620968160216,2.4934526904703755,0.36996448789914843,6.739708193695839,1.587050393525233e-11,3.001214879162641e-10,Galr2,10.799409282897035,DEG
Map3k15,105.82181574827108,2.4843196562814795,0.28811651984795955,8.622621353306872,6.543855577065622e-18,2.252309045850233e-16,Map3k15,17.184166294112956,DEG
Cnn1,157.7496694726206,2.4827948485378353,0.30921020038458213,8.029472654685529,9.789252688588425e-16,2.7048249025941406e-14,Cnn1,15.009250460966033,DEG
Cntd1,33.44705619390465,2.480928551546931,0.43740511345086286,5.67192397906348,1.4120263777724486e-08,1.8018507222196982e-07,Cntd1,7.850157190243126,DEG
Cdh23,11.28029707135079,2.478742584551764,0.7186654834796432,3.449090907427692,0.0005624773044964663,0.0029070929511212664,Cdh23,3.2498949962935733,DEG
Grm6,34.45071672235,2.4765160027788493,0.7078795081711273,3.49849935503453,0.0004678842212151091,0.0024737835885963694,Grm6,3.329861600575625,DEG
Tapbpl,110.80071534780409,2.466681671013401,0.21328824826631695,11.565014439677151,6.198086933758174e-31,5.554267633341671e-29,Tapbpl,30.207742336682298,DEG
Gm19439,13.06679363596939,2.464780112508966,0.8624496164338801,2.857883017793572,0.004264775863310677,0.01646486532596596,Gm19439,2.370103788385139,DEG
Cebpb,24.286434596237402,2.4595256063011375,0.7167894563521447,3.4313082935372035,0.0006006775241993043,0.003078096756017858,Cebpb,3.2213586179258495,DEG
Cbln2,46.03237715308683,2.458914398982394,0.44360480378869543,5.5430292413011415,2.9728319306823122e-08,3.6216484034901356e-07,Cbln2,7.526829642978211,DEG
Htatip2,62.111265877044886,2.453036506356745,0.35039932520050127,7.000688442973166,2.5470778780271067e-12,5.18051641689375e-11,Htatip2,11.593957776088459,DEG
Cyp2b23,17.711331863107084,2.4463432640404505,0.5820280764201295,4.20313617701595,2.6324211098881042e-05,0.0001898129233784485,Cyp2b23,4.579644635167606,DEG
Krt1,10.70721580155013,2.4433017254438116,0.743442927714666,3.2864684488350564,0.001014521384471591,0.0048353829474551595,Krt1,2.99373879430818,DEG
Lcp1,84.32491500155388,2.4409575750271366,0.3919411292855999,6.227867893008131,4.728254879517652e-10,7.394960894113536e-09,Lcp1,9.32529912058185,DEG
Sez6,22.18862698597029,2.438471006446141,0.6582761540154702,3.7043283302479066,0.00021195158783554396,0.0012336351341136077,Sez6,3.6737633255660036,DEG
Tap2,45.70504549886101,2.436892470990257,0.2815571213145984,8.655055356484448,4.926724883067874e-18,1.7135011332823827e-16,Tap2,17.307441688811245,DEG
Serpinb9,134.55673566608277,2.432816319909533,0.2883030009258645,8.438400960436475,3.217083869948563e-17,1.0474740836130394e-15,Serpinb9,16.492537616816072,DEG
Wipf3,122.8875670391037,2.424579681619115,0.2990657577662958,8.10717916931766,5.180843814531406e-16,1.4808578569868933e-14,Wipf3,15.285599500071417,DEG
Cntn2,119.69486795785386,2.4143849742058587,0.3109315615896439,7.765004497653009,8.164232683569675e-15,2.1203556789417118e-13,Cntn2,14.08808462623055,DEG
Shtn1,52.41057860352299,2.4087402198227506,0.4107735321489949,5.863912913817089,4.520846511902882e-09,6.245675035263606e-08,Shtn1,8.34478023752779,DEG
Clcn2,237.11922736832435,2.4052816493027827,0.23951836632864737,10.042159547808762,9.9472176180274e-24,5.207630191922029e-22,Clcn2,23.002298380774004,DEG
Rdh10,590.3063638794192,2.4022634207362543,0.18097738575540126,13.2738320354733,3.283507308843739e-40,4.354806293475823e-38,Rdh10,39.483662012668006,DEG
Acta1,13.696332873613624,2.4014538774354928,0.7871899119558543,3.0506664795396494,0.002283340563391851,0.009662790293154111,Acta1,2.6414293080580924,DEG
Ccdc96,34.14792170447813,2.399034406582343,0.5231783747285939,4.585499941252112,4.5290140227268114e-06,3.832420458023275e-05,Ccdc96,5.343996334653,DEG
Kcns2,10.45145133198841,2.3988754069371088,1.0608464219880358,2.2612843454207012,0.023741654993075647,0.0688106766363996,Kcns2,1.624489010347386,DEG
Slc37a2,78.47140900260891,2.3974703116439016,0.31616358388800353,7.583005867282841,3.376395711778133e-14,8.364883722305626e-13,Slc37a2,13.471546659981634,DEG
Cyp7b1,107.58554087490633,2.394692176400479,0.22479423786911587,10.652818324439275,1.6916454600902612e-26,1.0751947215027365e-24,Cyp7b1,25.771690652443873,DEG
Trib3,678.898978172626,2.3938450793600525,0.21725367080085556,11.018663438623129,3.106371575493178e-28,2.207077004387903e-26,Trib3,27.50774659640707,DEG
Rbm47,496.9640098460788,2.3911100235500093,0.2568551641204811,9.309176366913261,1.2882744366336098e-20,5.4529641792317095e-19,Rbm47,19.88999161087389,DEG
Cyb561,288.68377199136484,2.3856664942352928,0.18500271948313382,12.89530500362611,4.78366757172565e-38,5.7329085946933785e-36,Cyb561,37.32023900811275,DEG
Car7,33.96302173602657,2.3847394310766123,0.451261580691361,5.2846054995930345,1.2597593376035234e-07,1.3876883866159743e-06,Car7,6.899712413877409,DEG
Vsig10,267.7604486106042,2.3767203493417117,0.19542514581939538,12.161793915396066,4.965611890800215e-34,5.311068976106423e-32,Vsig10,33.30402722764708,DEG
Upk3a,23.846292610824094,2.3708695268266684,0.6968918239245856,3.402062480048888,0.000668793460039762,0.003383768335206263,Upk3a,3.1747079824029667,DEG
Plin5,43.249710936157705,2.367277811779926,0.36598631842224943,6.468213953967335,9.916802286145706e-11,1.6963444942440471e-09,Plin5,10.003628345321786,DEG
Tapbp,431.8674923826298,2.366763163575083,0.1681292200003617,14.077048377254064,5.2559586726172324e-45,9.092351463743237e-43,Tapbp,44.27934805827416,DEG
Lhx3,12.08949594924744,2.362979501120943,1.034796280033295,2.2835214493087594,0.02239967086747776,0.06567708949706744,Lhx3,1.6497583629822825,DEG
Gm28875,19.788059409057634,2.3602712127168477,0.42657982214879586,5.533011854211797,3.1477818818917655e-08,3.8184129730704137e-07,Gm28875,7.501995368680411,DEG
Cyyr1,88.26448940299535,2.360025743489999,0.2524305101490842,9.349209578890363,8.830515622029786e-21,3.7779414577346355e-19,Cyyr1,20.054013936822844,DEG
Hand1,10.04625584495806,2.358384025799046,0.6890723656242633,3.4225491304711864,0.0006203688541166544,0.0031669535498580247,Hand1,3.2073500142511095,DEG
Doc2b,13.09275433437314,2.356337293720122,0.7696477897810242,3.06157871822192,0.0022017309057069567,0.009367244362304149,Doc2b,2.6572357613442614,DEG
Tspan17,216.51910958433655,2.3562711385612225,0.22072389581083762,10.67519730886124,1.3297472196339988e-26,8.506106491125008e-25,Tspan17,25.87623090907196,DEG
Adra2b,85.40548467880122,2.3525503461265194,0.4150566567129426,5.668022203902554,1.444552493893068e-08,1.8398160892131045e-07,Adra2b,7.840266671615658,DEG
Adgrb2,320.5661168924701,2.35110324278765,0.24451916335847598,9.615210564665757,6.8968094102372585e-22,3.132537132585845e-20,Adgrb2,21.16135177534873,DEG
BC064078,28.602190143408222,2.3499690143468226,0.5132080175865071,4.578979544002756,4.672498865109879e-06,3.930430969238728e-05,BC064078,5.330450795433684,DEG
Cthrc1,134.5980636095875,2.3487428530705126,0.25472419059352847,9.220729478412501,2.9508578254742756e-20,1.2230076162496924e-18,Cthrc1,19.530051714627266,DEG
Tbx20,33.870576429175806,2.3439254455147918,0.6750129583737673,3.4724154794920494,0.0005157973983036273,0.0026929773876284368,Tbx20,3.28752085278596,DEG
Lhx1,505.8011658781193,2.3432013242410363,0.48730318930450656,4.80850808217636,1.5206088215562031e-06,1.405715236804791e-05,Lhx1,5.8179824943556,DEG
Pdgfb,19.868363398013983,2.342181563397653,0.7976210631414841,2.9364590174848364,0.003319826831664109,0.013294008653205673,Pdgfb,2.478884569312267,DEG
Hck,199.27921472686768,2.3420886999704154,0.4166391216405512,5.621384498767773,1.894331300746688e-08,2.3731629028371922e-07,Hck,7.72254406466559,DEG
Lrrc74b,17.15904754994501,2.337094777999215,0.4968116855030852,4.704186407436468,2.548802966604837e-06,2.2606280079195998e-05,Lrrc74b,5.59366373605826,DEG
Pappa,58.61914053186723,2.3341197958503392,0.5634376923163771,4.142640486571677,3.433299250404439e-05,0.0002412647661163755,Pappa,4.464288341306165,DEG
Tmem238,216.69735580415818,2.332349590132125,0.2369063462610584,9.845027906352488,7.201923810934562e-23,3.528942667357935e-21,Tmem238,22.142551477336536,DEG
Bicc1,174.99106794657308,2.331050425547779,0.2703028615465756,8.623846644502201,6.4741806074950034e-18,2.2360650869011386e-16,Bicc1,17.188815189433846,DEG
Efhc1,51.645922677351464,2.323929112417327,0.3397893095336451,6.83932380217282,7.956785538971191e-12,1.5564630433853774e-10,Efhc1,11.099262347417943,DEG
Ovol2,41.90521434156163,2.3196602285669727,0.4530386422690219,5.120225985467967,3.0516973779824176e-07,3.1603575032577936e-06,Ovol2,6.5154585354578565,DEG
Fam160a1,38.68113994837809,2.3192514011637018,0.40168146429149315,5.7738571662860245,7.747712062970698e-09,1.0372340765864001e-07,Fam160a1,8.110826527832458,DEG
Moxd1,134.85342293918276,2.3099875357478545,0.29402814312825165,7.8563484133566925,3.954939840979437e-15,1.0490609759525988e-13,Moxd1,14.402860118216715,DEG
Sv2a,262.91019419544955,2.3092636697481064,0.20057739963470478,11.513080107498547,1.1335608388615236e-30,1.0067437200138907e-28,Sv2a,29.94555516607757,DEG
Arhgap8,293.82463306109946,2.3081681053406222,0.25676355582367105,8.989469311313503,2.484270478825829e-19,9.596519787526416e-18,Arhgap8,18.60480112143162,DEG
Fam129a,278.7161445986962,2.3048404552704476,0.27572310398057714,8.359257610246578,6.311415756743945e-17,1.989846356016863e-15,Fam129a,16.199873210268503,DEG
Ntrk2,57.9734618227601,2.3008647423194044,0.3710623734116757,6.200749273402362,5.619497725645119e-10,8.652808649689163e-09,Ntrk2,9.25030250021901,DEG
Fzd5,89.33008658975218,2.295718017121626,0.28855298131550683,7.955967069393969,1.777376745579567e-15,4.8042300239891174e-14,Fzd5,14.750220506249745,DEG
Gsc2,12.469238130038256,2.2954821810628916,0.6353902659207956,3.6127122245669314,0.00030301092838797916,0.001687125499398393,Gsc2,3.5185417079564165,DEG
Itih5,119.65103725001727,2.2899757081966254,0.423139935088324,5.411863826368996,6.237211400758686e-08,7.189054670144456e-07,Itih5,7.205009535950942,DEG
Miat,60.34275816774655,2.288039802132871,0.7377816882679867,3.1012423302403502,0.0019271051023351448,0.008365225595866327,Miat,2.715094598723146,DEG
Gck,16.932634678708506,2.282808956268725,0.6082888239371732,3.752837248419517,0.0001748443762842553,0.0010395558941419531,Gck,3.7573483318305345,DEG
Gm867,18.609764189329784,2.2798253467557985,0.6188669812587297,3.683869742280969,0.00022971966376850595,0.0013228103629640364,Gm867,3.638801828049888,DEG
Myrf,374.100875197162,2.279410854596127,0.21667038574324635,10.520177211929742,6.974228694129784e-26,4.230039806128595e-24,Myrf,25.1565038156394,DEG
Piezo2,234.67034927923652,2.2778185551487935,0.21078851405662155,10.806179669433654,3.2179384415683004e-27,2.1482438710254954e-25,Piezo2,26.49242226811235,DEG
Tmem163,12.43008028485836,2.2743320187729172,1.0856502483318717,2.0949030521270404,0.03617961149820873,0.09628949348844497,Tmem163,1.4415361009668088,DEG
Pgm1,423.5418421425108,2.2723302593509143,0.15478544260225333,14.680516598644493,8.593325758377337e-49,1.799532869864829e-46,Pgm1,48.06583872452963,DEG
Slc5a9,14.187100600346755,2.2706799361950645,0.8581194879775178,2.6461116056771745,0.008142294782165849,0.02839313100725809,Slc5a9,2.089253178553215,DEG
Scn5a,43.27138746467059,2.256880829098729,0.41561857294904614,5.430173182793294,5.6299391158918795e-08,6.53072937443458e-07,Scn5a,7.249496301733941,DEG
Jakmip1,23.02697778215616,2.256658495021843,0.463636575937907,4.867300407559019,1.1313299390821503e-06,1.0717465622904903e-05,Jakmip1,5.94641071971983,DEG
Klhl6,40.82238348215761,2.2539227726438256,0.5283675792744147,4.265823379509857,1.9916629882613895e-05,0.00014702094058802257,Klhl6,4.700784147197858,DEG
Cdh22,12.059798885867048,2.234120556661252,0.6445729492894113,3.466047650811574,0.0005281696635031821,0.0027499103077027755,Cdh22,3.277226546997945,DEG
Folh1,14.474384125045969,2.233191541594125,1.032164785114994,2.1635998183616816,0.03049507549550242,0.0840844119067949,Folh1,1.5157702871385634,DEG
Fam169b,120.65263335668376,2.2308171506291132,0.3499679768172987,6.374346507119749,1.8374473473044593e-10,3.0135348332460774e-09,Fam169b,9.73578509692554,DEG
Fam20c,97.04990766612492,2.2287566379386616,0.2699136562317687,8.25729482922079,1.490110357900902e-16,4.484758768544711e-15,Fam20c,15.826781566451766,DEG
Serpinb6c,39.56302016393435,2.2275509554051056,0.9987985864929562,2.2302303843126383,0.02573215208837175,0.07322492256416357,Serpinb6c,1.589523890392087,DEG
Rab25,235.41510553772972,2.220763580970653,0.3095185116328394,7.174897453645657,7.236140414272509e-13,1.564736710886275e-11,Rab25,12.140493014428024,DEG
Tmem221,19.597880573497054,2.220522996936542,0.5409124890374765,4.105142776214761,4.040652398264931e-05,0.00027987895682074466,Tmem221,4.393548508629011,DEG
Dtx1,724.290577382618,2.2133416291416443,0.14427517378593238,15.341112202891399,4.061757204909029e-53,1.0919540247900028e-50,Dtx1,52.391286040488005,DEG
Tmem88,410.3601968476939,2.212806795432796,0.16213727186863333,13.647736698232185,2.0824639124635142e-42,3.1385255359506936e-40,Tmem88,41.68142251585335,DEG
Parp14,22.695455452547794,2.2106624094526635,0.6131239364954786,3.6055718556487406,0.00031146629029214074,0.0017269538403210279,Parp14,3.5065889497506055,DEG
Dmrt3,25.21165216025581,2.2085900517384145,0.6924115213601222,3.1897072529931663,0.0014241697979139383,0.006471547272658723,Dmrt3,2.84643822846539,DEG
Bmp2,86.82452726156879,2.208239420617118,0.3958061174750886,5.57909371058698,2.4177496789571368e-08,2.9764054525478516e-07,Bmp2,7.616588665706518,DEG
Acss1,223.20570848462475,2.2080782993905586,0.24889986593690452,8.87135190321999,7.22632041169034e-19,2.717588247073112e-17,Acss1,18.14108278592548,DEG
Psmb8,48.01369372003193,2.2029110907531337,0.3545317555937673,6.213579054614483,5.17911569625041e-10,8.043194977455554e-09,Psmb8,9.28574438717058,DEG
Gch1,64.18040376586502,2.196144438921269,0.3691350768446253,5.9494330847503285,2.6907281588208374e-09,3.799101915655198e-08,Gch1,8.570130176293308,DEG
Kcnab3,53.181151188602456,2.1961191131051696,0.36093036398153633,6.084606151943243,1.167780116776438e-09,1.7221510484173803e-08,Kcnab3,8.932638923542505,DEG
Vwf,15.316297471500699,2.1949401704349554,0.786697733075866,2.7900679996281164,0.005269697252810778,0.019691088870664467,Vwf,2.278214334542759,DEG
Cfap69,63.36457286594973,2.194837157629744,0.3663063104545213,5.991808208016781,2.0752057984087384e-09,2.9636858688832336e-08,Cfap69,8.682938827780138,DEG
Tcf24,11.597647040778462,2.194466129231589,0.8137229883221928,2.696822088996572,0.00700046606925042,0.025061592942535155,Tcf24,2.1548730450478097,DEG
Mdfi,400.7076158662979,2.191792483507655,0.19671708352154146,11.1418512529322,7.847099924594887e-29,5.846824191007142e-27,Mdfi,28.10529081707041,DEG
Dnd1,201.28775276098654,2.1878868018365862,0.15682931077222032,13.950751878354449,3.1130613808117114e-44,5.1606236316449056e-42,Dnd1,43.50681231616778,DEG
Gm5602,14.335580725659254,2.187567418949276,0.6362909362650515,3.437998711391402,0.0005860304873259461,0.0030117516184092925,Gm5602,3.23207978989827,DEG
Chmp4c,401.1232135632984,2.1875632928764737,0.12806504897737095,17.081657410391617,2.0326212223627775e-65,9.862674779923195e-63,Chmp4c,64.69194354431528,DEG
Tmem184a,47.22064443217014,2.187389950073813,0.3914926048173833,5.5873084782639735,2.306158671658404e-08,2.84784113060039e-07,Tmem184a,7.637110815057367,DEG
Stk32a,16.84828538044525,2.1815165858330556,0.8110356155216092,2.68979135328112,0.007149670534310377,0.025481108135000114,Stk32a,2.1457139705664297,DEG
Crb3,470.8407020832904,2.1771506904563758,0.22497373738830487,9.677354858085554,3.763264197155783e-22,1.7451370148768564e-20,Crb3,21.4244352912897,DEG
Dusp5,149.88530692741904,2.1770017306965666,0.4154844386642782,5.239670919313631,1.6086319635727415e-07,1.7383011560736621e-06,Dusp5,6.793543306101369,DEG
Penk,125.34348857533091,2.174011399210572,0.26169814593698454,8.307324423055185,9.788406125778706e-17,2.995854637942178e-15,Penk,16.009288019855028,DEG
Rgs17,114.16637021837039,2.1730702603472243,0.28765070424605405,7.554545246266451,4.203258304924002e-14,1.0272680677906401e-12,Rgs17,13.37641392025958,DEG
Gm27217,11.7358237267706,2.168428070911594,0.6305469864828644,3.438963498988228,0.0005839459625961199,0.0030049200672237998,Gm27217,3.233627339928936,DEG
Smoc2,237.64813910151906,2.1659896807110197,0.26509287862053393,8.170682260429622,3.0665029072498187e-16,8.958151077360923e-15,Smoc2,15.513356619236083,DEG
Pacsin1,122.15208230233544,2.165826064103331,0.224817997984413,9.63368628633323,5.762434127816797e-22,2.6414254502024737e-20,Pacsin1,21.239394026129702,DEG
Gipc2,19.38966434699733,2.164607123639392,0.48322133636542497,4.479535485582238,7.480565369470261e-06,6.042158646376021e-05,Gipc2,5.126065577595125,DEG
Igdcc4,842.1404591800431,2.160444299939345,0.15109886262860994,14.298216825427474,2.2448818357829085e-46,4.2533027848633507e-44,Igdcc4,45.64880651408963,DEG
1700003M07Rik,28.99763527762017,2.1552136421841728,0.3730825698430057,5.776773873652402,7.614651199856354e-09,1.0207942787731961e-07,1700003M07Rik,8.118349985361037,DEG
Snta1,100.1439335050965,2.150402390308627,0.38994916293450743,5.51457111518352,3.4963151289282866e-08,4.2053018848185816e-07,Snta1,7.456389430560861,DEG
Gclm,2457.4582556668893,2.1494671780061885,0.2904294900209686,7.400994912228093,1.3516791184427173e-13,3.1561390120069743e-12,Gclm,12.869126395398588,DEG
Gm30414,13.27193425395661,2.147819830027841,0.7998099150828147,2.685412858135735,0.007244026212233077,0.02575279797465419,Gm30414,2.1400199868770864,DEG
Zfp36,182.39778340298977,2.1469161346752106,0.2841622165680216,7.555248409182122,4.180611893684055e-14,1.022990073960032e-12,Zfp36,13.378760148224503,DEG
Trim66,14.55367545800549,2.1458980031678423,1.0006444777013088,2.1445159104834337,0.0319915719816004,0.08739179931357105,Trim66,1.4949644193044105,DEG
Gng3,1606.7481239300396,2.145786921365482,0.16306974213498246,13.15870677951577,1.5165945332525752e-39,1.9217281302246324e-37,Gng3,38.819130513813334,DEG
Ccdc33,17.244157041219317,2.14170841151577,0.6060609746972875,3.5338167295551415,0.0004096049929402161,0.0022029418030691155,Ccdc33,3.387634758103592,DEG
Gm11549,31.944197676483615,2.1396736187541516,0.5162293666931106,4.1448118933267715,3.4009277262488894e-05,0.00023932810819241387,Gm11549,4.468402597242465,DEG
Foxi3,188.15200968328716,2.1394739197318278,0.3249073700486779,6.584873465355033,4.552729545313333e-11,8.130341254440165e-10,Foxi3,10.341728148169016,DEG
Anxa4,784.7980741105814,2.134424264891203,0.12198419852963863,17.497547146424868,1.4957327507836204e-68,8.265585373358151e-66,Anxa4,67.82514599686478,DEG
Pou5f1,5882.334777791029,2.1189385217639303,0.1256506543732008,16.86372850451199,8.317269550692947e-64,3.5205055413082016e-61,Pou5f1,63.080019223431655,DEG
Ndufa4l2,63.642194647341995,2.118032110613402,0.33114617744606534,6.396063898271546,1.5943330618746058e-10,2.6497629016652803e-09,Ndufa4l2,9.797420947792736,DEG
Ctsc,425.061629502536,2.1171277418701377,0.18786942525347192,11.269144721200513,1.8637143048387106e-29,1.4748704452866601e-27,Ctsc,28.729620661371293,DEG
Sh3tc1,70.27106377704673,2.11176881576423,0.35115171462736344,6.013835979713797,1.8118383683340673e-09,2.604386741303319e-08,Sh3tc1,8.7418805477583,DEG
Gbp9,44.051951944299105,2.11135767911835,0.664960224183063,3.175163870458957,0.001497519056509184,0.006760073544405198,Gbp9,2.824627642338234,DEG
Pald1,2452.267699230516,2.1093889474068175,0.09869543267514112,21.37271087660087,2.3979775487979685e-101,2.650298075321488e-98,Pald1,100.62015488732507,DEG
Gm4675,14.613344827422967,2.1082103473955,0.6553229008958,3.2170558125065694,0.0012951340130260875,0.0059725071986882206,Gm4675,2.8876852909599724,DEG
Slc35d3,269.3672149239923,2.1069120390882823,0.3491507337194728,6.034390982494951,1.5956330736030503e-09,2.3035939307880322e-08,Slc35d3,8.797066970397772,DEG
Tmem158,27.079594208144513,2.102033734044365,0.5774666963779541,3.640095172983926,0.0002725372863946876,0.001538115397315153,Tmem158,3.56457407258846,DEG
Irf1,496.493732612543,2.0967999894414975,0.1739120505013001,12.056668778255952,1.7887247492358945e-33,1.80633960209639e-31,Irf1,32.74745648396308,DEG
Rasd2,163.60458859587942,2.0966115105053276,0.3162749303934022,6.629079035437406,3.377876955479614e-11,6.125750606409431e-10,Rasd2,10.471356174341533,DEG
Ubxn10,20.974204094608886,2.095103818004148,0.5369394579685478,3.9019367768775006,9.542608475508281e-05,0.0006074862570208497,Ubxn10,4.0203328945125385,DEG
Marveld2,274.4012415715591,2.086126115961655,0.19704513449633623,10.587047080832354,3.4221733663275243e-26,2.1077621346662466e-24,Marveld2,25.46569799300292,DEG
Tgfbr3,1152.211208429372,2.0842822782296317,0.2831170917856652,7.3619090429466025,1.8129849537716318e-13,4.1696558000384795e-12,Tgfbr3,12.741605800163217,DEG
Stc2,503.94045094586966,2.0838213517398305,0.17417028813061664,11.964275733281772,5.46725489286727e-33,5.357909795009925e-31,Stc2,32.26223067807749,DEG
Lypd6b,115.00372355767759,2.083440994715586,0.27953144033879457,7.4533333073032395,9.101096845980843e-14,2.1735560702754247e-12,Lypd6b,13.04090626422273,DEG
Pnmal1,13.670163635410026,2.082433695756762,0.7360958775413149,2.8290250757991524,0.004669004050327289,0.017763466547563795,Pnmal1,2.3307757493217047,DEG
Tspan18,231.90782904912663,2.0817821867857766,0.2279832075540477,9.131296156065579,6.768401018286552e-20,2.7147292310038845e-18,Tspan18,19.169513917866563,DEG
Creld1,346.6388612365198,2.081667345255068,0.132481939303713,15.712838717456233,1.2352214113614755e-55,3.8396085558789364e-53,Creld1,54.908255188870754,DEG
Lsamp,41.79642289305306,2.079513888913523,0.4040098433813897,5.147186196031464,2.644228309964814e-07,2.765734910538381e-06,Lsamp,6.577701049384145,DEG
Pabpc1l,14.305004793206189,2.077690824127299,0.5985959005187194,3.47094061674471,0.0005186386810628843,0.0027045341863866372,Pabpc1l,3.285135095847231,DEG
AI661453,67.16236087914302,2.071823514177826,0.34537081135027753,5.9988379043316655,1.9873461474376995e-09,2.8443355580665893e-08,AI661453,8.701726482749548,DEG
Gm48023,14.95888869603499,2.064941190952393,0.9634142426628416,2.143357550169667,0.03208439895490102,0.0876045886369477,Gm48023,1.493706092044127,DEG
Rsph4a,58.98747965728314,2.063603788740865,0.4812793167873917,4.287746671757506,1.804947702823464e-05,0.00013438484131725299,Rsph4a,4.743535376973959,DEG
Adm2,29.63504836043144,2.058629382934271,0.4626103137285799,4.450029153786005,8.585863342428452e-06,6.868000214486192e-05,Adm2,5.066216028283968,DEG
Naip5,21.80408470092088,2.0577203901791195,0.44093649736123847,4.6667046218524435,3.060688291008809e-06,2.6682442095236304e-05,Naip5,5.514180897906098,DEG
Tor3a,987.0725781432552,2.0562485730364726,0.12177865221860878,16.885131634937412,5.788705977750363e-64,2.5034894939427328e-61,Tor3a,63.237418508730556,DEG
Atp8a1,315.96719910070306,2.051865720990352,0.22417888838895092,9.15280531425582,5.547389664485356e-20,2.238534888139385e-18,Atp8a1,19.25591132696557,DEG
Parp12,115.71961813697713,2.048778873872732,0.4176255744998243,4.905779240954013,9.30571437722717e-07,8.921825629906376e-06,Parp12,6.031250281514528,DEG
Tnfrsf13b,20.264455316278124,2.042603433718047,0.6482772344074554,3.150817775646629,0.0016281403544919112,0.007259126896517724,Tnfrsf13b,2.7883081593031203,DEG
Slc38a3,112.8551994573678,2.0384129584464734,0.2690604825828169,7.576039925592007,3.562622125324904e-14,8.80048008985441e-13,Slc38a3,13.448230239279397,DEG
Gm28625,25.863177701826412,2.037758997099554,0.6770264187052467,3.0098662929529225,0.0026136271840726372,0.010861813077071453,Gm28625,2.5827563614560405,DEG
Tulp1,92.55814119872048,2.0337045497129616,0.24919917536122174,8.160960190839496,3.3237170970784044e-16,9.652850792595295e-15,Tulp1,15.478375948909122,DEG
Kif21a,715.8672625234972,2.0321158415784963,0.142157055279406,14.294864490435772,2.3556387553233784e-46,4.4210450375852163e-44,Kif21a,45.62789130921541,DEG
Fgf11,128.9011305707461,2.03104716463652,0.25210122164251714,8.056474900849834,7.852611000904709e-16,2.187952986722665e-14,Fgf11,15.104985915898617,DEG
Mir22hg,22.687721982740566,2.028860174907866,0.6660686012063041,3.046022843943456,0.0023189021625925955,0.009775850735879868,Mir22hg,2.634717574407509,DEG
Rab37,249.2276041050829,2.0288374233384663,0.323012457345875,6.280988169957884,3.3642774409541367e-10,5.347158082378896e-09,Rab37,9.473108196552174,DEG
Colca2,13.368395068960407,2.028242679665538,0.6018942523570242,3.36976582135968,0.0007523208932417255,0.0037482273604184536,Colca2,3.123596876910586,DEG
Runx1,37.38806917399466,2.028017759942377,0.46024246660004564,4.4064116354233365,1.0509715359545587e-05,8.264042583509879e-05,Runx1,4.9784090460509836,DEG
Arhgap18,293.38657588766097,2.025909823440845,0.17192188529807412,11.78389720382818,4.7256484819126745e-32,4.455547435979656e-30,Arhgap18,31.325538586563866,DEG
Ets1,414.1901190143075,2.025299636157439,0.18994776363984897,10.662403164680132,1.526024582844849e-26,9.73036315740879e-25,Ets1,25.816438470242296,DEG
Bhlhe40,654.4930089839798,2.023238084351031,0.19966243866767006,10.13329346196471,3.931787244484862e-24,2.1197554320266087e-22,Bhlhe40,23.405409990597303,DEG
Mettl24,17.563892428104822,2.0217072532880165,0.5293325282747978,3.819352005207711,0.00013380270853555654,0.0008197939894075645,Mettl24,3.8735350951620644,DEG
Gng8,11.879944706591136,2.016165283762082,0.6482460517314903,3.1101852118911117,0.0018697006658547047,0.008153403122865738,Gng8,2.7282279172994657,DEG
Zdhhc23,66.49635978128796,2.012548052244945,0.3579244927227081,5.62282853831998,1.8785583636636246e-08,2.3563707494781932e-07,Zdhhc23,7.726175307588456,DEG
Gm37363,11.029758961365786,2.011022197401521,0.8927559432181896,2.252600178893491,0.024284369836024264,0.07006718687713803,Gm37363,1.6146731617107388,DEG
Rtn4rl1,158.01467089989598,2.0106347891479004,0.33109485248665715,6.072685135535073,1.2578894583464787e-09,1.8454611271640744e-08,Rtn4rl1,8.900357522435668,DEG
Shb,97.12746548052417,2.0070013852866224,0.2418284915412201,8.299275955846277,1.0474780528562672e-16,3.186319324697642e-15,Shb,15.979855067763356,DEG
Dnmt3b,18216.03865454947,2.006879643469693,0.14044802258082809,14.289127084824068,2.5579560082678738e-46,4.755885684904774e-44,Dnmt3b,45.592106928790436,DEG
Epcam,6124.716724824115,2.002660694049413,0.11089676765228336,18.058783285088637,6.728943792878357e-73,3.9372237592800595e-70,Epcam,72.17205309936043,DEG
Spata45,32.95656958331846,2.0019140417203163,0.5262618211652722,3.804026743356738,0.00014236280056135185,0.0008647833753793996,Spata45,3.8466034771420743,DEG
Grb14,68.5872030879647,2.0005278346041813,0.34871621481599696,5.736836285802703,9.646141635724251e-09,1.2658333885296718e-07,Grb14,8.015646365557211,DEG
Synpo,45.50479251958566,1.9981329878572214,0.42175779104109046,4.737631480203172,2.1623056501491138e-06,1.9447065372543613e-05,Synpo,5.665082916862401,DEG
Alox15,966.9014203700881,1.9977559176246085,0.22564387800543456,8.853579079049922,8.475658342881055e-19,3.16945013295631e-17,Alox15,18.07182655818966,DEG
Ptchd1,33.12136655242569,1.9976090003614784,0.6606942966111973,3.0234996890506283,0.0024986928562524303,0.010449652235082162,Ptchd1,2.6022871248390174,DEG
Parp4,40.756008329516135,1.996113996266263,0.40824153108232386,4.889541715597125,1.0107100334340368e-06,9.652935864203902e-06,Parp4,5.995373422986852,DEG
Bmp5,36.415170952222226,1.994879895644671,0.45743495175238474,4.361013271947187,1.2946151269838303e-05,9.959425110679165e-05,Bmp5,4.887859322756661,DEG
Tent5a,54.01575836844944,1.992455944533502,0.4178305717030473,4.768573865747532,1.8553464569143484e-06,1.689256861045952e-05,Tent5a,5.731574980778415,DEG
Samd3,251.6592119740635,1.9913207695185573,0.32555966049815804,6.1166078330205895,9.558821305491557e-10,1.4212495594278702e-08,Samd3,9.019595657104725,DEG
Prox1,166.07657446092966,1.9908729540936065,0.2254973316079711,8.82880936948183,1.0579585887626392e-18,3.8832155285689934e-17,Prox1,17.9755313313782,DEG
Prlr,53.7864480555055,1.9905897210716277,0.4283327979480751,4.647296986379591,3.3631280685895517e-06,2.914027430162044e-05,Prlr,5.473256594349731,DEG
Grk4,13.744612228386385,1.9886042164309103,0.5780437530998547,3.4402313073477453,0.0005812172246477602,0.002992426363132128,Grk4,3.2356615236606148,DEG
Tnfrsf12a,221.00745156737668,1.9881367199523015,0.19806813115033942,10.037640626008878,1.0413509755060788e-23,5.437437350844602e-22,Tnfrsf12a,22.982402871799895,DEG
Ripk2,354.66813194321156,1.9878323312253536,0.16820250186029212,11.818090154666272,3.1475888828691566e-32,3.010487174798029e-30,Ripk2,31.5020219972663,DEG
F2rl1,1959.4785127921423,1.9869416075240647,0.16253310609995167,12.224842404120249,2.290254218146727e-34,2.503424033835768e-32,F2rl1,33.64011630831051,DEG
Pld4,32.2347505796206,1.9852501532897906,0.37105485625901913,5.350287483918453,8.781461987355987e-08,9.8923219012718e-07,Pld4,7.056433174277865,DEG
Mlxipl,76.26379323310677,1.9831657401695293,0.30366569483194733,6.530753305100993,6.543970999405878e-11,1.1409794834546937e-09,Mlxipl,10.184158633973944,DEG
Kcnh6,69.49086435646528,1.982104437929836,0.4273739995690771,4.637868564602432,3.5202051486391497e-06,3.036902048006385e-05,Kcnh6,5.453432026202043,DEG
Magi2,54.96743624268477,1.98129859781464,0.42637819158775025,4.646810359687173,3.371068022681052e-06,2.9196354916507116e-05,Magi2,5.472232484032879,DEG
Kif17,12.31420236434849,1.9802824014690708,0.6484596898613987,3.053824983157141,0.002259438524667813,0.009584066100158098,Kif17,2.6459994705579386,DEG
Rab17,10.707683828689817,1.9793836856524238,0.6168644342338592,3.208782312293305,0.0013329837385022347,0.006109813097490889,Rab17,2.8751751486520254,DEG
Gnaz,49.03968637810603,1.9789473555432282,0.35553201816999386,5.566157910978965,2.604172690033502e-08,3.192077110013955e-07,Gnaz,7.584330219857341,DEG
Foxo1,370.9051891561675,1.974456459249596,0.23370404514515444,8.448533520347299,2.9498456737247937e-17,9.620365546406729e-16,Foxo1,16.530200704294014,DEG
Unc80,21.065438385128942,1.9726342992159058,0.5938357520495664,3.321851694525886,0.0008942220942927098,0.004334711097431571,Unc80,3.0485546038586566,DEG
S100a10,1412.1089243399526,1.9725041327641337,0.14450897833175627,13.6496995241068,2.0271267628944862e-42,3.0784473145819016e-40,S100a10,41.69311909259745,DEG
Ascl2,39.92420734388037,1.970158056083129,0.45900103406554316,4.29227367666845,1.768527782751899e-05,0.0001319631446322637,Ascl2,4.752388113230588,DEG
Acot1,268.08241879098307,1.9635571160293022,0.16972794101691666,11.56885015080455,5.92716751676817e-31,5.335523555592126e-29,Acot1,30.227152798325356,DEG
Tmem185a,2290.234683169656,1.9562907815217552,0.11378766828028991,17.19246743595167,3.023847867802874e-66,1.5039107370517593e-63,Tmem185a,65.51944006232286,DEG
Tmem150c,45.59843072792312,1.9548546284902883,0.35973838711571937,5.4341007201476605,5.5073467949362024e-08,6.403457459874974e-07,Tmem150c,7.259057575346375,DEG
Ccdc162,19.907442636573236,1.9516120972289301,0.5202571217819001,3.7512453275883773,0.00017595842375203285,0.0010449304125740124,Ccdc162,3.7545899371183413,DEG
Dapk1,1483.2331360234195,1.9501880850664082,0.1543149061823179,12.637716817598465,1.3079707735596078e-36,1.5040907843465223e-34,Dapk1,35.88340196015823,DEG
Zcchc12,159.2444504860293,1.9458037309934366,0.2322203953876887,8.379125045175057,5.3322600444467034e-17,1.686486189574288e-15,Zcchc12,16.27308867900417,DEG
Ppp1r3b,90.83346927359298,1.944475518230561,0.2909237178256863,6.683798532354928,2.328268405894402e-11,4.3127161700989975e-10,Ppp1r3b,10.632966955087621,DEG
Tiam2,100.76947503633073,1.942522864734814,0.23604458488438507,8.229474383774845,1.8803670140902247e-16,5.608399007243018e-15,Tiam2,15.725757375928929,DEG
Cpxm2,147.32885583895467,1.9411672249000096,0.38443769658980836,5.049367536324665,4.4327517998802536e-07,4.483231535679602e-06,Cpxm2,6.35332658518163,DEG
Anxa8,15.458710938148982,1.9397565051039078,0.5885587727616785,3.295773667601692,0.0009815105479687714,0.004700570736950105,Anxa8,3.0081050288199425,DEG
Mef2b,291.53728903676205,1.9375025876590384,0.22699555021118006,8.535421006519853,1.3964598929772135e-17,4.676965170183281e-16,Mef2b,16.85497153293742,DEG
Gm43041,78.6721986988573,1.9362827806888698,0.34023726424815276,5.6909779855173,1.263137943418358e-08,1.6191279797915474e-07,Gm43041,7.898549218887187,DEG
Grm4,30.556249926745636,1.9352779106741453,0.4330210721370232,4.469246499075119,7.849562835443268e-06,6.314565428560792e-05,Grm4,5.1051545296804095,DEG
Evpl,45.50837755451035,1.9350223620515556,0.4124154198112198,4.691925347838105,2.7064589015078184e-06,2.3919277381873183e-05,Evpl,5.567598563431183,DEG
Pkib,14.996673006700918,1.933776117646278,0.8304863630462628,2.328486298743181,0.0198862959456472,0.05967571766742399,Pkib,1.7014461017509654,DEG
Krt19,355.8212991357557,1.9331681025638805,0.272313127148999,7.099063210074801,1.2560535612856606e-12,2.6554654142632236e-11,Krt19,11.900991840794015,DEG
Fam110c,30.759132230247797,1.92985407760336,0.45601292170269536,4.2320162121668075,2.316057096255938e-05,0.00016877523762972758,Fam110c,4.635250738431975,DEG
Cyp2u1,36.9070595373493,1.929005731530393,0.383557091379873,5.029253206062916,4.923938104987377e-07,4.947314376798934e-06,Cyp2u1,6.307687414886007,DEG
Nfasc,520.6490320590459,1.9287473482324478,0.1585799379200511,12.162618888177619,4.915709505145381e-34,5.286114859208767e-32,Nfasc,33.308413789748165,DEG
Ripk4,886.1479643743769,1.9286188001965603,0.12949501192166513,14.893382930944332,3.638822460399671e-50,8.043414891910117e-48,Ripk4,49.43903913329799,DEG
Hivep2,141.08766918278408,1.9273547943651117,0.3276308490752091,5.882702437225863,4.036211971819283e-09,5.5994700814067513e-08,Hivep2,8.394026033769602,DEG
Dkk1,397.742343798628,1.9203377546597071,0.4381320179295739,4.383011686145215,1.1704983163733809e-05,9.092500392788769e-05,Dkk1,4.931629206649353,DEG
Sncb,47.237952039145625,1.9061119311151868,0.659657473519194,2.8895479966994184,0.0038579610728168346,0.015108322358783092,Sncb,2.4136421587414176,DEG
Nxph4,35.95775742403682,1.904833102407639,0.41049401090468296,4.64034322500735,3.4783097557284942e-06,3.0085867078462026e-05,Nxph4,5.458631745158645,DEG
Bst2,1521.0656229436984,1.904386779256059,0.17084463002291347,11.146892817179241,7.415063808925154e-29,5.5456871960434965e-27,Bst2,28.12988510738073,DEG
Anxa2,661.0655818523489,1.9030673765363513,0.2194661979748122,8.67134617584601,4.270412419888837e-18,1.4956969134026148e-16,Anxa2,17.36953018047083,DEG
Trim12c,469.4065362100568,1.9021172469419758,0.13350753450393174,14.247265175029947,4.6618307613330486e-46,8.508482675776116e-44,Trim12c,45.331443496742786,DEG
Zfp677,306.51654472263334,1.9008582272125365,0.23568659897312888,8.065194353410213,7.31194494822385e-16,2.0487863774642996e-14,Zfp677,15.135967087073542,DEG
Nphp3,279.1990888576829,1.8999926190627574,0.2431215822890521,7.814989525709068,5.496760043573278e-15,1.446462226281042e-13,Nphp3,14.259893221380027,DEG
Cdh1,7391.315231669957,1.8981020785456073,0.1425183889610498,13.31829592225013,1.8119618123599457e-40,2.435619479397889e-38,Cdh1,39.74185095944956,DEG
Junb,193.87468379266832,1.8964473949991203,0.29877419574032654,6.347426993485672,2.1894582156122092e-10,3.5644093078059974e-09,Junb,9.659663338620842,DEG
A2m,25.037095866172724,1.8964040561322941,0.6945641577105683,2.7303511635026583,0.006326689377158506,0.022976115091126563,A2m,2.1988234876678643,DEG
Tmem102,151.73150154452495,1.8952698169715334,0.30421862284276946,6.229959886285704,4.665546211715785e-10,7.308376089438885e-09,Tmem102,9.331097504576071,DEG
Snrpn,7224.751406510964,1.8950892345757204,0.14511630622648464,13.059106063642728,5.6386003081115445e-39,7.054988335193149e-37,Snrpn,38.24882868926228,DEG
Dusp10,147.39074506348007,1.8931835073266212,0.21112651097091606,8.967057233221738,3.0454188219899644e-19,1.1628706726423867e-17,Dusp10,18.516352972465853,DEG
Dysf,127.77811325888298,1.8912224800463493,0.3300540762403443,5.730038245821171,1.0040799312247252e-08,1.3115670487054947e-07,Dysf,7.998231713178971,DEG
Gm5771,13.182212668349003,1.8881680454693361,0.8983222355950927,2.101882788438963,0.03556354460599201,0.09516363738995381,Gm5771,1.4489949595661538,DEG
Shc4,334.0787799860405,1.887919723722175,0.19183486288019566,9.841379691767575,7.467958401470898e-23,3.650308708571549e-21,Shc4,22.126798109852842,DEG
Naip6,54.865671259775326,1.8874369476175197,0.38068525023461963,4.957998626041529,7.122306695035994e-07,6.979860561135275e-06,Naip6,6.14737932901982,DEG
Ncald,57.00771432932287,1.885614969549808,0.39527267729260407,4.7704156595523175,1.8384615165090645e-06,1.6754170137165064e-05,Ncald,5.735545456544469,DEG
Eml6,31.8823597923212,1.8851777240829701,0.4661968092252625,4.0437379380948695,5.2605716884450256e-05,0.0003548052393270492,Eml6,4.278967056674079,DEG
Tmprss12,18.498648392460776,1.8837684287627123,0.5585761081063118,3.3724471946161034,0.0007450337138275077,0.003718534399153535,Tmprss12,3.1278240743685313,DEG
Irx5,38.6976768586559,1.8829285760967327,0.39846167357887524,4.725494824093811,2.295556819508768e-06,2.0534086046451184e-05,Irx5,5.639111953129402,DEG
Nova2,24.250460624568753,1.8826789446295913,0.626913345720327,3.003092783846199,0.002672509391925742,0.011053409946563557,Nova2,2.5730807598874326,DEG
Ifih1,30.042897945099135,1.8826227288470552,0.6640511750793547,2.8350566936683457,0.0045817554027901925,0.017491737091365974,Ifih1,2.338968099357431,DEG
9430021M05Rik,14.327675340746383,1.8823020739303107,0.5522235209030449,3.4085872888069004,0.000653001900639857,0.0033097630092558763,9430021M05Rik,3.1850855546572374,DEG
Dscam,19.58935388863992,1.8814875173794408,0.6719908660597517,2.7998706714744896,0.005112308418958679,0.019200351838165746,Dscam,2.291382953634587,DEG
Exoc3l,178.78974621025407,1.8813995768336254,0.23909312267864144,7.868898761100558,3.57776542996146e-15,9.526659733567708e-14,Exoc3l,14.446388136606217,DEG
Slc6a13,34.09127214214327,1.8803678906273302,0.453743166832507,4.144123874644358,3.4111532622780806e-05,0.00023996281117312634,Slc6a13,4.467098767409857,DEG
Slc7a7,887.7888156522647,1.8788560892846635,0.13987230586983998,13.432652572647639,3.892159054495636e-41,5.3034665911052174e-39,Slc7a7,40.40980942043905,DEG
Slc7a3,5357.88152139585,1.8785619423039288,0.1301443225369056,14.434451735466343,3.1413368821177066e-47,6.376913870698945e-45,Slc7a3,46.50288548665166,DEG
Ube2ql1,24.07728179235851,1.876167650770232,0.45495012463649886,4.123897432205944,3.725148275519228e-05,0.0002596639796537475,Ube2ql1,4.428856435947046,DEG
Ttc25,71.21340325768519,1.8760661216852874,0.25103693379423175,7.4732673528551326,7.822768353646863e-14,1.875013899125912e-12,Ttc25,13.10663952981053,DEG
Fam167a,60.78250104044391,1.8694584516308717,0.40849420928999586,4.576462552260359,4.7290431373683e-06,3.974633889936839e-05,Fam167a,5.325226724420697,DEG
Camk1d,125.48363426233126,1.8663964895246965,0.2469766954877005,7.55697409360489,4.125540961710884e-14,1.0107575356191666e-12,Camk1d,13.38451909650018,DEG
Marchf9,34.20420006850951,1.8654840798758092,0.43049059885034535,4.333390984280986,1.4683000430689928e-05,0.00011136241348385262,Marchf9,4.833185188470121,DEG
Rem2,69.31061494857175,1.8638122729774353,0.3426316291690723,5.4396970807903235,5.3371239663776934e-08,6.216437013297297e-07,Rem2,7.272692709640011,DEG
Tjp3,241.6394833978043,1.8589493689580585,0.2303683275330011,8.069465923833464,7.060633597571262e-16,1.9811600111436204e-14,Tjp3,15.15115632506969,DEG
Plekhh3,46.73293415900638,1.8583132352131564,0.5099458702973975,3.6441382182963826,0.00026828922190156755,0.0015162914149175525,Plekhh3,3.5713967740768373,DEG
Adamts8,26.936223475270392,1.8575449402764603,0.3614001993245461,5.139855882061482,2.749492711974465e-07,2.863790995393718e-06,Adamts8,6.560747427156304,DEG
Nipal4,16.56756138947432,1.8526569685762888,0.6881499652345241,2.692228528915055,0.007097629212078981,0.025313774748135398,Nipal4,2.148886692415054,DEG
Otop1,16.49011007502832,1.852536362237654,0.8244422948892742,2.247017618724251,0.02463890113863558,0.07090500495472533,Otop1,1.6083786650168928,DEG
C330024C12Rik,17.463836728366857,1.84963586922731,0.5233564651167314,3.534179842059963,0.000409042654000157,0.00220051231981588,C330024C12Rik,3.3882314024302485,DEG
Arl4c,668.1523706720004,1.847362042684048,0.1785442830093091,10.346800309409675,4.327059204814611e-25,2.539307251344598e-23,Arl4c,24.363807162543733,DEG
Atp10a,184.8707101357001,1.8451639986421162,0.30432933350276276,6.063050108922101,1.3356402982715427e-09,1.948037250279624e-08,Atp10a,8.874310486103937,DEG
Dennd1c,69.21122761666247,1.8438013435142981,0.2784482054590279,6.621703093667821,3.550837260810685e-11,6.421850587869797e-10,Dennd1c,10.449669231486467,DEG
Atf3,159.6247204977753,1.8343865611175858,0.2805812611027296,6.5378085261579875,6.242677303161552e-11,1.093237872087112e-09,Atf3,10.204629114064131,DEG
Rph3al,52.00752118067767,1.8342227229689623,0.30152951343113166,6.083061993160058,1.1790873071118843e-09,1.7362518791771892e-08,Rph3al,8.928454035792884,DEG
Pcsk4,36.65899211127293,1.8324107949630517,0.42645230218283076,4.296871621008277,1.7322544919219927e-05,0.00012945706559840768,Pcsk4,4.761388303820846,DEG
Ntf5,32.30054118095264,1.830798818307021,0.4376709261728365,4.183048744672699,2.8762569104018245e-05,0.00020568028388042378,Ntf5,4.541172324900171,DEG
Lefty1,2511.8690307498982,1.8289699683327736,0.43655205883581694,4.189580443647917,2.794706966873074e-05,0.00020049729678677582,Lefty1,4.553663722425764,DEG
Foxa3,57.85380794781484,1.8273503764183474,0.3896436624007785,4.689798789897362,2.7347383226168256e-06,2.4147751526914835e-05,Foxa3,5.563084223436775,DEG
Trim54,22.90418140069156,1.8264255719934395,0.4752360355090757,3.8431967181044286,0.00012144204860121186,0.0007510003465565772,Trim54,3.9156309152900164,DEG
Ccno,85.43434947962963,1.8243581789026502,0.31514718738049047,5.7889083322201,7.0845345275710894e-09,9.522954722398599e-08,Ccno,8.149688678761358,DEG
Perp,1316.9681976732716,1.8226388134749205,0.13495454941696453,13.505575183268366,1.449770278192192e-41,2.0899804285764833e-39,Perp,40.83870080798386,DEG
Ttc30b,128.0961373969743,1.8208947008210852,0.245167011996607,7.427160309994256,1.1095385847394605e-13,2.61840576569476e-12,Ttc30b,12.954857590369278,DEG
Vstm2a,32.46071784828162,1.8123592553251453,0.42069295914671134,4.308033248289064,1.6471262972895947e-05,0.0001237927108359622,Vstm2a,4.783273099000851,DEG
Phc1,5250.006815274162,1.8110238026034697,0.1044114704898254,17.345065576678653,2.1493278477160374e-67,1.096377646216996e-64,Phc1,66.66769733434836,DEG
Vwa5a,880.4672203896295,1.8075868545444869,0.13069931897274456,13.830116857161535,1.6774778587157508e-43,2.6485511524834243e-41,Vwa5a,42.77534320343977,DEG
Thbs1,187.42049127387028,1.8061907485788697,0.5364568837625083,3.3668889397241433,0.000760212973556849,0.003779029709130423,Thbs1,3.119064723135871,DEG
Hpn,143.85147213658945,1.8047857628709907,0.20028643187553935,9.01102359241443,2.0414209861665334e-19,7.932036933358793e-18,Hpn,18.690067424918524,DEG
Dennd2d,69.92113920453453,1.8047096218220602,0.31692255012092224,5.694481573284926,1.2374734924343675e-08,1.5913573147051913e-07,Dennd2d,7.9074640951926005,DEG
Smim10l2a,596.2432822569077,1.8044725404825257,0.13400932516459424,13.465275929613247,2.503811227614041e-41,3.4590847612606755e-39,Smim10l2a,40.60139841743285,DEG
Bcar3,904.1984415471859,1.8029302808658507,0.12552068487925166,14.36361092675867,8.754439822427898e-47,1.7243646121522833e-44,Bcar3,46.05777163825122,DEG
Icam1,164.62243557314332,1.8021529493696529,0.2781620054220474,6.47878903028218,9.246167685748732e-11,1.5843519374701574e-09,Icam1,10.034038234590886,DEG
Htra1,95.64629073107707,1.8018503522701026,0.3040365915526818,5.92642597086176,3.095988578367555e-09,4.349689037997468e-08,Htra1,8.50920065017296,DEG
Lrp5,488.2423361220046,1.8005120288567653,0.23126771704062454,7.785401490085565,6.949217205081963e-15,1.814274633568249e-13,Lrp5,14.158064113778268,DEG
Arhgap27,243.22979208100918,1.798538121804351,0.17787769720159116,10.111094027521865,4.9330297574665275e-24,2.6310373725211557e-22,Arhgap27,23.306886264739656,DEG
Gm4961,79.14242654298735,1.795365157940402,0.31364240521261205,5.72424241142826,1.0389631256989107e-08,1.354464772126745e-07,Gm4961,7.983399865907375,DEG
Gmnc,17.941570172039558,1.7936187601400349,0.8441037535960383,2.1248794979276977,0.033596669114714366,0.09102167171021756,Gmnc,1.4737037778722588,DEG
Madcam1,37.1891340754986,1.792655851915944,0.5432313327996553,3.2999861084542386,0.0009668961441550201,0.0046395156516690714,Madcam1,3.014620171669479,DEG
Grb7,1076.9072541372043,1.7913412792170158,0.12643014221058096,14.168625043807774,1.432783763599354e-45,2.5679099273014007e-43,Grb7,44.843819348585015,DEG
Camk2b,221.24626933621957,1.7910617223372098,0.23919140468067565,7.487985300844342,6.993885754663167e-14,1.686501372160837e-12,Camk2b,13.155281466182423,DEG
Card19,432.2104602137204,1.7906073849503266,0.17348915048699065,10.321149074302477,5.654236760770032e-25,3.2890463777414916e-23,Card19,24.247626010182696,DEG
Gnat2,48.48570912548445,1.7889173391707869,0.3084401085821654,5.7998855836034595,6.636018214084464e-09,8.967283776821935e-08,Gnat2,8.178092430624542,DEG
Slc39a4,344.2254983868537,1.788537549167699,0.22123282766700092,8.084413005197407,6.246431563476382e-16,1.7626455251602712e-14,Slc39a4,15.204368013835943,DEG
Zic5,739.4104335129604,1.78850073272796,0.14929911685964914,11.979312204567604,4.5609186412294814e-33,4.514174897941259e-31,Zic5,32.340947674740036,DEG
Cpeb2,102.74564427606005,1.7862974127764646,0.33906721395550915,5.268269355617658,1.3771593303331477e-07,1.511153211122319e-06,Cpeb2,6.861015811172631,DEG
Pxdc1,113.41562479625502,1.7853084304347289,0.29962339229962187,5.95850816831227,2.545509271156809e-09,3.606863350455382e-08,Pxdc1,8.59422531685296,DEG
Soat2,10.966203177056661,1.7852300616631824,0.7478215879270614,2.3872406072306442,0.016975377307239265,0.05227680435761888,Soat2,1.7701805639911474,DEG
Slc5a7,29.37000879631575,1.7843368090118976,0.5220377488683561,3.418022571892324,0.0006307787550196863,0.0032110318711263152,Slc5a7,3.20012294237721,DEG
Gngt2,55.171409873875405,1.7795334267850893,0.3430231468797141,5.187794010324055,2.1279979689689423e-07,2.2590390392032093e-06,Gngt2,6.67202879088169,DEG
Crat,285.01944920703505,1.7791798150000198,0.1664367624471,10.689824704836537,1.1358545444502578e-26,7.336587762108256e-25,Crat,25.94467728005739,DEG
Lancl3,25.481161633821664,1.778292543066552,0.52341523023942,3.3974795541450464,0.0006800966990169947,0.003431804780341667,Lancl3,3.1674293330823353,DEG
Parp9,247.54172856889383,1.7750620269456605,0.18966855288782408,9.358757685020604,8.067970201329946e-21,3.466613373331705e-19,Parp9,20.093235714502637,DEG
Nbeal2,96.47897753320187,1.7749863145055433,0.3050264172217049,5.819123244054679,5.915710488784898e-09,8.049736283439586e-08,Nbeal2,8.227993088258609,DEG
Plekhf2,5436.036199837144,1.7691461751828448,0.08166844608142515,21.662542390227053,4.629655916113177e-104,5.756398424697222e-101,Plekhf2,103.33445128528578,DEG
Mxra8,228.51430069755133,1.7690596668211838,0.18778984045269909,9.420422652027218,4.4927587522620025e-21,1.9686991765969225e-19,Mxra8,20.347486901098566,DEG
Rras,68.49528247054386,1.7667088547008702,0.3187392043155117,5.542803742937283,2.976664308533023e-08,3.6240979041588715e-07,Rras,7.526270139882012,DEG
Fgf1,30.563007358731504,1.7645898368074835,0.6388191005434334,2.7622684345323654,0.005740126360461101,0.021123580061970616,Fgf1,2.241078547140884,DEG
Slc35f3,13.923649146879791,1.7643003282598688,0.6957434847822277,2.5358488679374505,0.011217513369401712,0.03712547179685205,Slc35f3,1.9501034041881193,DEG
Cfap54,10.78956983163144,1.7642682509258505,0.6865656722138102,2.5697006452959132,0.010178642885045924,0.03422818146637992,Cfap54,1.9923101224732813,DEG
Pck2,763.3020463714881,1.7624515770294176,0.12877840421159129,13.685924964045954,1.2322898616860954e-42,1.915248008467436e-40,Pck2,41.90928712453837,DEG
Slc11a1,12.018212958597298,1.7614093634703902,0.8922623563136908,1.974093551080099,0.04837110650406352,0.12156326336430516,Slc11a1,1.315413977876945,DEG
Gckr,10.979174050355423,1.7598532695784714,0.7861358488969599,2.2386121585063834,0.025181162444188925,0.07202790016746147,Gckr,1.598924225322517,DEG
Rasef,161.62780022525504,1.7589729729861001,0.3910129378305926,4.498503253486154,6.8433549455411405e-06,5.565891385388203e-05,Rasef,5.164730933788266,DEG
1700003E16Rik,35.168860907626865,1.7576335212744467,0.3242188978565201,5.421132243970154,5.9222727052343787e-08,6.861834199064224e-07,1700003E16Rik,7.22751159835644,DEG
Gpc5,42.108329320543675,1.7546399740164977,0.41754773288087077,4.202250032374403,2.6427500007004682e-05,0.0001903507187325674,Gpc5,4.577943918386081,DEG
Slc16a3,3843.364595665649,1.7497914653826454,0.11306137605499703,15.476474163302994,5.001430843689199e-54,1.4420067420920712e-51,Slc16a3,53.300905731939594,DEG
Aff1,852.9067886572374,1.7472694728107259,0.20118735116928765,8.684787898720822,3.794497337359621e-18,1.3360660182200406e-16,Aff1,17.42084574758664,DEG
Btn1a1,29.850969879717873,1.7454813034242513,0.5925196266373671,2.945862423714308,0.0032205560872895136,0.012938154846635214,Btn1a1,2.4920691330277926,DEG
Lrrk2,261.2964719625449,1.7452277869940795,0.20905163312909733,8.348309749469093,6.92467754579921e-17,2.1728633295919477e-15,Lrrk2,16.15960044512858,DEG
Cd55,141.48296992872895,1.7447728644434315,0.27289747472689296,6.3935104793092865,1.6211988067541002e-10,2.6899190209813236e-09,Cd55,9.790163724582639,DEG
Ly6e,2321.497998298157,1.7437149310101032,0.21806045634404442,7.996474740284689,1.280320225356263e-15,3.508359581713154e-14,Ly6e,14.89268139385851,DEG
Slc16a2,354.18044618658536,1.742520414261508,0.1439744472131786,12.102983883531852,1.0184086385338844e-33,1.049752406994461e-31,Slc16a2,32.992077925485894,DEG
Fzd8,13.760882749966601,1.7410741363730842,0.5838326627439516,2.9821458227263618,0.0028623562625610475,0.011707178348558691,Fzd8,2.543276312842071,DEG
Wdr86,142.91779107449,1.739737449085062,0.2255228534234178,7.714240143187242,1.2170512887233153e-14,3.128167743909772e-13,Wdr86,13.914691119436187,DEG
4930433N12Rik,32.05087471381799,1.7367230308987762,0.4221794915334025,4.113707713728126,3.8935437250786474e-05,0.00027073805965296965,4930433N12Rik,4.409654943748429,DEG
Tgfb1,17.38245616513546,1.7360148213205207,0.571579541311042,3.037223511077029,0.0023876833781376347,0.010031800026329484,Tgfb1,2.622023263909682,DEG
Sec14l4,82.56515212575846,1.7347306311404274,0.34644614176442656,5.007215904629685,5.522297212839521e-07,5.498527565176648e-06,Sec14l4,6.257880223118238,DEG
Wdr78,70.8075096307903,1.7337496363070888,0.31334406987092855,5.533053927017824,3.147026620046867e-08,3.8184129730704137e-07,Wdr78,7.502099583464102,DEG
Ppp1r14c,288.255671525366,1.7299035530424667,0.14912761891861764,11.600155394330505,4.1133067851077845e-31,3.71955114467883e-29,Ppp1r14c,30.385808898049603,DEG
Itga3,465.9129668236483,1.7276539034005272,0.19698235021653007,8.770602551454118,1.777126928088396e-18,6.393157885604079e-17,Itga3,17.750281552386163,DEG
T,7919.723900699857,1.7256207041634721,0.3998093536785048,4.316108886114457,1.588036674028689e-05,0.0001198497784261257,T,4.799139472221029,DEG
Hsd17b11,18.92528829720662,1.7250107528620235,0.6006076151344754,2.872109359578792,0.0040774183867089975,0.015824455986185877,Hsd17b11,2.389614723005444,DEG
Sdk1,43.72432716901206,1.7208539136712326,0.4469206440490398,3.850468615816293,0.00011789203712871929,0.0007315484050651097,Sdk1,3.9285155277958834,DEG
Tlr3,17.367238490552097,1.720145371288119,0.5640767520027017,3.0494881506477687,0.002292316756245855,0.00969174567509081,Tlr3,2.6397253710045043,DEG
Gm50399,16.312485186973806,1.7197051451354366,0.5041901023730128,3.410826862807304,0.000647662034180546,0.003286884823466271,Gm50399,3.188651560455991,DEG
Susd4,451.64659904241233,1.718062455965134,0.12609053836688427,13.625625508601654,2.8198380943346254e-42,4.217884138999476e-40,Susd4,41.54977582670037,DEG
Stc1,53.36605158168082,1.7171276101429342,0.5876999127595537,2.921776186898065,0.003480415440695388,0.013806457582690737,Stc1,2.458368913285321,DEG
5033406O09Rik,12.518307023936929,1.7155257678781655,0.7434271693034777,2.3075908962077,0.0210219013399414,0.06227992632267971,5033406O09Rik,1.677328006476127,DEG
Myo10,3793.023348212928,1.7131388036797752,0.1113082691851529,15.39093920174159,1.882794239556126e-53,5.2755364227788125e-51,Myo10,52.72519713909542,DEG
Tec,100.88456144131138,1.7115443442944218,0.2682237465402763,6.381032128478667,1.758983960662653e-10,2.889614113412289e-09,Tec,9.754738120649112,DEG
Trp53i11,2101.6474713722937,1.7103532837398339,0.15228434064806903,11.231314240592086,2.861896495813411e-29,2.2153528750082488e-27,Trp53i11,28.543346077113608,DEG
Slc16a11,20.466461532948966,1.709651671759719,0.5120186441117257,3.339041832599092,0.000840679033382945,0.004120328095795255,Slc16a11,3.075369783794492,DEG
Bmp7,564.7850979731729,1.7034607429350903,0.14994008764813918,11.360942691540645,6.543469820228467e-30,5.335073303427259e-28,Bmp7,29.184191896298383,DEG
Padi3,216.7408594453108,1.7015802014158947,0.2098067214642958,8.110227306065902,5.052515542580154e-16,1.4462553122890585e-14,Padi3,15.296492341831181,DEG
Ifi35,32.08304914413264,1.7001642572302722,0.32027802909397274,5.308401147714778,1.1059103620789234e-07,1.229105069452408e-06,Ifi35,6.956280072698704,DEG
Snca,48.78292316591303,1.6960812133189591,0.45301897055323054,3.7439518509516074,0.0001811483816378434,0.001073188178768093,Snca,3.7419655415570947,DEG
Enpp3,2084.301081549032,1.6955430220462806,0.15282266989909782,11.0948396803025,1.3289808067552957e-28,9.720126532937447e-27,Enpp3,27.876481291126836,DEG
Ptpn3,471.93147535252797,1.695039072368488,0.14832774918409133,11.427659906473433,3.0419632426330853e-30,2.5427233928127146e-28,Ptpn3,29.516846038020716,DEG
Fgf10,85.08452566178879,1.6948812935795778,0.4756072679943179,3.5636152086721826,0.00036578204342848004,0.001992570638544957,Fgf10,3.436777618245436,DEG
Pde4c,14.941033444850849,1.6937977725381872,0.6857350830153383,2.4700468365861648,0.013509536300885246,0.04342823859031599,Pde4c,1.8693595573749244,DEG
Gpr85,128.55034122382875,1.693713591785058,0.254891683422896,6.644836618600002,3.0355360196927854e-11,5.530123953824933e-10,Gpr85,10.517764609418933,DEG
Rapgef5,1127.6754541377118,1.6932484357082642,0.15106076399593846,11.209055157127302,3.6810169292475735e-29,2.8165442611712013e-27,Rapgef5,28.434032185198838,DEG
Tmie,16.19655756394243,1.6929949180971584,0.633652982251977,2.671801388956339,0.007544528777945284,0.02663074086381183,Tmie,2.122367880544329,DEG
Herc6,58.11564054861137,1.6921125694716896,0.40436673596930056,4.184598828129509,2.8567014647146414e-05,0.00020448973613222096,Herc6,4.544135142536894,DEG
Rnf135,140.4535695838076,1.6912716167457296,0.267719221409312,6.317333540126987,2.661148299339251e-10,4.290185110782419e-09,Rnf135,9.574930922596266,DEG
Myl7,29.75574206854767,1.6884724119716434,0.4769330267297758,3.54027152103331,0.0003997155674237904,0.0021561663498722576,Myl7,3.398248937267558,DEG
Smpd5,10.586363449531726,1.6871082470297265,0.624100575172105,2.703263406806637,0.006866230997676239,0.024644380805110305,Smpd5,2.1632815898807647,DEG
Gstt2,828.3985853569928,1.686390747387483,0.16412247705617447,10.275196777649652,9.115821947801321e-25,5.1814331951302715e-23,Gstt2,24.040204166142228,DEG
Gm45809,10.992514525998589,1.686084051172771,0.8072195397279143,2.0887552495831447,0.03672976060917905,0.09749190894716583,Gm45809,1.4349819022142316,DEG
Mlycd,145.54009674579493,1.6824734103860022,0.326686144831998,5.1501217208070855,2.6031746125850397e-07,2.725660828566673e-06,Mlycd,6.584496699835916,DEG
Efhd2,140.9161399703039,1.6815821873375167,0.25935405739323275,6.483731946355869,8.948114152513116e-11,1.5372520116588593e-09,Efhd2,10.0482684841764,DEG
Ankef1,10.247561965943945,1.6791537963448577,0.7476048833536572,2.246044446382419,0.02470116113817551,0.07103541720772635,Ankef1,1.6072826311917592,DEG
Scly,628.3274587678764,1.6788059284284176,0.15222522808854716,11.028434310848139,2.786742412932595e-28,1.9942249483050737e-26,Scly,27.554903172589892,DEG
Cybrd1,12.762552743040011,1.6773810290707591,0.6427293106587335,2.6097783332015942,0.009060090908012889,0.031054694783598968,Cybrd1,2.0428674446355175,DEG
Pls1,325.3078226488307,1.6755876995794765,0.2315735084907981,7.235662276309374,4.632628351637075e-13,1.0208799364475683e-11,Pls1,12.334172539276087,DEG
Plekha1,4206.206730624989,1.6747215771592738,0.08027049575803667,20.863476191893344,1.1500136253001592e-96,1.2041247927221771e-93,Plekha1,95.93929701411803,DEG
Gm29776,28.84724037977004,1.6737621080312621,0.5451982911068793,3.0700061525012043,0.002140543613617754,0.009155875005227177,Gm29776,2.6694759189810093,DEG
Plaat3,240.0683586698913,1.6727339049369558,0.1756452023118499,9.523368033515053,1.676553573702111e-21,7.512017296222927e-20,Plaat3,20.77558256428022,DEG
Klc3,142.8299905965928,1.6722477460239824,0.22105723293092763,7.564772814045398,3.885430694941948e-14,9.53104294021888e-13,Klc3,13.410560833215898,DEG
Zscan10,1700.1645735702018,1.6715812357459119,0.12906367311718644,12.951601293945506,2.3010362946849734e-38,2.825729385584127e-36,Zscan10,37.63807653106752,DEG
Pipox,524.0598070950851,1.6685270311607336,0.20303220345044212,8.218041290026202,2.0685375461733352e-16,6.09651643608479e-15,Pipox,15.684336591786643,DEG
Rorc,47.30046376864982,1.6648007699662966,0.3507147254598962,4.746880153900651,2.0657826974045074e-06,1.8680309537347852e-05,Rorc,5.6849153644628565,DEG
Prss8,339.81683761337604,1.660337947680451,0.19952367626381143,8.321508398257166,8.685086271297148e-17,2.6871089623823558e-15,Prss8,16.061225863231595,DEG
Ptgs1,112.7491551349977,1.6586210817658793,0.3529782326206492,4.698933045960438,2.615241665048695e-06,2.3133667267442743e-05,Ptgs1,5.582488173355879,DEG
Adgrg1,233.69734047493438,1.6582773555296484,0.19250698805793043,8.614115114775101,7.048384696315228e-18,2.417595950836123e-16,Adgrg1,17.1519104004349,DEG
Ccdc151,36.930490778233434,1.6569664244876423,0.38408493159096957,4.314062563256777,1.6028155555193407e-05,0.00012087343692760334,Ccdc151,4.795116451338271,DEG
Gsn,208.26457851257408,1.656758485574858,0.2610612785002328,6.3462436677424785,2.2063568263353564e-10,3.5889830501321e-09,Gsn,9.656324249295386,DEG
Paqr7,55.087074100178505,1.6520063181486009,0.3446474966388567,4.793321681601178,1.640422702581297e-06,1.5052845592782438e-05,Paqr7,5.785044228937371,DEG
Gjb2,43.21176408191246,1.651730712082834,0.4867190141000631,3.393602189831975,0.0006897981672439658,0.003475897856927927,Gjb2,3.1612779638638004,DEG
Mturn,179.80012845479507,1.6513697544115116,0.2275493543493348,7.257193759716502,3.952034070652734e-13,8.774750647496148e-12,Mturn,12.40317931999719,DEG
Nmi,21.080989927615143,1.6485562463850534,0.49014680646216624,3.363392813439259,0.0007699072747257609,0.00381958486867688,Nmi,3.113561576775362,DEG
Pcdh7,132.54739848904788,1.648168742026865,0.31128433713325554,5.29473714355667,1.1918772672405566e-07,1.3172892419157573e-06,Pcdh7,6.923768463475361,DEG
Otx1,24.52892383788522,1.6478138865054732,0.5304931320257176,3.106192685687003,0.0018951318100514122,0.008237219189242473,Otx1,2.7223605786314162,DEG
Adamts9,132.13274325157352,1.647727944383893,0.37395320301612067,4.406241024529642,1.0517992467063293e-05,8.267283371780211e-05,Adamts9,4.9780671445621145,DEG
Foxr2,145.48051517341324,1.6459414625392428,0.2769106498344876,5.943944241664375,2.7824428058093298e-09,3.9230274400262795e-08,Foxr2,8.555573753992963,DEG
Abca8b,30.748462266424838,1.6438798425831043,0.47731957048314577,3.4439816513686186,0.0005732146017445001,0.0029550482734141187,Abca8b,3.2416827551618312,DEG
Krtcap3,189.32837087856456,1.6412442006824202,0.19825442929909323,8.27847431446984,1.2476340202944864e-16,3.777843409397034e-15,Krtcap3,15.903912791477632,DEG
1810010H24Rik,15.664038182694684,1.6386552015171092,0.578851712609052,2.830872166087609,0.004642127023298589,0.017678115429077743,1810010H24Rik,2.333282980044924,DEG
Pmaip1,1486.3702070732609,1.6371241515306771,0.15676179862474215,10.443387138276208,1.5710306743970783e-25,9.357510250435772e-24,Pmaip1,24.803815335271082,DEG
Cyp2j9,17.408414936916547,1.6359729567267018,0.811542498725323,2.0158808186833084,0.04381243981881024,0.1123781172969844,Cyp2j9,1.358402561239944,DEG
Pi4k2b,2057.2857106326087,1.6333376895800302,0.19651844505284438,8.31137092063201,9.460271490556503e-17,2.913353576364258e-15,Pi4k2b,16.024096400050773,DEG
Pde4d,533.561125090859,1.63308145522905,0.1520728098433124,10.738812920677201,6.689901623606854e-27,4.392373033004447e-25,Pde4d,26.1745802685758,DEG
Pacrg,16.6860561060145,1.6329585493611158,0.4731542356933061,3.451218283966887,0.0005580620204697899,0.002888159686583247,Pacrg,3.2533175328706387,DEG
Arc,196.90919875713925,1.6324964657641328,0.2835434497877391,5.757482555094188,8.537758905089999e-09,1.1361215763067588e-07,Arc,8.068656113255122,DEG
Cpeb1,489.08236052528906,1.632037065657215,0.2174583918112154,7.505054424729002,6.140308439975371e-14,1.4860741618597326e-12,Cpeb1,13.211809812830353,DEG
Grin2a,10.012832418297073,1.6316457490046872,0.6473408239279619,2.5205358424703057,0.011717630391891259,0.03852429995311266,Grin2a,1.9311602050222791,DEG
Kcnma1,11.350310821763147,1.6296853882643885,0.8275666599865832,1.9692496895546876,0.04892442539879632,0.1225513118715253,Kcnma1,1.3104742662851367,DEG
Patj,802.5850535434325,1.6275801903178628,0.1391518205295561,11.696434758265788,1.3292153877745726e-31,1.2185903651791404e-29,Patj,30.876404639717354,DEG
Prxl2a,457.9682438978774,1.625969972508595,0.15106408097721846,10.763445300764797,5.1218728147839376e-27,3.396484592577055e-25,Prxl2a,26.290571210038483,DEG
Mamstr,20.04426119438017,1.6246101298693119,0.5141925222166926,3.1595366709449415,0.0015802021305942966,0.0070803020689285895,Mamstr,2.8012873569778205,DEG
Pstpip2,127.96964874490445,1.6244734485723227,0.22928622575754531,7.084915123903228,1.3912954662293031e-12,2.919665823329721e-11,Pstpip2,11.856580630089502,DEG
Bcas1,70.64596878695944,1.6236495059547673,0.3598517865737035,4.511995122809312,6.422066530767595e-06,5.251154605963441e-05,Bcas1,5.192325199579922,DEG
Slc13a4,43.790392763381746,1.6213672394001133,0.502656789575708,3.2255950243280456,0.0012571109688769106,0.00582687922060514,Slc13a4,2.900626384172621,DEG
Fuom,137.21097115723063,1.620708266295292,0.2401202565722359,6.749569109375538,1.482848668892956e-11,2.8148655934118766e-10,Fuom,10.828903168336579,DEG
Ppp1r3d,12.640877406229102,1.6166293677903036,0.6674811938839206,2.4219848927630556,0.01543599223909869,0.04835201221927717,Ppp1r3d,1.8114654484549724,DEG
Cfap70,17.81871537874646,1.607779557138872,0.4385321441992305,3.6662752740160323,0.000246108998619774,0.001403293900413237,Cfap70,3.6088725066569474,DEG
1700019D03Rik,922.2730919664958,1.6062515426342998,0.15626203989001455,10.279217804687974,8.74342924392462e-25,4.984005197095599e-23,1700019D03Rik,24.0583182001325,DEG
Itpripl2,16.93471176453552,1.606093999503689,0.488517222039006,3.287691665812857,0.001010124038628893,0.00481701395515283,Itpripl2,2.9956252935594527,DEG
Mpig6b,35.957906672162345,1.6042575188008674,0.5440274395740566,2.948854050554715,0.0031895456499224668,0.012823933136531438,Mpig6b,2.496271177690492,DEG
Erap1,309.4153051515279,1.6039591395760635,0.25526139711100093,6.283594612148027,3.3083271267373897e-10,5.277458964831991e-09,Erap1,9.480391554043068,DEG
Phactr1,99.50437269632882,1.6039054168844982,0.2797567440165092,5.73321448433017,9.854488722838877e-09,1.2914703468521517e-07,Phactr1,8.006365903156212,DEG
Myo1d,150.98238301220744,1.602430213981008,0.19583863447399774,8.182400874500424,2.7824361000318463e-16,8.152250924010831e-15,Myo1d,15.555574800658023,DEG
Cth,1291.3040062792415,1.6007136246604095,0.14968710423786855,10.693730985113502,1.0890012207025258e-26,7.056869799562231e-25,Cth,25.962971633426893,DEG
Chdh,14.966515516298669,1.6001299486905838,0.5751684235278542,2.7820198106078626,0.005402174240864722,0.0200917656286713,Chdh,2.2674314122578414,DEG
Nodal,2034.0364725123698,1.5997057746930308,0.23458240586495008,6.819376622874211,9.14364011144472e-12,1.7694900425786116e-10,Nodal,11.038880875864033,DEG
Pla2g5,41.48005231780551,1.5973685971917664,0.4288719496209389,3.7245816580068025,0.00019563937961838913,0.001148775034866657,Pla2g5,3.708543723016659,DEG
Ccdc60,42.27362683468095,1.5948798417295802,0.31245096028023084,5.1044165148321685,3.318167182879123e-07,3.4185198309786264e-06,Ccdc60,6.479101736222227,DEG
Phyh,950.7428324861747,1.5880220788264476,0.07374296243969168,21.53455768915116,7.389661452482334e-103,8.647642643275503e-100,Phyh,102.13137545777387,DEG
Actc1,83.1138890371747,1.5860054796993468,0.38099619818500985,4.162785579632452,3.14388566538863e-05,0.00022300842775144905,Actc1,4.5025332564601435,DEG
Kctd19,23.175011987310004,1.5858028169152327,0.5527966292965094,2.8686911838325244,0.00412174013957697,0.01598399577714313,Kctd19,2.384919392349452,DEG
Rhoj,31.745666661538674,1.5821754501970304,0.5790971023156646,2.73214188755272,0.006292403585426436,0.02287665879540817,Rhoj,2.201183430151958,DEG
Dennd2c,749.0802219181852,1.582053882613098,0.14133968323233428,11.19327457393913,4.398823813267383e-29,3.340084005387074e-27,Dennd2c,28.356663432535097,DEG
2810459M11Rik,17.434623832114376,1.5816976960896827,0.7286071531540924,2.170851177129702,0.02994242393445951,0.08288222926842041,2810459M11Rik,1.5237130450501024,DEG
Naprt,245.2340397285984,1.5816430374353274,0.17446466725202217,9.065692568860216,1.2381514853503795e-19,4.916524081748593e-18,Naprt,18.907226217006528,DEG
Ugt8a,442.50501711607353,1.5788654357655978,0.22550055083175785,7.001603454811792,2.5304946659315845e-12,5.152677674927629e-11,Ugt8a,11.596794573810211,DEG
Il17rc,28.379642406597355,1.578707398434857,0.34031622720763893,4.638942466506694,3.501965166911917e-06,3.0251018250345495e-05,Il17rc,5.455688178039317,DEG
Cd59a,172.382945799336,1.5778016019252763,0.21075707266712423,7.486351855044511,7.081439355255786e-14,1.7055466650539783e-12,Cd59a,13.149878459752003,DEG
E030044B06Rik,15.468004256952282,1.576403817654064,0.5907795023808486,2.668345484738616,0.007622583100960282,0.026854922443105275,E030044B06Rik,2.117897832283439,DEG
Lgals12,11.653242623794961,1.5752286294137905,0.7400954468573675,2.1284128095945056,0.03330287201047161,0.09033642429456261,Lgals12,1.4775183117034314,DEG
Arfgef3,122.7399228579908,1.5751530248871557,0.2818556237477398,5.5885101880986925,2.2902594324915237e-08,2.8317228806703774e-07,Arfgef3,7.64011531953006,DEG
Gpc4,792.3733152627324,1.5741800509291306,0.15793201683715544,9.967453607283925,2.1158382211215567e-23,1.0876611258654329e-21,Gpc4,22.674517541911044,DEG
Nmnat3,17.48288277616526,1.573922009329882,0.6404312799450539,2.457597026592638,0.01398700221712253,0.04467845570125813,Nmnat3,1.8542753562779788,DEG
Slit2,566.4229078378785,1.573177589458767,0.2506725544580202,6.275827016085341,3.4778067960245177e-10,5.521746879498145e-09,Slit2,9.458694548196176,DEG
Hook1,2306.5655301876736,1.5725470471574876,0.08895577607602329,17.677852035303015,6.211805392869001e-70,3.53079018530674e-67,Hook1,69.20678215856599,DEG
Fam210b,398.8532534210417,1.5701695781636429,0.13933615766655946,11.268931226890592,1.8682384247121662e-29,1.4748704452866601e-27,Fam210b,28.728567699878273,DEG
Pld2,65.22377537184617,1.5685646081782059,0.4841691247543559,3.239703913325782,0.001196538769321063,0.0055838475901649615,Pld2,2.9220732251496435,DEG
Hspa2,121.74488326687924,1.5684377785592183,0.22001305872061852,7.128839477437037,1.0121869268399427e-12,2.1605629530637145e-11,Hspa2,11.994739276232862,DEG
Car5b,11.489245726333818,1.5683625546112279,0.5820639098407066,2.694485138307994,0.007049747044300711,0.025201121823649263,Car5b,2.1518264658788517,DEG
Rxrg,317.9168295318578,1.567998363972958,0.23581352562550056,6.649314791481141,2.944606184843473e-11,5.389144014836803e-10,Rxrg,10.530972780057136,DEG
Vtn,312.75464904240187,1.5647749986363813,0.5025133584164994,3.113897317212103,0.0018463373362032959,0.008069208033046654,Vtn,2.733688948019024,DEG
Tppp3,109.63524989566211,1.5599579714439558,0.2780200081393496,5.6109557793483384,2.012121816338749e-08,2.50652169156187e-07,Tppp3,7.696345730096105,DEG
Kif1a,1389.5284343002727,1.5586042251601349,0.1417804569350878,10.993082254444417,4.125907718020881e-28,2.900381913155739e-26,Kif1a,27.38448048988747,DEG
Klhl8,514.1165012226314,1.555841883100045,0.14569968807259848,10.678416019153095,1.2844452586885953e-26,8.242823863339004e-25,Klhl8,25.89128440004386,DEG
Rimkla,264.49132612667654,1.5553361397060619,0.2305904703201569,6.745014820198765,1.5301140528228172e-11,2.8962977133070527e-10,Rimkla,10.815276196198413,DEG
Als2cl,86.66855427209734,1.5535512861272143,0.30749804406842635,5.052231440475468,4.3667810988050916e-07,4.421004741965827e-06,Als2cl,6.359838578164256,DEG
Agpat3,403.04824577581803,1.5530218858072395,0.17572868343128092,8.837611797248524,9.77863707955605e-19,3.615914610793458e-17,Agpat3,18.009721671804986,DEG
Clnk,15.803989391065343,1.5495716664571089,0.5039229161785844,3.0750172629735273,0.002104903699173636,0.009022830034768437,Clnk,2.676767768652157,DEG
Map2,348.0238036109135,1.5466466514853554,0.17677313702216252,8.749330795048616,2.1462167169426333e-18,7.707009994017463e-17,Map2,17.668326426722224,DEG
Cacna1h,40.53769860654699,1.5442941268357824,0.42801082753741315,3.608072570782787,0.0003084802130668885,0.0017146983399700137,Cacna1h,3.5107726878105168,DEG
Iqcg,130.45614583226728,1.5429645932882161,0.18468691001528414,8.35448810725419,6.571706849023699e-17,2.0686318995961623e-15,Iqcg,16.182321817831458,DEG
Carmil2,96.6832366478773,1.5426654384257625,0.24912820035916838,6.192255377760126,5.930935389597564e-10,9.090140881406313e-09,Carmil2,9.226876807056547,DEG
Oas1g,10.913944199568247,1.542458153893083,0.6882019683508451,2.2412870419265327,0.025007487777674402,0.07169606021747436,Oas1g,1.6019299347826517,DEG
Dennd3,102.10355907781091,1.5392247621364077,0.2595765654899881,5.929752399762665,3.033918201172186e-09,4.268512637490768e-08,Dennd3,8.517996132599533,DEG
Cntfr,243.91685906004014,1.5375432624550012,0.22930167244360894,6.705329473046569,2.0095244020850317e-11,3.7467177558650063e-10,Cntfr,10.696906715709055,DEG
Pnmal2,61.252891486740936,1.5331118447042833,0.3389410532496576,4.523240339301778,6.09000199907726e-06,4.994002463711584e-05,Pnmal2,5.215382564807506,DEG
Loxl3,61.391398880883806,1.5321009980248792,0.33278697494957543,4.6038490486504955,4.147531365643792e-06,3.539724967315213e-05,Loxl3,5.382210320945672,DEG
Vill,229.563429233498,1.531845596194701,0.1959710950875872,7.816691515195437,5.4229784989809044e-15,1.4289368775990212e-13,Vill,14.265762117451409,DEG
Gm44075,10.824983334022107,1.530947054427895,0.508566171550073,3.010320269163163,0.0026097234922265967,0.010850123125257244,Gm44075,2.5834055049842046,DEG
Chd5,34.37130286515051,1.528766287221271,0.552980289750305,2.7645945353885515,0.005699358988688738,0.021015147542747727,Chd5,2.244173987016977,DEG
Hspa4l,142.56311809020596,1.5285937264420966,0.22347813376152992,6.840014728569532,7.918503881428864e-12,1.5504991753656083e-10,Hspa4l,11.101356866064314,DEG
Fam102a,250.4721617130088,1.5280789098095429,0.2792148766033668,5.472770392460948,4.4305400378438274e-08,5.237145782107255e-07,Fam102a,7.3535433344628744,DEG
Aadac,40.01514091496293,1.527035602764615,0.6877172210652935,2.2204411289849535,0.026388837764299164,0.07465579329962564,Aadac,1.5785797368609171,DEG
Prrg4,405.2017516085863,1.526490073109641,0.22427692675474467,6.8062733656900685,1.0015931275592689e-11,1.9270496788843419e-10,Prrg4,10.999308664039123,DEG
Dcx,21.722150800317806,1.525930638836765,0.6699962141033161,2.277521285517981,0.02275511502007333,0.06646458056222858,Dcx,1.6429209649276648,DEG
Socs2,1627.090997764369,1.5258095266718414,0.10221242655954578,14.927828034519386,2.1722706422619113e-50,4.855635073838029e-48,Socs2,49.66308606715014,DEG
Ar,184.53324749800663,1.525209909694175,0.23647951307201168,6.449649231262265,1.121093212152798e-10,1.9045224781141376e-09,Ar,9.950358276931643,DEG
Mir9-3hg,59.54247384475419,1.524704391496169,0.3761479336189197,4.0534700718065535,5.0463458407904885e-05,0.00034258042445988455,Mir9-3hg,4.297022989331703,DEG
Xkr4,32.51799813457745,1.5211186232218816,0.4398261156044606,3.4584545329496454,0.0005432839632935556,0.0028197472386543164,Xkr4,3.264973114321897,DEG
Mettl7a1,123.2808567032174,1.5204631602291823,0.2471458501902189,6.152088570610992,7.646914951547806e-10,1.154231608847436e-08,Mettl7a1,9.116513739977002,DEG
A4galt,125.98075097038856,1.5164245210301457,0.2791737838305504,5.4318299527385685,5.577906355562432e-08,6.481709640044336e-07,A4galt,7.253528781142734,DEG
Gm18562,18.661702588305705,1.5161497576495575,0.6313327904717838,2.401506432948882,0.016327721981102335,0.050714082918352825,Gm18562,1.7870744031413905,DEG
Glipr2,1154.1105462896944,1.5159629550804299,0.13224649035329283,11.463162092472752,2.020024767928905e-30,1.739669815289075e-28,Glipr2,29.69464330554897,DEG
Ltb,29.78244335231332,1.515323937928253,0.4864872604197685,3.114827583811232,0.0018405245882115323,0.008049108849830781,Ltb,2.73505837628672,DEG
Zbtb7b,217.75113178164557,1.515119089991697,0.2051927864839047,7.3838808661558035,1.5374102376059377e-13,3.5688727265965606e-12,Zbtb7b,12.813210231292663,DEG
Elmo1,1265.4387386483595,1.5148978496911478,0.13735059085595444,11.029423610415243,2.75625844002143e-28,1.9795308810753187e-26,Elmo1,27.559680063319924,DEG
Tmprss2,250.4346735640886,1.5148557894381751,0.2966373461283344,5.106760187851741,3.2772924050490716e-07,3.3816626092347628e-06,Tmprss2,6.484484808469926,DEG
Efcab10,34.67862570633715,1.5144614757813966,0.330425092306087,4.583373088320077,4.575346227627963e-06,3.863409925824733e-05,Efcab10,5.339576036229461,DEG
Olfm4,25.619228015118736,1.5129325436160483,0.6592471982714063,2.294939663881874,0.021736582317047903,0.06399697626392645,Olfm4,1.6628087398048752,DEG
2410080I02Rik,20.53444570418086,1.5109005450606008,0.5545270823473192,2.724665022066988,0.006436675509735072,0.023332948722789636,2410080I02Rik,2.1913383842815666,DEG
B4galnt2,22.135437445866597,1.51083241503026,0.4207525341379287,3.5907862518897806,0.00032968192878366073,0.0018142993889964443,B4galnt2,3.4819048576631264,DEG
Arsi,42.86029200480819,1.510699598229732,0.3125343470721725,4.833707438500739,1.3401349390754953e-06,1.251086085310554e-05,Arsi,5.872851470034163,DEG
Clvs2,96.1653547051942,1.5083293545799386,0.3969377999305364,3.799913625872603,0.00014474652944966059,0.000877655427269597,Clvs2,3.8393918404428806,DEG
5830418P13Rik,12.940939698190833,1.5057727199943167,0.6938870685268619,2.1700544487608147,0.030002721386169273,0.08297986087257772,5830418P13Rik,1.5228393509672147,DEG
Rbpms2,4973.966004896894,1.503386201921966,0.06841022197404022,21.976046247773606,4.8817130389805517e-107,6.936914228391364e-104,Rbpms2,106.31142775323717,DEG
Gm5802,14.860560189635187,1.5002804874615867,0.5833933003290774,2.5716450405160916,0.01012166083167481,0.03407688620499893,Gm5802,1.9947482196255288,DEG
AU022751,10.88239686120302,-1.5004342990988055,0.6945398545922318,-2.1603285818345426,0.030747241853263222,0.08465065450163556,AU022751,1.5121938360392069,DEG
6720482G16Rik,24.550118730443184,-1.508424249332042,0.35472435793476614,-4.252384183917366,2.1150660674963474e-05,0.00015561066696291543,6720482G16Rik,4.674676062189194,DEG
Gm37531,25.418631689587233,-1.5087088573166223,0.6487118919026241,-2.325699399299881,0.020034592565827798,0.06005246112770502,Gm37531,1.6982194851859584,DEG
Stx1b,25.832985747626395,-1.5087338254320413,0.4380508942824749,-3.4441975695617275,0.0005727570056408305,0.002953454606070161,Stx1b,3.2420295900607865,DEG
Ccdc141,17.05819737356482,-1.5094752996217413,0.6367106452425807,-2.3707398500407444,0.01775252141751986,0.05430022464331797,Ccdc141,1.7507399547245583,DEG
Glis3,36.39755504543021,-1.5136944711171312,0.4184331582813782,-3.617529923618618,0.0002974279530611813,0.0016592909978124344,Glis3,3.5266182177584575,DEG
Actn2,60.48856465829762,-1.514674154001266,0.28049668469277184,-5.399971681163682,6.665141744045129e-08,7.646847165861234e-07,Actn2,7.176190610240809,DEG
Myrfl,18.24058701572734,-1.5172081551635257,0.4333391523597344,-3.5012025728615046,0.0004631636405344546,0.0024525359235540163,Myrfl,3.3342655411092896,DEG
Asic2,13.035270087101372,-1.5190436445461681,0.651094644891982,-2.333061186209235,0.019644934213049796,0.05910712662347438,Asic2,1.7067494212149796,DEG
H1f5,156.0199015396204,-1.5192785457183922,0.3441459153922828,-4.414634832979514,1.011806373698439e-05,7.978151406403783e-05,H1f5,4.994902589156209,DEG
Gdf3,616.1773211971115,-1.520035999888084,0.20232661710776553,-7.512783150416956,5.788336623322027e-14,1.406021596878735e-12,Gdf3,13.237446220227469,DEG
Gpr161,23.99758473595759,-1.5208357799146075,0.4139843189540196,-3.6736555233714627,0.00023910503208800566,0.0013688505060025279,Gpr161,3.6214112838379826,DEG
AW551984,237.77690293727875,-1.5212295845993749,0.18941514589795716,-8.031192951269592,9.652939893473117e-16,2.6708704623192517e-14,AW551984,15.01534039804839,DEG
Gm19784,19.235841407351636,-1.5218084725031988,0.7613079269434283,-1.9989394811808945,0.045614902280164196,0.11607353107720474,Gm19784,1.3408932511790295,DEG
Cerox1,43.15955116460536,-1.5228279814707302,0.3073004903643866,-4.955501306441171,7.214403781284109e-07,7.059682677071622e-06,Cerox1,6.141799554410759,DEG
Spag9,695.6784773796694,-1.5251398350613243,0.16118664018780443,-9.46194941022611,3.022547991941273e-21,1.3422002176714215e-19,Spag9,20.519626794695544,DEG
Zfp600,39.53575494595775,-1.5287507706522938,0.3584329301584107,-4.265095759970093,1.9981648258537837e-05,0.00014744618340332036,Zfp600,4.699368690281056,DEG
Rab26os,54.52424400782964,-1.5292306112666079,0.34098863207657465,-4.484696753536329,7.301770312712385e-06,5.919373211128777e-05,Rab26os,5.136571832505228,DEG
Gm45205,18.110368464760672,-1.5293103593533208,0.7573604479927999,-2.0192635665176164,0.04345983252267454,0.1116752658494042,Gm45205,1.3619119516146299,DEG
Greb1,528.0488945541734,-1.5309734735554381,0.1662039270682517,-9.211415762316754,3.218514409378339e-20,1.3256547755729334e-18,Greb1,19.49234454218221,DEG
Adamts18,25.12943082573321,-1.5323138369449416,0.4604055118268463,-3.328183085525763,0.0008741439804293321,0.004252927450883134,Adamts18,3.0584170287431465,DEG
Osr2,24.9405196543934,-1.5337173613782686,0.5575504600075274,-2.750813552117888,0.005944746836843219,0.021763856012543062,Osr2,2.225866635528568,DEG
Rspo4,14.276883114087576,-1.5338554408740441,0.5039898680240882,-3.043425152349955,0.0023390161877595845,0.009850209153109479,Rspo4,2.630966772534441,DEG
Alpl,1366.7852065744953,-1.5341777135165193,0.18454701258405073,-8.313208065710564,9.314899010871669e-17,2.877493803141009e-15,Alpl,16.030821849222804,DEG
Abcd2,58.4996669222875,-1.5344210581688869,0.3481633882655906,-4.40718671142521,1.0472191161674549e-05,8.237792446435487e-05,Abcd2,4.979962438678207,DEG
Adgrl3,23.902393202945273,-1.53497015382729,0.59816544829805,-2.56612975255377,0.010284035049938937,0.034538901751205886,Adgrl3,1.987836451868818,DEG
Gm3325,781.8206125845953,-1.5357292415902284,0.14054603653531259,-10.926876911284312,8.574899651815492e-28,5.964652226336272e-26,Gm3325,27.066770953607968,DEG
Plppr3,162.2249186715477,-1.540637622922856,0.2785102519612808,-5.531708840423724,3.171259929950009e-08,3.8422073718894934e-07,Plppr3,7.498768159891382,DEG
Sox14,24.004982506512405,-1.541284385282727,0.773866477254599,-1.9916670776987933,0.046407598243189,0.11763924050076477,Sox14,1.3334109072698452,DEG
Lrp4,358.6039311174573,-1.543311211995623,0.19361586205839348,-7.970995741713398,1.5740093483780843e-15,4.2836309133561704e-14,Lrp4,14.802992692601503,DEG
Hacd4,42.30362095863311,-1.5440385424135163,0.31642920673896296,-4.8795702467732855,1.063172512860586e-06,1.0115138197440696e-05,Hacd4,5.97339626011958,DEG
Triml2,412.45969279441357,-1.544351267700036,0.21226670853948718,-7.275522753078097,3.4508152254992733e-13,7.730914200009294e-12,Triml2,12.462078294459435,DEG
H2ac8,304.96233051150415,-1.546629673416366,0.35452250195373236,-4.362571246939389,1.2854270471457738e-05,9.896825564514223e-05,H2ac8,4.890952566178708,DEG
Upk1a,48.663226243804814,-1.5499919637813262,0.351284436157369,-4.412355926543123,1.02251835724256e-05,8.05304045882165e-05,Upk1a,4.99032888637433,DEG
F11r,3099.300333441812,-1.5500891693853478,0.12368940323385486,-12.532109694592455,4.981954242587581e-36,5.663485582973563e-34,F11r,35.302600265615844,DEG
Foxr1,13.982144977105936,-1.551381885933294,0.6174710306674407,-2.5124771995479116,0.011988685185695127,0.039279134236531434,Foxr1,1.9212284439160177,DEG
Alx1,79.28408764064184,-1.5514218003467182,0.46194643606530933,-3.3584452205350064,0.0007838225514896979,0.0038828102189581797,Alx1,3.105782245519002,DEG
Plekhg6,34.66881309078124,-1.5514789640520916,0.3985612716772703,-3.892698749988888,9.913522395597427e-05,0.0006284882553792709,Plekhg6,4.003772007959913,DEG
Dlg3,46.24260876510012,-1.5535575628790186,0.28006627315866794,-5.547106923506175,2.9043514520231012e-08,3.5447342200335933e-07,Dlg3,7.536950831346976,DEG
Serping1,79.35446549067626,-1.553589599658398,0.2766565914045848,-5.615588595850283,1.958942509697553e-08,2.447939842206226e-07,Serping1,7.707978309328124,DEG
Etnk2,163.85818666274514,-1.5551249581133972,0.1871868327543862,-8.307875801039522,9.74304245548278e-17,2.9865652790350452e-15,Etnk2,16.01130540500004,DEG
Grhl3,218.37489902339857,-1.5574112088114265,0.17532836099436883,-8.882825345418286,6.518326219171699e-19,2.4559769281098824e-17,Grhl3,18.185863908424277,DEG
Foxp1,947.9125200293228,-1.5578320697430827,0.13605584431890747,-11.449945994907868,2.3529205626458242e-30,2.000384686892138e-28,Foxp1,29.628392734866875,DEG
Plagl2,724.0283265499505,-1.5622355295204366,0.1393449031720557,-11.211285766164487,3.589409171531518e-29,2.7677405449010864e-27,Plagl2,28.44497703182851,DEG
Pip5k1b,34.038290744408066,-1.564947902715996,0.31140761892795993,-5.025400175189761,5.023838392617424e-07,5.034974356812647e-06,Pip5k1b,6.298964339478531,DEG
Insyn2b,30.576480227492667,-1.5670735832077007,0.55204184584044,-2.8386862246320383,0.0045299677692605895,0.017343952810175166,Insyn2b,2.3439048879832103,DEG
Gm48168,17.544693869237044,-1.5680138194713562,0.5075830730493786,-3.089176733280894,0.0020071200229862915,0.008670932841973785,Gm48168,2.6974266565299008,DEG
Mob3c,47.21540486149399,-1.5707336852759046,0.2839082671957467,-5.53253943884955,3.156274436180909e-08,3.8263816961232787e-07,Mob3c,7.500825242174508,DEG
Radx,39.728689242053896,-1.5707914860500443,0.5150694458250694,-3.0496693189281596,0.00229093456547691,0.009688744099829434,Radx,2.639987315113588,DEG
Nlrp4f,37.398760441569145,-1.5718606696590234,0.5459161139779032,-2.8793080647600138,0.0039854881035127085,0.015522180957572794,Nlrp4f,2.3995184828799188,DEG
Vwa3b,26.304487614165083,-1.573476665828274,0.7660322809912713,-2.0540605205202875,0.03996983451415476,0.10436538756065034,Vwa3b,1.398267649831919,DEG
Taf7l,22.062583640147235,-1.5759429388888981,0.5641910893207706,-2.793278675822717,0.005217672043297369,0.019529702282099316,Taf7l,2.2825232219514695,DEG
Ctnna2,43.2809717507045,-1.5781913791422195,0.5108206976179527,-3.0895212087168846,0.0020047939232272606,0.008662765054014579,Ctnna2,2.6979302627470063,DEG
Gm48735,11.060758791370652,-1.5803494363073778,0.6255590792957245,-2.526299255518101,0.011527124497783398,0.03799844486477264,Gm48735,1.9382790162520611,DEG
Kitl,469.192524210489,-1.58270567216338,0.29950032154564254,-5.284487388846368,1.2605723216357513e-07,1.387815482380832e-06,Kitl,6.899432232902002,DEG
Gpr20,12.493160521444489,-1.5835011248441286,0.5413187172340848,-2.925265789690713,0.0034416213401284573,0.013697848493207002,Gpr20,2.4632369140604893,DEG
Cuedc1,54.051004128936036,-1.5849170709422418,0.34541601273817757,-4.5884296398951125,4.465927766094452e-06,3.787091516567904e-05,Cuedc1,5.350088305680229,DEG
Col9a1,89.26119912921891,-1.587746641769396,0.7816070566573744,-2.0313872914090148,0.042215722583890614,0.10916932082203559,Col9a1,1.3745257727413307,DEG
Tenm1,56.91393004481222,-1.588094221366721,0.5408159459618131,-2.9364781738126777,0.003319621798218226,0.013294008653205673,Tenm1,2.478911392290844,DEG
B230377A18Rik,18.728698858788313,-1.5883843169699192,0.38982552731198045,-4.074603138287357,4.609288234122343e-05,0.0003158704103673093,B230377A18Rik,4.336366133148026,DEG
Gdpd1,488.6758911372652,-1.5887167854776705,0.16034505177972377,-9.908112335516234,3.8382932752978757e-23,1.928257737847877e-21,Gdpd1,22.415861844874783,DEG
Fgf4,603.9731801248296,-1.590118870835808,0.3753729798765434,-4.236103705063649,2.2743176836828816e-05,0.00016606856445743415,Fgf4,4.643148871823262,DEG
Rasgrp3,267.9839122440862,-1.5948655457496477,0.4468317633696258,-3.569275231739404,0.00035797019365082215,0.0019521543400464515,Rasgrp3,3.4461531333334428,DEG
Gm13147,85.66461598332148,-1.6016805523248983,0.30909335962268913,-5.181866586458127,2.196763269929969e-07,2.324596196382277e-06,Gm13147,6.658216741487551,DEG
Pik3c2b,251.58676096573376,-1.6017453384505715,0.22334671724268593,-7.171564275601748,7.414561054662266e-13,1.5998403212738732e-11,Pik3c2b,12.12991455430258,DEG
Prtg,6672.80436896897,-1.602444641743763,0.1655206481542241,-9.681237112186045,3.6230502492538106e-22,1.684041160248956e-20,Prtg,21.44092564255329,DEG
Ly6h,26.747215109553316,-1.602621191758809,0.6906790088089186,-2.3203560138921002,0.02032162629077578,0.06065515954329222,Ly6h,1.6920415394566306,DEG
Ret,136.39288384718893,-1.6041303124035797,0.37529841583227214,-4.274279465971675,1.9175639648061662e-05,0.00014218418753579525,Ret,4.717250140234771,DEG
Hpse,20.148759246352363,-1.6045892912690856,0.4757895426965275,-3.3724770035404905,0.0007449530716790449,0.003718534399153535,Hpse,3.1278710847721953,DEG
Slc1a1,11.974882947487021,-1.6050391066503107,0.7964251949057246,-2.0153042833361194,0.04387277640616393,0.11251837228622215,Slc1a1,1.3578048812156835,DEG
Ooep,155.15438060858284,-1.606002308163934,0.2209981711101771,-7.267038908495188,3.674529945860186e-13,8.195190442033917e-12,Ooep,12.434798208954128,DEG
Gm43684,14.778713377046591,-1.6067569198118086,0.5811198415624489,-2.764932127410662,0.005693464082201306,0.020998475055860732,Gm43684,2.244623414796443,DEG
H2ac4,45.066170508707636,-1.6081244265222006,0.5819496590678604,-2.7633394082540037,0.005721323862257352,0.02107387834026065,H2ac4,2.2425034677892497,DEG
Kctd15,240.63039174575098,-1.6101032929297552,0.1902803103835144,-8.461744095774042,2.6340803503559363e-17,8.647259816828548e-16,Kctd15,16.579370981392472,DEG
Gm26766,12.171594825149034,-1.6111760929017196,0.5624692863774748,-2.864469459796342,0.004177084319287185,0.016176545736402426,Gm26766,2.379126757909038,DEG
1700029P11Rik,23.408676030471856,-1.6121744922011794,0.5758778246930731,-2.7995078523129857,0.00511805717353392,0.01921468756563197,1700029P11Rik,2.290894866942072,DEG
H2ac15,11.543386332816082,-1.6121914350904778,0.5780488957972996,-2.789022601395668,0.005286737544511509,0.01975105290338253,H2ac15,2.276812249231666,DEG
Skap2,1741.1097895594153,-1.6147154314982513,0.10979193973335497,-14.707048945667713,5.8085789259183874e-49,1.229317756938515e-46,Skap2,48.23593010515198,DEG
2810410L24Rik,10.967714449636588,-1.6183905212396053,0.6156441179433095,-2.6287760640777074,0.0085692769860972,0.029627597560204673,2810410L24Rik,2.0670558191730124,DEG
Cdh6,120.2016783108787,-1.6184282056984902,0.4621576576460066,-3.5018963310960403,0.0004619593289247499,0.0024474617548945338,Cdh6,3.3353962582124237,DEG
Gabrb2,17.687896069672284,-1.6185159346586704,0.5632682126467743,-2.8734373755148197,0.004060315673815508,0.015770386570653203,Gabrb2,2.391440200396525,DEG
Flvcr2,80.42090123518835,-1.6191074156338714,0.33564964242605577,-4.823801997615903,1.40847243242083e-06,1.309964963561477e-05,Flvcr2,5.851251648901622,DEG
Slc26a1,10.887581690625273,-1.6218127391949924,0.6535996789228851,-2.4813548590900423,0.013088400082861587,0.042317671257670796,Slc26a1,1.8831134380673553,DEG
Cited4,17.619856717927235,-1.623105853971868,0.4755440587734896,-3.413155572079144,0.0006421527293485747,0.00326225393198686,Cited4,3.1923616672196315,DEG
Lrp3,93.25233614583787,-1.6256928188951223,0.26257408431080603,-6.191368135824127,5.964422373060052e-10,9.127401437665898e-09,Lrp3,9.224431609385014,DEG
Fbn2,716.956969197326,-1.6259314074390885,0.2674915942597405,-6.078439256899682,1.2135793697405188e-09,1.7844011811986606e-08,Fbn2,8.915931814953698,DEG
Slc2a4,55.42604497700082,-1.6268299137259477,0.33162803006259894,-4.905586278152855,9.314868321153711e-07,8.926300114693251e-06,Slc2a4,6.030823280091468,DEG
Etv4,2062.359084145527,-1.6292111322707203,0.13091543507859588,-12.444759712959845,1.4933310511352713e-35,1.678436606287293e-33,Etv4,34.82584390443588,DEG
Nkx6-1,121.02077859810763,-1.6322624541873278,0.47124469280334835,-3.463725913765304,0.0005327490352865308,0.0027723016761679944,Nkx6-1,3.273477328042884,DEG
Gm5953,17.2422917045296,-1.6351234377762713,0.3885607347411671,-4.2081540711144685,2.574653022132074e-05,0.0001858495907920736,Gm5953,4.589281291176954,DEG
Zbtb18,49.92432303726576,-1.636121654250068,0.3320706869948952,-4.9270282452700185,8.348968963609006e-07,8.10216529570915e-06,Zbtb18,6.078367153386155,DEG
Gm25360,10.324679953882544,-1.6388276209839772,0.6840467264692064,-2.3957831498485387,0.016584898991884152,0.05134453478751063,Gm25360,1.7802871691490767,DEG
Dnmt3l,376.46093259543085,-1.6393497771923773,0.26783459935168047,-6.120754305681872,9.31334150165562e-10,1.3920331768139514e-08,Dnmt3l,9.03089447204074,DEG
Mras,125.25216717742569,-1.6399251185875041,0.2752722408030502,-5.957466375117809,2.5617839968461397e-09,3.6273402728296874e-08,Mras,8.591457491661025,DEG
Gm45137,22.95213526375063,-1.6421803116353817,0.6640541488176599,-2.4729614513504106,0.013399859592649704,0.043163343059613536,Gm45137,1.872899752266306,DEG
Mcmdc2,15.138695278847829,-1.648460638857615,0.5712953454575564,-2.8854788542646803,0.003908187150662702,0.015280950309607666,Mcmdc2,2.408024647472717,DEG
Rin2,437.02895726551606,-1.6492441940965021,0.17791922666089327,-9.269623216381744,1.8680464061873475e-20,7.807335127035944e-19,Rin2,19.728612339186892,DEG
Fam163a,16.15779640648655,-1.6493684331342562,0.5808789598501316,-2.8394356606749844,0.004519340786868647,0.01730659588334261,Fam163a,2.3449249088842707,DEG
Itprip,201.0069476017752,-1.6516428279651694,0.19894855359598887,-8.301858938463122,1.0249485920358354e-16,3.1225616064258666e-15,Itprip,15.989297916808281,DEG
Gm3355,16.172318896058833,-1.654616962759162,0.53136223445351,-3.113915245521514,0.0018462251523854406,0.008069208033046654,Gm3355,2.733715336638428,DEG
Ccnd2,3891.858112188223,-1.6564616821771623,0.20503101707359547,-8.079078501486332,6.525800995951223e-16,1.838870892541836e-14,Ccnd2,15.185366174139629,DEG
Gata2,18.743885623866976,-1.6566123782079207,0.6528275570921199,-2.5375956639865884,0.011161685791726708,0.036981464175711194,Gata2,1.9522702073022415,DEG
Nr5a2,118.49297801825871,-1.6588404485851929,0.39878950878906055,-4.159689289776766,3.186808188818394e-05,0.0002256169470048154,Nr5a2,4.496644075542471,DEG
Rps6kl1,79.96659800956361,-1.6625888019641748,0.2506013939271895,-6.63439566679836,3.258347235499727e-11,5.914375903561274e-10,Rps6kl1,10.487002635673363,DEG
Fli1,92.19692752693327,-1.6646078979572798,0.4231470549721298,-3.9338756548049654,8.358703696910155e-05,0.0005376270654585537,Fli1,4.077861069562298,DEG
Msi2,1374.2632779170215,-1.6649453591544787,0.1432778203864071,-11.620398430575465,3.246188155596058e-31,2.948843249654245e-29,Msi2,30.488626311198363,DEG
Gm32899,19.19315476702454,-1.6678542894169064,0.47061560682663667,-3.5439842309167258,0.0003941288178303564,0.0021289162915875946,Gm32899,3.4043618093182517,DEG
Apcdd1,86.99899010844042,-1.668955755740946,0.321464248923222,-5.1917305309417365,2.0834840435363145e-07,2.214146985155526e-06,Apcdd1,6.681209821259339,DEG
Dusp27,145.75501748883576,-1.6702065256047895,0.3654518580726797,-4.5702504685928425,4.87141647074144e-06,4.083942657772027e-05,Dusp27,5.312344739815813,DEG
Adrb2,117.81085464047428,-1.6723028862026268,0.26625009494893903,-6.280947567449086,3.365156287895033e-10,5.347158082378896e-09,Adrb2,9.472994761040534,DEG
Sohlh2,46.59974647025115,-1.6736639673970877,0.5991634588159229,-2.7933345112611025,0.005216771415719759,0.019529702282099316,Sohlh2,2.282598192425882,DEG
Cdkn2a,18.16318075299875,-1.6764004092109865,0.43725483792186487,-3.8339207798783703,0.00012611677338282857,0.0007779742913730206,Cdkn2a,3.899227148929194,DEG
Lncenc1,1455.0598728572343,-1.68290721391024,0.2464582175139736,-6.828367221372211,8.588650922199845e-12,1.6720514285972858e-10,Lncenc1,11.066075048398941,DEG
Rab11b-ps2,11.888362422914653,-1.6843532249301674,0.48410166571132474,-3.4793378007803963,0.0005026545467469959,0.002635690446226868,Rab11b-ps2,3.2987303846932505,DEG
Ky,12.796501898673847,-1.6843670175835646,0.5746123044123823,-2.9313103890214367,0.003375353474937509,0.013467294278315885,Ky,2.471680740113996,DEG
Tfcp2l1,832.3186104088095,-1.6859676612177292,0.20283526330731333,-8.312004696458226,9.409870074003548e-17,2.90232488763142e-15,Tfcp2l1,16.026416373016193,DEG
Notch1,906.223198537529,-1.6859889445000085,0.2109846144682804,-7.991051616484013,1.3379252179579916e-15,3.661167026967852e-14,Notch1,14.873568160361783,DEG
Bche,202.70748067701172,-1.6876411625231982,0.27834409564636153,-6.063146978577768,1.334835767800463e-09,1.948037250279624e-08,Bche,8.874572164655655,DEG
Rps27a-ps2,15.67735202161171,-1.6880122772120378,0.4603682167113741,-3.6666568540945343,0.0002457422054806896,0.001401604196052993,Rps27a-ps2,3.6095202483499875,DEG
Dppa2,781.8118843452258,-1.688419754980865,0.2054488257653682,-8.218201046858825,2.0657844944320265e-16,6.09651643608479e-15,Dppa2,15.684914986669588,DEG
Galnt13,26.44344241057875,-1.6928030703723775,0.48409071576834867,-3.496871588800378,0.00047074837230564747,0.0024860812632462306,Galnt13,3.3272111729573894,DEG
Pex5l,33.09743647789934,-1.6951896216307831,0.49395973595958903,-3.4318376544145437,0.0005995063197977514,0.003073860496406306,Pex5l,3.2222062343519156,DEG
Muc1,16.60502321585918,-1.6969082639793076,0.5393069548147762,-3.1464609325539055,0.0016525933767796454,0.007353319757918646,Muc1,2.7818339921301107,DEG
Chrnb2,39.24700389329215,-1.701086900431572,0.37470539912612644,-4.539798210537616,5.630809059956344e-06,4.6504483866779286e-05,Chrnb2,5.249429199281845,DEG
Zfp978,102.0960697752394,-1.7071375288869108,0.3223626568700658,-5.2957049847588396,1.1855811379767948e-07,1.3110589860428212e-06,Zfp978,6.926068718725205,DEG
Lef1os1,66.54223707722262,-1.7081840505185228,0.20569984087747434,-8.304255575656995,1.0044721905938327e-16,3.064872662526642e-15,Lef1os1,15.998062082448662,DEG
Ccdc171,75.02957183419097,-1.7088703588339884,0.25637693903786807,-6.66546049440734,2.6383677522248147e-11,4.855475306453327e-10,Ccdc171,10.578664669884974,DEG
Nbl1,45.19015115211545,-1.7100235169825286,0.5267488030504889,-3.2463738067927284,0.0011688525461276448,0.00547133001239138,Nbl1,2.9322402727921695,DEG
C230035I16Rik,15.871467279246042,-1.7101656554227587,0.4421527675455861,-3.8678162412416435,0.00010981436590497086,0.0006889457569578966,C230035I16Rik,3.9593408418062936,DEG
Zfp703,228.5340321921093,-1.710636782150758,0.29594702313247606,-5.780212836893509,7.460618062081002e-09,1.002171071755837e-07,Zfp703,8.127225192657022,DEG
Gm41077,14.67524491578946,-1.710779262865824,0.5240213593182945,-3.264712845085927,0.0010957510171651602,0.005170510136499928,Gm41077,2.9602881175263773,DEG
BC028528,119.54436441364517,-1.7181909004643698,0.29812721593734165,-5.763280937173771,8.249430662216323e-09,1.100698682723887e-07,BC028528,8.083576023424618,DEG
Gpnmb,18.32692352393731,-1.7201647443506234,0.4680196629897797,-3.6754112708896742,0.00023746656288786266,0.0013602533262571665,Gpnmb,3.624397533725923,DEG
Gm12867,10.605214319159767,-1.7233954943062741,0.6778494790787433,-2.5424457014387905,0.011007970342283463,0.03657990690333412,Gm12867,1.958292749184871,DEG
Notum,241.4589741637687,-1.723509634183542,0.5365083463149792,-3.2124563318008197,0.0013160515366768511,0.006050734751710025,Notum,2.880727103384583,DEG
Pgf,99.82123556740089,-1.7237325720267285,0.28643921635463143,-6.017795307373795,1.768085692668158e-09,2.5433330997787662e-08,Pgf,8.75249669014249,DEG
4921531C22Rik,48.36011255871768,-1.7260381656365265,0.31333428615342107,-5.508615692287784,3.616665120772687e-08,4.344802893276077e-07,4921531C22Rik,7.441691702168304,DEG
Fbn1,148.50900257852015,-1.7281815017831168,0.22421854027005614,-7.707576276705925,1.282296670690908e-14,3.2831415658590633e-13,Fbn1,13.892011485317642,DEG
Fhod3,111.7606944598347,-1.729907863788156,0.2347616809806109,-7.368782914495445,1.721927880811904e-13,3.974017779683529e-12,Fhod3,12.763985041977211,DEG
Ccdc3,81.36812262574676,-1.7315059466821305,0.35807281361887805,-4.835625271806012,1.3272775417460852e-06,1.239664761290921e-05,Ccdc3,5.877038254041622,DEG
Gm36816,19.600254920400396,-1.7332661535035239,0.5068973426806795,-3.419363266608001,0.0006276786933248495,0.003196886821557746,Gm36816,3.2022626133096166,DEG
Zfp287,143.24024465425308,-1.7341207662017892,0.25740071544336696,-6.737047188135453,1.616376991957996e-11,3.0479814102381396e-10,Zfp287,10.791457340075961,DEG
Fgfrl1,133.91751852951768,-1.7365029873804354,0.21670642758980596,-8.013158662129696,1.1179925826980374e-15,3.0762578755456094e-14,Fgfrl1,14.951561077759076,DEG
Esam,45.07764953510431,-1.7406858137317018,0.6041430754664996,-2.8812476454978833,0.003961042835892465,0.015451173760244059,Esam,2.40219046098093,DEG
Ccbe1,32.890486406221335,-1.7413750764590545,0.34491308972571555,-5.0487358361604775,4.447432046448038e-07,4.491229092996816e-06,Ccbe1,6.351890678899597,DEG
Fzd10,790.7868588881213,-1.741927506941308,0.26101482721333014,-6.673672624419963,2.4947981229970863e-11,4.608311407511981e-10,Fzd10,10.602964591369469,DEG
Gm45779,10.19284064424997,-1.7458622735630256,0.7205893977983446,-2.4228253689233457,0.015400327800651708,0.04826309408729759,Gm45779,1.812470034975285,DEG
Nipal1,24.913336950922545,-1.7482791888789162,0.5683700720869262,-3.0759522267941217,0.0020983146201743784,0.00899846325797566,Nipal1,2.6781293933772483,DEG
Prex2,310.30798340329176,-1.7482915744230048,0.22778616827830783,-7.675143700064141,1.6523331361679404e-14,4.1981501163378046e-13,Prex2,13.781902387636892,DEG
Vash2,495.3655022085211,-1.749233453019339,0.16491289294989434,-10.607014537976788,2.764412077736746e-26,1.723987895752189e-24,Vash2,25.55839721826313,DEG
5730507A11Rik,18.466431552239236,-1.7493480399553447,0.6814626877853108,-2.567048895428978,0.010256814830920558,0.034467749028096885,5730507A11Rik,1.9889874848498654,DEG
Slc45a3,79.87152943215762,-1.7500705779716872,0.26335810491857675,-6.645212527302936,3.02779866266198e-11,5.526149228898847e-10,Slc45a3,10.518873007177925,DEG
Fam222a,67.71846950661518,-1.7510605735168243,0.3339254006350388,-5.243867553012634,1.572450965420653e-07,1.7047596461078187e-06,Fam222a,6.803422888508616,DEG
Il10rb,84.2471976998003,-1.7534231003484222,0.23943251694191336,-7.323245492064074,2.420444190230885e-13,5.528394571808638e-12,Il10rb,12.616104926720341,DEG
Gm8756,17.668432311544905,-1.7558165190344512,0.5918879469009963,-2.9664677718604433,0.0030124193102363086,0.012207999543255474,Gm8756,2.5210845771435286,DEG
Gm26793,19.96488047463386,-1.7563705017422648,0.4387214151723845,-4.00338447361213,6.244269998511544e-05,0.00041366469314148735,Gm26793,4.204518326569174,DEG
Mpped2,166.25912292403908,-1.7570739767921961,0.18891707468978655,-9.300768496851964,1.3943418405630036e-20,5.889392054386496e-19,Mpped2,19.85563074039127,DEG
Tgfbi,90.59703603757781,-1.7585862280659084,0.4434131267226814,-3.9660220279535388,7.308211130146979e-05,0.00047561702451211376,Tgfbi,4.136188914612698,DEG
Npl,404.37343054092617,-1.7599907939756707,0.18566582173331841,-9.47934723550594,2.5587870052289727e-21,1.1413566969063943e-19,Npl,20.591965863508516,DEG
Dusp14,240.66647983836722,-1.7607064822721656,0.17502525027994661,-10.059728407506794,8.322762889612599e-24,4.368681924167626e-22,Dusp14,23.079732477973046,DEG
Stox2,365.94222273739933,-1.7616425804845581,0.22338364655208143,-7.886175231157017,3.1158900403975834e-15,8.331655438665258e-14,Stox2,14.506417876959418,DEG
Trf,51.86564441422813,-1.7658750629840594,0.46126053782648774,-3.828367957304703,0.00012899580583142757,0.0007945023409320186,Trf,3.889424410118418,DEG
Pantr1,16.185128622153808,-1.7667696933082733,0.6293335296947069,-2.8073662214777317,0.004994842140473966,0.018823025970678853,Pantr1,2.30147823288433,DEG
Nell2,101.66331246449334,-1.7686472530614952,0.2505428517618112,-7.059260484282074,1.6739103059549545e-12,3.479704454197269e-11,Nell2,11.776267816756404,DEG
Xpnpep2,12.318111668077103,-1.7690999603003892,0.5789678937460216,-3.0556097832195994,0.002246033598207261,0.009535337687310127,Xpnpep2,2.648583751455292,DEG
AU018091,109.192142028949,-1.7693891783263271,0.5510969885057517,-3.210667478194467,0.0013242707557780938,0.006082900580801061,AU018091,2.8780232114833577,DEG
Mir5136,57.53432132864352,-1.7697032442848541,0.40306764463931183,-4.390586215047072,1.1304548162196418e-05,8.826243372791818e-05,Mir5136,4.946746791530597,DEG
Ntrk3,60.6936124233096,-1.7735763293677487,0.2910228254223104,-6.094285995588382,1.0992697994052077e-09,1.6259385419603867e-08,Ntrk3,8.958895703379406,DEG
Gpc3,7279.1299592921705,-1.7758372750076568,0.12581482877686428,-14.11468975693754,3.0837003880814384e-45,5.381327677236152e-43,Gpc3,44.51092782456529,DEG
Snord118,30.55936077804625,-1.7760058117363469,0.6182141882882101,-2.8728001482042607,0.004068513995802571,0.01579606116949577,Snord118,2.390564185680566,DEG
Gm40881,43.86496743200898,-1.776113765315517,0.3451311776303948,-5.146199127850394,2.658172549577082e-07,2.777399406580172e-06,Gm40881,6.575416831182252,DEG
Lonrf2,20.874567445694776,-1.7766360142342914,0.6179171172891108,-2.875201162946648,0.004037701594661934,0.015697876788001663,Lonrf2,2.393865780632708,DEG
Fbln7,16.55711206563753,-1.7772348809722596,0.479028768061987,-3.710079643363471,0.0002071940561212216,0.001209128352148895,Fbln7,3.68362270756957,DEG
A730089K16Rik,11.90622639129618,-1.778819418533542,0.5411305202832564,-3.287228038075572,0.0010117886547450887,0.004823513898274333,A730089K16Rik,2.994910194673674,DEG
Ttbk1,11.467486311341233,-1.7812465805853197,0.7874829663379358,-2.261949345861693,0.023700533083928933,0.06870720051660896,Ttbk1,1.62524188551711,DEG
Magee1,107.3072604163781,-1.7861910217616486,0.26761583103763614,-6.6744594848368575,2.481450176727258e-11,4.587915410391456e-10,Magee1,10.605294440269054,DEG
Naaa,332.9996855357357,-1.7952368062457507,0.17742799257697878,-10.118114848573686,4.591741436918746e-24,2.4622130497590713e-22,Naaa,23.33802257524444,DEG
Rnu2-10,11.559016445859175,-1.8002623461568814,0.6367284100409757,-2.8273629977356096,0.004693309306784932,0.017847976792381554,Rnu2-10,2.3285208231999537,DEG
Tdh,2239.368210005423,-1.8004962450026942,0.18135862554223994,-9.927822509789276,3.150603794292355e-23,1.5948628978028525e-21,Tdh,22.501606208305354,DEG
St6galnac5,16.515899041461893,-1.8005685611190694,0.5997915945070701,-3.001990320652693,0.0026822070399944516,0.011091213230856291,St6galnac5,2.5715077019293466,DEG
0610040J01Rik,40.576408275118986,-1.8006304989047974,0.32282871358153814,-5.577665254518957,2.4376816955837236e-08,2.9953823132762566e-07,0610040J01Rik,7.61302300375311,DEG
Pard3b,33.08776190281269,-1.801649840417422,0.4314839675084332,-4.175473426790091,2.9736696683815535e-05,0.0002121125291602102,Pard3b,4.526707276959668,DEG
Rpl9-ps7,15.790307149701423,-1.801671354954857,0.4415690838147703,-4.080157377391537,4.500522020257765e-05,0.0003091622412672927,Rpl9-ps7,4.346737109031615,DEG
Folr1,128.9279682945765,-1.8056665855694523,0.36802949952184494,-4.9063093798606605,9.280609730392448e-07,8.909151337944691e-06,Folr1,6.032423489961524,DEG
Rspo3,800.0587109430427,-1.8068403870217409,0.25502049117833175,-7.0850792368611915,1.389647672968128e-12,2.919287307922697e-11,Rspo3,11.857095295487948,DEG
Nkain3,37.604489505359105,-1.8143995669540365,0.35741215976903024,-5.07649087296457,3.844692575316003e-07,3.914345654725515e-06,Nkain3,6.4151383810073135,DEG
Ahsg,13.112617544557507,-1.8187185992472188,0.473606135605277,-3.840149994938018,0.00012295916101453256,0.0007599097698735976,Ahsg,3.9102391088134674,DEG
Gab2,82.33743763580105,-1.826060888061676,0.3509725540858827,-5.202859502269914,1.962452340097245e-07,2.096725394946004e-06,Gab2,6.707200881682895,DEG
Pdlim4,209.53512649284147,-1.830561671126129,0.13871631103162974,-13.196441409898284,9.197853178505439e-40,1.188195396968748e-37,Pdlim4,39.03631352716835,DEG
Krt42,77.65319597715458,-1.8329773426275324,0.8832139254365274,-2.0753492328844176,0.03795417963424165,0.1000875463472433,Krt42,1.4207403912537049,DEG
Halr1,258.2581325508547,-1.8361839734642817,0.2693601597910398,-6.816835774409732,9.306754870663972e-12,1.797559042689214e-10,Halr1,11.031201724759105,DEG
Rassf5,33.41319457700037,-1.8362238986741957,0.41050541373022637,-4.473080834643791,7.710061421577887e-06,6.217428533476712e-05,Rassf5,5.112942162163558,DEG
Nr6a1,2937.541231454228,-1.8379543243429193,0.12602246589153912,-14.584338683903786,3.533292134867383e-48,7.322011846984553e-46,Nr6a1,47.451820453333404,DEG
Klhl29,29.810039049334513,-1.8396773411261536,0.4862951131627979,-3.783047148389257,0.00015492005455694277,0.0009333675243354995,Klhl29,3.8098923587439524,DEG
Pax7,11.407119806962246,-1.8401374662477796,0.7899027417598714,-2.329574729856017,0.01982863904780907,0.05955158901946943,Pax7,1.7027070928703347,DEG
Zfp640,98.90665017983288,-1.8408111522523134,0.3020895269988979,-6.093594738420141,1.10402946422251e-09,1.6317653908798378e-08,Zfp640,8.957019336046587,DEG
Vsir,45.03142910194296,-1.8417543971171952,0.59174265027926,-3.112424626225639,0.001855573904536767,0.00810245549974856,Vsir,2.7315217437170713,DEG
Thsd4,176.68681914671762,-1.842026866430666,0.3994695041328502,-4.611182699488543,4.003844450517877e-06,3.422968693536857e-05,Thsd4,5.397522803219186,DEG
Gm10323,54.359969423968174,-1.8458985140668995,0.3052117641372934,-6.047927147515058,1.4672127030840775e-09,2.132120490515313e-08,Gm10323,8.83350692154903,DEG
Tenm4,528.0602901506194,-1.8460470092209682,0.20965542058614606,-8.80514800933773,1.306800176740765e-18,4.7701803148772076e-17,Tenm4,17.883790815459584,DEG
Bpifb5,13.827150520695513,-1.846886076752444,0.720453751904438,-2.563504002679436,0.010362150607898728,0.03477473417569792,Bpifb5,1.9845500997825387,DEG
Slc25a48,11.010579091391403,-1.8487867905367423,0.6495873375161227,-2.8460942567108702,0.0044259092109716425,0.016994602942109603,Slc25a48,2.353997499034707,DEG
Gm48623,10.983439303838345,-1.8502834894753382,0.40034038146098655,-4.6217758066847665,3.804690658432223e-06,3.2667464807445257e-05,Gm48623,5.419680647907142,DEG
Cend1,145.131663738667,-1.8510448485007718,0.2909610859876972,-6.361829597305807,1.993645522913631e-10,3.2616434237535995e-09,Cend1,9.700352058224942,DEG
Gm7896,20.71451023957015,-1.8522456282791835,0.4839013534710446,-3.827733927572114,0.0001293284498803934,0.0007960072996381238,Gm7896,3.888305927811325,DEG
Dchs1,119.63050768711776,-1.8530315005163527,0.2833414684424654,-6.5399234030320725,6.15503489467411e-11,1.078839332111425e-09,Dchs1,10.210769480584581,DEG
Rgs10,62.819833534965355,-1.8549605119107,0.3132587959679118,-5.9214953763044855,3.1902727730039297e-09,4.472676994090217e-08,Rgs10,8.496172182539729,DEG
Gm45203,10.357010999558604,-1.8575444790750484,0.7899668788944766,-2.3514207097829205,0.01870187503426445,0.0566638900291893,Gm45203,1.7281148492810574,DEG
Gm2694,40.763112948749104,-1.8602088439273754,0.35886726247785317,-5.183556814526025,2.1769387299604232e-07,2.307299898446066e-06,Gm2694,6.662153794024845,DEG
Syp,38.19168140622118,-1.8608554334073517,0.33504360481466566,-5.55406940071789,2.7909458875666478e-08,3.412604639658936e-07,Syp,7.554248583776158,DEG
Fgf15,480.10544922929364,-1.8608850076245231,0.2580923527613524,-7.210151667473885,5.588959089581086e-13,1.221832440968419e-11,Fgf15,12.252669069348885,DEG
Gm17201,16.134636150866026,-1.8630079830386315,0.42152811666939266,-4.419652946898917,9.885953433375252e-06,7.819926743680607e-05,Gm17201,5.00498143956367,DEG
Col27a1,66.03163189596755,-1.864132744012677,0.30675762372512444,-6.0768913299545755,1.225347404578959e-09,1.800373801085215e-08,Col27a1,8.911740764767362,DEG
Lpar1,744.4031923553212,-1.8643965180020114,0.15578095791860905,-11.968064280206207,5.223302771182817e-33,5.144177491579751e-31,Lpar1,32.28205479935104,DEG
Tal1,24.53293470759542,-1.8654785625865224,0.7812988256056633,-2.38766333885169,0.01695586622288232,0.05224097919126853,Tal1,1.7706800185542297,DEG
Sox15,31.83409531087852,-1.8705479970865941,0.421617818334452,-4.436596167770988,9.13925154256238e-06,7.27265080750944e-05,Sox15,5.039089369282003,DEG
Pdgfra,475.42249489875945,-1.8713099384008796,0.42427423990883195,-4.410614084897039,1.0307788103287454e-05,8.114884706244582e-05,Pdgfra,4.986834517800495,DEG
Bc1,17.900947840889913,-1.8745276675268012,0.6726795048553903,-2.7866579165806145,0.005325466347706302,0.019851007592518115,Bc1,2.2736423553319614,DEG
Fads3,11.908395956308711,-1.8773419016683905,0.5927775238954945,-3.1670261202402843,0.0015400648476690544,0.006920725113966154,Fads3,2.8124609918960726,DEG
Arhgap28,847.9047952517279,-1.8797161598164884,0.13922609818378487,-13.50117675017493,1.5389818487951788e-41,2.202626251793618e-39,Arhgap28,40.81276650233524,DEG
Rpl39l,30.346166749185283,-1.880345740537515,0.590815772105025,-3.18262617437921,0.001459459109324873,0.00661528355454751,Rpl39l,2.8358080684343387,DEG
Il6ra,18.75169664113212,-1.8817074974834966,0.6601661699085118,-2.8503543247971495,0.0043670549848928005,0.01680104271310334,Il6ra,2.3598113399116807,DEG
Ankrd52,245.52517034927675,-1.8831221619294176,0.4428830404034014,-4.251962685710815,2.119051735877486e-05,0.00015578867418162122,Ankrd52,4.673858440017933,DEG
Clgn,137.9666298878335,-1.8841261895717534,0.2598193988842266,-7.251676347736084,4.116446037521814e-13,9.119440698269374e-12,Clgn,12.385477573380145,DEG
Cdh18,13.48511486748495,-1.8847630726262754,0.9065272058596685,-2.079102602154048,0.03760792098933656,0.09933244558707667,Cdh18,1.424720674230227,DEG
Ano1,122.47041570268078,-1.8853130276526882,0.33799096801357625,-5.577998248689769,2.4330210419101074e-08,2.9915031277972606e-07,Ano1,7.6138541350700315,DEG
Clmp,85.05592742189147,-1.88886119174754,0.2902769227427599,-6.50710078465806,7.661501381667861e-11,1.3265266186849472e-09,Clmp,10.115686115761532,DEG
Misp3,16.7424694203411,-1.8920088009444298,0.8455605371143943,-2.2375793546387603,0.025248499123623022,0.0721889837746258,Misp3,1.5977644330582577,DEG
1700097N02Rik,109.22925585205644,-1.895534289383779,0.2246765333930735,-8.436725726346888,3.2635107572784564e-17,1.0608542974721833e-15,1700097N02Rik,16.486314951431623,DEG
Epha4,593.1910499108998,-1.90447826673144,0.23359578454382657,-8.152879429954469,3.5535986240087346e-16,1.0290435374967943e-14,Epha4,15.44933162695902,DEG
Wnt5a,615.8379530097807,-1.9066349375368237,0.23730473914678396,-8.034542185680841,9.392895872948088e-16,2.6025385863012434e-14,Wnt5a,15.02720049210553,DEG
Gm1673,133.83637200329258,-1.9116974205162967,0.20711723462335763,-9.2300258063638,2.7056670686421432e-20,1.1237273624961752e-18,Gm1673,19.5677256442303,DEG
Dlx6,15.147355928662515,-1.9117920654869227,0.6905785648129461,-2.768391842577334,0.00563336802475911,0.020801531193013645,Dlx6,2.2492318756240257,DEG
Npr2,18.979441252609973,-1.9120070278006929,0.5471796536166398,-3.4942948173659003,0.00047531581425024505,0.0025048828632302984,Npr2,3.3230177360369013,DEG
Prkg1,36.59631309075086,-1.9158951893391956,0.6854741153310693,-2.794992759739526,0.005190087755343387,0.019454796072626204,Prkg1,2.284825298926265,DEG
Emilin2,70.60366151064905,-1.9167433323955345,0.29128250453694315,-6.580358595318366,4.6931498530756245e-11,8.351120141063191e-10,Emilin2,10.328535578469198,DEG
Col6a5,20.440900690762536,-1.9171806398937599,0.6085682350440761,-3.1503133576383697,0.0016309542852521216,0.007268414997940347,Col6a5,2.787558211823603,DEG
Gm45073,13.572288538362725,-1.9177066017659326,0.8029935925265758,-2.3881966426805135,0.01693127978021953,0.052181391161531726,Gm45073,1.7713102137468681,DEG
Galnt17,13.444759896724857,-1.9203055999701069,0.5180036534053445,-3.7071275218737565,0.00020962340276902067,0.001221514171407094,Galnt17,3.6785602334913716,DEG
Car8,25.39506871491125,-1.9208026295785066,0.5081721391131874,-3.779826719604315,0.00015693753927044205,0.0009435223349187592,Car8,3.804273161269587,DEG
Sec1,27.102278283123,-1.9211589793637953,0.5347390826469027,-3.5927035103816585,0.00032726488213848716,0.0018019948976648393,Sec1,3.485100595094498,DEG
Mobp,30.85595075503937,-1.9239220559059018,0.5730764872533168,-3.3571819795417137,0.000787412684164538,0.003895969456089273,Mobp,3.1037975935865596,DEG
Gadd45g,263.29443185790063,-1.9243870430663097,0.31176869363724263,-6.172483261919247,6.722564706146075e-10,1.0224671426916667e-08,Gadd45g,9.172465008905785,DEG
Ednra,258.8114193009695,-1.9250366694758643,0.3319810561395625,-5.798634090333733,6.6857232741245924e-09,9.011231627061968e-08,Ednra,8.174851603066188,DEG
Shf,26.287751605530538,-1.9299246008873658,0.35447430628413534,-5.444469646102924,5.1959963101664284e-08,6.069826811183261e-07,Shf,7.2843311660045,DEG
F420014N23Rik,10.948699652239583,-1.9305694092022558,0.5083086032674875,-3.798026232080773,0.00014585289082520608,0.0008838249802243832,F420014N23Rik,3.8360849586780508,DEG
Tmsb4x,2338.535704586364,-1.9339765201200578,0.1702627608988727,-11.358775752900776,6.707803849709594e-30,5.446736725964191e-28,Tmsb4x,29.173419645564202,DEG
Tnfrsf19,1279.017157165874,-1.9341799870688086,0.2034830582681626,-9.505361299021889,1.9935476477966324e-21,8.912277956239598e-20,Tnfrsf19,20.70037337980201,DEG
2510009E07Rik,305.440614135836,-1.9375118581478157,0.25710781964192914,-7.535795141688667,4.853680571384044e-14,1.183322564793066e-12,2510009E07Rik,13.31392880869013,DEG
Smpd3,56.48604793915191,-1.9489530773352857,0.2932566080100064,-6.645896542828402,3.0137690075879937e-11,5.505594181538617e-10,Smpd3,10.520890037547034,DEG
Foxd2os,71.43421618582346,-1.9491692640786797,0.4784554439595173,-4.073878328038424,4.623664379959486e-05,0.0003167464847621006,Foxd2os,4.335013697775586,DEG
Stambpl1,69.61373238445553,-1.9503767531530296,0.2073839599564617,-9.404665402100012,5.219601162310803e-21,2.2721826153831754e-19,Stambpl1,20.282362680833977,DEG
Gm266,20.99788339180262,-1.952334184503419,0.54334944272826,-3.5931465664165967,0.0003267086948375478,0.0017996578665190749,Gm266,3.485839307306871,DEG
Tns4,25.31038228336683,-1.953498177361012,0.7452617180931167,-2.621224369821894,0.008761457824748062,0.03018712191990612,Tns4,2.057423625273965,DEG
Nlrp4c,24.517811505968766,-1.9581036664938412,0.5256363438190015,-3.725206008905842,0.00019515577887849376,0.0011466122460155803,Nlrp4c,3.709618584029761,DEG
Rel,176.18262528761824,-1.9639484223241022,0.25817097658574195,-7.607161921517732,2.8018020672086797e-14,6.993607318073962e-13,Rel,13.552562548620315,DEG
Gsta3,27.94083921615652,-1.9641731921409002,0.4933956964787827,-3.9809289099167584,6.864647898755434e-05,0.00045011636551694334,Gsta3,4.163381733671099,DEG
mt-Rnr1,26460.078813855715,-1.9662483193855405,0.4970863985033444,-3.955546410655433,7.635992178151682e-05,0.0004948222423197054,mt-Rnr1,4.11713452514313,DEG
Aurkc,18.660825192073357,-1.967061554602708,0.5268144797869079,-3.733879060040962,0.00018855306157684204,0.00111241832948093,Aurkc,3.724566411467676,DEG
Mgst1,359.04557276418575,-1.969061285243577,0.1418560305253348,-13.88070199026126,8.292777055297882e-44,1.3412724125048461e-41,Mgst1,43.081300010121765,DEG
Hipk2,429.3255530377604,-1.9720068992305786,0.17813157588767126,-11.07050723266556,1.7441059469275943e-28,1.2663227630721736e-26,Hipk2,27.758427137082077,DEG
Lactb,86.85321977101148,-1.9726274564369355,0.2822743909202429,-6.988333054252536,2.7817141556466235e-12,5.60683094350901e-11,Lactb,11.55568749943505,DEG
Spock2,222.27806843890258,-1.973483456065021,0.17747381653852756,-11.119856971333009,1.0043287092311825e-28,7.389942922267502e-27,Spock2,27.998124122608207,DEG
Vcan,1371.6394248204272,-1.9791920053911614,0.2349534176026598,-8.423763423344882,3.645800687890281e-17,1.1793424208925083e-15,Vcan,16.438207077457086,DEG
Lingo1,28.20623856811386,-1.984869719976316,0.4059593000597307,-4.889331811549268,1.0117882609966306e-06,9.658596767882423e-06,Lingo1,5.994910363684085,DEG
Dact1,101.95701647864007,-1.9898293418870285,0.26906294320542207,-7.395404652092314,1.4097828934690525e-13,3.2841008059336454e-12,Dact1,12.850847763534826,DEG
Gm48643,13.626254422642694,-1.9983207306578745,0.5965508795744972,-3.3497909383407833,0.0008087257467222304,0.003985333169505091,Gm48643,3.0921987304006993,DEG
Sema3c,358.3585572471996,-1.9989875807464055,0.26887098570331275,-7.434746354343342,1.0476880071125664e-13,2.4901678869172517e-12,Sema3c,12.979768027430842,DEG
Scube1,81.54242958164457,-2.0001838499689386,0.34755469172901216,-5.755018987136789,8.663205713185597e-09,1.1505061045267976e-07,Scube1,8.062321372887082,DEG
Mfsd2a,95.47225755216105,-2.0038948335633657,0.338602537835047,-5.918132942463589,3.256167323870957e-09,4.555428462805121e-08,Mfsd2a,8.487293286225485,DEG
Fsd1l,198.8740116999684,-2.0055421626422687,0.24726189787429464,-8.111003676198688,5.020333647093352e-16,1.4391140860990654e-14,Fsd1l,15.299267419054894,DEG
Cdx2,1939.4742573375177,-2.00923781328036,0.3751255997015583,-5.356173545284208,8.500286799294531e-08,9.585369239123047e-07,Cdx2,7.070566420962206,DEG
A730062M13Rik,19.555989326138018,-2.01383497729464,0.532895244309033,-3.77904475373173,0.00015743113070497403,0.0009462039015845176,A730062M13Rik,3.8029093853405103,DEG
Wnt3a,246.7805241666453,-2.022135648178205,0.5669639592412877,-3.566603511948503,0.0003616380013120331,0.001971075725507284,Wnt3a,3.441725939665219,DEG
Gm30228,31.75046749894387,-2.0242016614362965,0.4153686953934237,-4.873264846112293,1.0976890798512628e-06,1.0423592627475429e-05,Gm30228,5.959520656267382,DEG
Gm10479,12.815838039595704,-2.0254763449251403,0.5357403470195514,-3.780705254314591,0.0001563847293017634,0.0009412593815531642,Gm10479,3.8058056573105,DEG
Adamtsl2,17.92401207382291,-2.026241151495526,0.5601678086870262,-3.6172038451206605,0.0002978027672982701,0.001660916246883035,Adamtsl2,3.526071270933122,DEG
Rnase4,40.021506291037596,-2.026531435699237,0.3473084764081857,-5.834961060142654,5.380313095488016e-09,7.35642259255248e-08,Rnase4,8.269192450785976,DEG
Ntrk1,15.53348804003682,-2.027355859481986,0.825151707957089,-2.456949237251553,0.014012248493271432,0.044745199579532095,Ntrk1,1.8534921695059547,DEG
Rbfox3,33.345416991877435,-2.0300183272164207,0.5727333005569422,-3.5444391398970048,0.0003934493274027139,0.002125823172012382,Rbfox3,3.405111192774958,DEG
Uncx,68.159886661474,-2.0351754548807497,0.7245950443923828,-2.8087073885350247,0.004974083360957633,0.018759130688699745,Uncx,2.30328694063815,DEG
Itgb8,106.47593702073408,-2.0406091170853564,0.32538877645162134,-6.271295338881344,3.580567147168572e-10,5.680367051496935e-09,Itgb8,9.446048177440609,DEG
Gm47087,13.10970236779342,-2.040858940459628,0.84057212192065,-2.427940312600904,0.015184842073777212,0.04773818713902084,Gm47087,1.8185897204953876,DEG
Snhg9,117.43182196300245,-2.04404009116248,0.42773426335090464,-4.778761643150365,1.7637813545647775e-06,1.6125306189205737e-05,Snhg9,5.753555252759393,DEG
Chst2,164.9935858189399,-2.046952645917398,0.21253044996368953,-9.631338221262489,5.89566016769815e-22,2.6962819166939537e-20,Chst2,21.22946755763661,DEG
Nanos3,15.948320787096955,-2.0475166596684518,0.4449634709376757,-4.601538763066777,4.193810872423265e-06,3.574621829305417e-05,Nanos3,5.3773911587335705,DEG
Clstn2,24.804176983135005,-2.0503946599834637,0.5795189331518875,-3.5380977957558306,0.0004030207594912502,0.0021722283904955114,Clstn2,3.394672582890419,DEG
Plcb1,57.67065995522471,-2.0505703153865236,0.3893037853973276,-5.26727556294807,1.3846328449173964e-07,1.51767965932709e-06,Plcb1,6.858665370689915,DEG
Slc22a15,25.20142676728862,-2.05447508048621,0.4223492076453963,-4.864399040642085,1.1480508881229837e-06,1.0855192190265511e-05,Slc22a15,5.940038861118193,DEG
Morc1,297.48409627393323,-2.055166391071855,0.29707745616280573,-6.9179479911312205,4.582324476546325e-12,9.125201515156415e-11,Morc1,11.338914161461721,DEG
Snap91,67.7810398693595,-2.063725911769544,0.4413370502167218,-4.676076732638097,2.9241522903921375e-06,2.562690998460845e-05,Snap91,5.534000012988233,DEG
Rasl10b,43.317028045397855,-2.063965580756201,0.45004444851562364,-4.586137186146289,4.515219765720178e-06,3.8223737029462644e-05,Rasl10b,5.345321106764244,DEG
Glp1r,61.77044212792206,-2.067099139195102,0.29365721793337823,-7.0391565844775625,1.9340692906819417e-12,3.991325152367899e-11,Glp1r,11.713527970779515,DEG
Dhrs3,201.95268883537855,-2.0755558663270084,0.25645320004636174,-8.093312409249672,5.806368911482675e-16,1.6478160217551546e-14,Dhrs3,15.236095374441064,DEG
Nav3,17.38987201852722,-2.075900237266473,0.6956840076305169,-2.983970041710373,0.002845346292445605,0.011647185008624047,Nav3,2.5458648703071853,DEG
Olfm2,96.6480642538284,-2.0776191371406982,0.2970722592397759,-6.993649095534665,2.6782694798343466e-12,5.4202943063910976e-11,Olfm2,11.572145727653714,DEG
Rab8b,1624.392541687599,-2.079269200023279,0.10020884370518054,-20.749358271617155,1.2423856823565176e-95,1.2358010382400282e-92,Rab8b,94.9057435621969,DEG
Frrs1l,12.091761701603296,-2.0809615215744044,0.7159310827122902,-2.9066506145964834,0.003653209818109135,0.014390175199822875,Frrs1l,2.437325383843331,DEG
Art5,67.12650065480365,-2.082960268575739,0.3313624167298801,-6.2860486386231464,3.256479563300356e-10,5.203566621068055e-09,Art5,9.487251642984674,DEG
Hey2,46.66042440165313,-2.0866019759282772,0.4599496853476868,-4.536587462498133,5.717178547116245e-06,4.7096294002621366e-05,Hey2,5.242818244585357,DEG
Adora2a,29.744143951337886,-2.087656845403136,0.43517316298067765,-4.797301449160896,1.6081748765329303e-06,1.4791045304552064e-05,Adora2a,5.793666726866334,DEG
Crb2,358.35499910908254,-2.091807033682703,0.20231923512824274,-10.339140677142158,4.687216076398169e-25,2.7345301062717057e-23,Crb2,24.329085025437678,DEG
Zadh2,388.2954037411109,-2.0946223860456157,0.18299023275897763,-11.446634907582803,2.444519562621342e-30,2.060647126219872e-28,Zadh2,29.611806482881835,DEG
Ngfr,265.8251904302406,-2.0970731328958747,0.3019826708004894,-6.944349248044587,3.802088378571977e-12,7.617194985227685e-11,Ngfr,11.419977792289083,DEG
Dync1i1,12.163665690623716,-2.100428088841219,0.986262291747484,-2.129685081155874,0.03319762149264886,0.09010006575371848,Dync1i1,1.4788930310436004,DEG
Pou3f2,34.682259694532505,-2.100567180277775,1.027735207523882,-2.0438797512237246,0.04096542797991125,0.10648387541856294,Pou3f2,1.3875825035571083,DEG
Selenbp1,14.535302849330982,-2.1010734090602945,0.57273205825138,-3.668510220075902,0.00024396794333678511,0.001393043951456836,Selenbp1,3.612667234917661,DEG
Irak4,52.051970089082154,-2.103087351689928,0.31842147181086505,-6.604728442870565,3.9824666719701045e-11,7.163398912493062e-10,Irak4,10.399847849987607,DEG
Gbx2,683.5207777103748,-2.1062422473181024,0.27050906601133345,-7.786216848014469,6.904540760328576e-15,1.8049794203150684e-13,Gbx2,14.160865202224791,DEG
Nnat,1517.5778249502678,-2.1106238376250364,0.1781352943971844,-11.848431523732879,2.1925619381066697e-32,2.1071897196470573e-30,Nnat,31.659048129319732,DEG
Grsf1,6679.505735231256,-2.111166858538292,0.301283885748109,-7.007234566482428,2.4307456388553837e-12,4.9648104455224855e-11,Grsf1,11.614260484768826,DEG
Myf5,28.11679436745741,-2.111420443053666,0.4740762674413268,-4.45375689116305,8.438063963232903e-06,6.768824374377232e-05,Myf5,5.0737571868501075,DEG
Slc1a2,10.71625666716497,-2.1157061353856546,0.8589549017196797,-2.463116667883125,0.013773508947550276,0.04410271801103576,Slc1a2,1.8609554045197698,DEG
Nsg2,91.87123551529871,-2.1169389042962043,0.38611118492316854,-5.482718416244403,4.188393994555719e-08,4.970169534118918e-07,Nsg2,7.377952471784693,DEG
Cntn1,19.44949342328602,-2.126708016146742,0.7296623766263919,-2.9146466698469746,0.0035609144092567865,0.014078066625149942,Cntn1,2.4484384649761837,DEG
Dppa3,166.94585477595578,-2.129885860958877,0.37277600887423346,-5.713580837433812,1.106232867259187e-08,1.4366438783607084e-07,Dppa3,7.9561534423618365,DEG
Nrp2,493.68161692602524,-2.130404762672485,0.3808263920520081,-5.594162608303533,2.2168911203461198e-08,2.74612901296175e-07,Nrp2,7.654255636156618,DEG
Gm33148,20.351957206711525,-2.130412428838878,0.4505985167804445,-4.727961476794936,2.267851978556309e-06,2.0322814081711357e-05,Gm33148,5.6443852950146125,DEG
Sema3e,914.9413832313212,-2.1338328665686306,0.2317914031811188,-9.205832646438923,3.390323942099727e-20,1.3849508111731411e-18,Sema3e,19.46975880340608,DEG
Calhm6,10.277196156333744,-2.1405829461378527,0.5512496197286741,-3.883146345191949,0.00010311346455310409,0.0006503929181418683,Calhm6,3.9866846208531537,DEG
Cox4i2,11.277050044741518,-2.141391762069506,0.5340034562702872,-4.010070977865797,6.070049831646429e-05,0.0004040065953522049,Cox4i2,4.216807743600157,DEG
Apba2,171.05726898679814,-2.145565890324246,0.20550578547479167,-10.44041599786217,1.6209879117697843e-25,9.62624881096958e-24,Apba2,24.790220223813577,DEG
Sptlc3,29.86959732726337,-2.1524163801600116,0.5681558639911894,-3.7884258820100634,0.00015160480641271163,0.0009167252336700564,Sptlc3,3.819287029802718,DEG
Rnf150,14.189593102563972,-2.159347152515476,0.6513679943400174,-3.3150955700600266,0.0009161179803095946,0.0044311332604617245,Rnf150,3.0380485930374035,DEG
Nsg1,304.5025861269109,-2.167521638368663,0.13178920377040754,-16.446883176749015,8.829663631262916e-61,3.378025543852778e-58,Nsg1,60.05405584068845,DEG
9330159F19Rik,19.302971182189708,-2.1681022748599257,0.6593011632918148,-3.2884854381794817,0.0010072799505819888,0.004805474181505536,9330159F19Rik,2.99684981038376,DEG
Rpl10l,85.25875092472207,-2.173275331574703,0.36163822156969316,-6.009528866007544,1.860632344980518e-09,2.668739716729807e-08,Rpl10l,8.730339433596994,DEG
Arl14epl,58.948226790663725,-2.178280168837967,0.46814731591615566,-4.652980151290866,3.271717519781655e-06,2.8422510191500544e-05,Arl14epl,5.485224200384579,DEG
Gm7765,11.356460871217447,-2.1797427956107853,0.8678066819514497,-2.5117838349771233,0.012012264382285906,0.039334537169441165,Gm7765,1.9203751178230135,DEG
Tspan11,12.79752646108,-2.1833613363128666,0.7168222991969736,-3.0458892514348337,0.0023199326982446776,0.00977812311416941,Tspan11,2.634524613904325,DEG
Accsl,35.84823251865687,-2.1847491755602877,0.7515025811349128,-2.907174546574275,0.003647096313347312,0.014378237140689426,Accsl,2.4380527675875183,DEG
Fut4,127.40812406991506,-2.1894778358644023,0.20258192277653417,-10.807863830375382,3.1594149772256096e-27,2.1162761466978543e-25,Fut4,26.50039332740827,DEG
Nkain4,23.361052689518687,-2.1905430553910183,0.5563586735675672,-3.9372857105731573,8.240846685388694e-05,0.0005307329360929837,Nkain4,4.084028165499268,DEG
Gm44144,16.78020980953858,-2.2002321681649977,0.7616362951251736,-2.8888226339100522,0.0038668711672872635,0.015137256001970252,Gm44144,2.4126402970938043,DEG
H2-M6-ps,29.868660452415945,-2.2041475769760503,0.4994750436802139,-4.412928343197151,1.0198175764256392e-05,8.038134257294637e-05,H2-M6-ps,4.991477507294132,DEG
Tbxa2r,25.28385768604798,-2.2109341638328175,0.35790893340011976,-6.177365127014395,6.51802146884696e-10,9.959256459388741e-09,Tbxa2r,9.18588421340349,DEG
Snord49b,30.575563886145314,-2.2140270855972335,0.48320062934077374,-4.582003729212461,4.605416801093129e-06,3.883855949171119e-05,Snord49b,5.336731059012532,DEG
Rasl11b,321.15737659832274,-2.220368526202246,0.17883878531026595,-12.415475325165882,2.1540374843659852e-35,2.3939900398869784e-33,Rasl11b,34.666746743418884,DEG
Alx4,10.725374625726987,-2.222763361735855,0.7808023230929271,-2.8467683765732255,0.004416548407815605,0.016965208346221984,Alx4,2.3549170050930357,DEG
Fam174b,200.57375202217779,-2.235052450265388,0.21839278067219484,-10.234094933843886,1.3949333307039135e-24,7.817127797471452e-23,Fam174b,23.85544654851892,DEG
Cacna1g,30.0323862270025,-2.235441362998175,0.4601779174310139,-4.857776260707456,1.1871144144219497e-06,1.1192632303559367e-05,Cacna1g,5.925507421603556,DEG
Crabp2,1857.3684936033121,-2.2408915796094004,0.20329943878302828,-11.02261566988877,2.9729249150505812e-28,2.1198339878142028e-26,Crabp2,27.526816059308683,DEG
Wnt16,34.4044654990438,-2.2447037913773884,0.5019684236682901,-4.471802777898894,7.756294401737955e-06,6.249644423984401e-05,Wnt16,5.110345714984807,DEG
Vipr1,13.050949838768615,-2.246335840851903,0.7162341914290866,-3.136314724615196,0.0017108549791172013,0.007566862817820721,Vipr1,2.7667868019366404,DEG
4930519F16Rik,12.921648503286043,-2.2498877031103244,0.7972910276934304,-2.821915241689435,0.004773779212048028,0.018113592150387846,4930519F16Rik,2.3211376710449265,DEG
Piwil1,14.298087658164427,-2.2538427430767447,0.8411401336797247,-2.679509219488658,0.007373017284131671,0.026131980376004893,Piwil1,2.1323547480046443,DEG
Inka1,169.7993006082599,-2.256890368629999,0.22190420141672676,-10.170561684822063,2.6835666556500716e-24,1.4666723914149045e-22,Inka1,23.571287613038955,DEG
Pcolce2,273.4794843087239,-2.2603536689502333,0.15760103618339663,-14.342251318195094,1.191273542993786e-46,2.3234505749331743e-44,Pcolce2,45.92398850335991,DEG
S1pr1,25.359738479128858,-2.261153916378597,0.5817037524685792,-3.8871227953798244,0.00010143944541212956,0.0006412361842738363,S1pr1,3.9937931338226567,DEG
Zp3,31.478012056033563,-2.2613596170687686,0.4577669634196657,-4.939979941269,7.813060780177111e-07,7.62300299955093e-06,Zp3,6.1071787971683635,DEG
Art1,13.017121892801448,-2.2665843011885234,0.6141089242646892,-3.6908506156337744,0.00022350537680324695,0.0012918117275199869,Art1,3.6507120247114964,DEG
Dpysl4,88.16984550272836,-2.2671692833043755,0.2594976195306815,-8.736763317539099,2.398843478630817e-18,8.567790334628631e-17,Dpysl4,17.619998088249165,DEG
Gm8292,32.18551854086227,-2.2756769901348144,0.3697776190217326,-6.154177194810344,7.5468269602003e-10,1.1399891841019344e-08,Gm8292,9.122235607752302,DEG
Boc,355.78454476308633,-2.2824039465282198,0.27387482053798,-8.33374876173293,7.832203619000254e-17,2.442223492106443e-15,Boc,16.10611603041601,DEG
Minar2,10.661495459464787,-2.2847772130189488,1.0294359753331046,-2.2194456651659578,0.02645641987035727,0.07483634535772608,Minar2,1.5774689256717531,DEG
2900052N01Rik,14.524778373599089,-2.2881547469834227,0.5390663491930814,-4.24466255482005,2.1892261789390075e-05,0.00016035517527176956,2900052N01Rik,4.6597093671708745,DEG
Msgn1,151.77614884828958,-2.298067192272537,0.4189556911603783,-5.485227294341314,4.129381242470303e-08,4.907402057210526e-07,Msgn1,7.384115019315236,DEG
Gm11620,10.33870399699762,-2.311918813467445,0.708584071595656,-3.262730431212276,0.001103444251397182,0.005198181372790798,Gm11620,2.9572496035283105,DEG
Phf11d,37.93525468257721,-2.312123914034166,0.5220662032974698,-4.428794469801627,9.47612723723714e-06,7.516669667368248e-05,Phf11d,5.023369116579602,DEG
H2-Bl,297.0881838726337,-2.31737240362172,0.1909737460466093,-12.13450776137647,6.932562439154358e-34,7.335978572581745e-32,H2-Bl,33.159106210194665,DEG
Hoxb1,788.4865082212194,-2.320199987490414,0.2474780897306275,-9.375375371677883,6.893005518684605e-21,2.9810750388850333e-19,Hoxb1,20.161591373800416,DEG
Gm42462,11.685025442652835,-2.3207598541264383,0.6458910238022529,-3.593113650139479,0.00032674998561711563,0.0017996578665190749,Gm42462,3.4857844228641968,DEG
Olfml2a,151.22019913837596,-2.3347742540389524,0.37972893633925786,-6.148528675605106,7.820499014503565e-10,1.1759713332920176e-08,Olfml2a,9.106765534365872,DEG
Mical2,27.714671930954186,-2.3461081449622188,0.5760167204287121,-4.0729861855678084,4.641417832659524e-05,0.00031785324049200884,Mical2,4.333349333487826,DEG
Fhl1,1470.4859376587463,-2.3513175271583724,0.13801918385577777,-17.036164549526436,4.428379235635925e-65,2.0022312844032064e-62,Fhl1,64.3537551942767,DEG
H2-M5,101.85838848285758,-2.3515584678434136,0.5022234888986152,-4.682294874340548,2.8368100607271907e-06,2.4960415456924693e-05,H2-M5,5.5471697415180605,DEG
Rtl5,13.692098440328477,-2.3579007905381517,0.9943444866985683,-2.371311775828189,0.01772507223880271,0.054224602048091826,Rtl5,1.751411986167493,DEG
Tgfb3,56.510482956781075,-2.362257525552092,0.3693913966002409,-6.394998766331723,1.6054865203944757e-10,2.6660725239338648e-09,Tgfb3,9.794393336402601,DEG
Kalrn,188.21989787627464,-2.363600062761185,0.23716566153594346,-9.966029852103913,2.1463771312562055e-23,1.1005161507528597e-21,Kalrn,22.668293967536147,DEG
Svep1,15.990961691095407,-2.3641950594037158,0.6851174038639968,-3.4507882095388043,0.0005589520107914588,0.002891261389153739,Svep1,3.2526254771638685,DEG
Rnd1,42.101266962111765,-2.36697903656405,0.39105006323877317,-6.052879820450982,1.4227901570296686e-09,2.0721074219581424e-08,Rnd1,8.846859147958064,DEG
Faim2,12.286926335907898,-2.3678010981211215,1.0753835802696057,-2.2018200217707418,0.02767802421027562,0.07766242787577196,Faim2,1.5578649151257098,DEG
Gm23639,18.10112131690308,-2.3713374854303164,0.541122971937441,-4.382252479394768,1.1745857668606481e-05,9.113576148956994e-05,Gm23639,4.9301152660601755,DEG
Sct,10.145931420680114,-2.3736797001656558,0.5779111495112372,-4.107343667228384,4.0023549641255374e-05,0.00027752823163580844,Sct,4.3976843969280175,DEG
Twist2,21.19843670622211,-2.3740689617444586,0.8905632795197379,-2.6658060312398515,0.00768039923772364,0.02702880991248436,Twist2,2.1146162041567917,DEG
Igfbp4,571.0985702305231,-2.3743893031965504,0.185401056672731,-12.806773304360453,1.502536759098083e-37,1.7480389640641672e-35,Igfbp4,36.82317489431479,DEG
Calcoco2,78.81102508242482,-2.38739628932113,0.3603011975774699,-6.6261125563086845,3.4464241969251295e-11,6.238686348828802e-10,Calcoco2,10.46263126924267,DEG
9530059O14Rik,11.105426282860691,-2.399969662414112,0.6682295268425941,-3.59153489333829,0.00032873615138161535,0.0018095951841687482,9530059O14Rik,3.4831525335751228,DEG
Olfml3,109.80110142292591,-2.402786285340843,0.27295211083614535,-8.80295916371663,1.332550575400021e-18,4.846428237336513e-17,Olfml3,17.87531629884899,DEG
Pcdhb11,17.214135097710074,-2.405317462787285,0.7643046697448662,-3.1470662917579815,0.001649175668695871,0.007341876003411139,Pcdhb11,2.782733081237324,DEG
Slc38a8,22.905379736591996,-2.406015891090408,0.5752523756903098,-4.182539686521346,2.8827067647104268e-05,0.00020606743937171841,Slc38a8,4.5401995327575175,DEG
Fam25c,34.08784997528646,-2.4103521156673153,0.6152090385859296,-3.917940024430653,8.93089188120587e-05,0.000572190710932891,Fam25c,4.049105168239693,DEG
Tubb2b,682.7202110387984,-2.4114585215373774,0.15982767446136792,-15.087865913485796,1.9463640421420426e-51,4.722069055411439e-49,Tubb2b,50.71077592732197,DEG
Cyct,15.999272792206105,-2.4159395476248235,0.6354491542642617,-3.801939984359656,0.00014356750864020836,0.0008707719563683857,Cyct,3.8429438359633954,DEG
Gap43,228.71081629709627,-2.4211977671848532,0.19676976396427304,-12.304724660972118,8.542724781896061e-35,9.389445680167969e-33,Gap43,34.06840358493157,DEG
Prss35,15.589979300542113,-2.4253009000626635,0.8178523782386332,-2.9654506908519482,0.0030223979217088273,0.012238466162115899,Prss35,2.519648358056009,DEG
mt-Tq,79.18311302462648,-2.429150368369346,0.7167505945804459,-3.3891152469727124,0.0007011853379974516,0.0035288087817154827,mt-Tq,3.1541671737153996,DEG
H1f4,186.47172697683445,-2.429345651363017,0.5644164171956135,-4.304172553012508,1.676109927703473e-05,0.00012554416755170518,H1f4,4.7756975015592955,DEG
Jam2,345.86310465246385,-2.429928881252656,0.3076835300910033,-7.897494157499941,2.8456634168207016e-15,7.61933082291131e-14,Jam2,14.545816469277012,DEG
Snord13,14.42961044271296,-2.431468015161049,0.7973467789188331,-3.0494485955759574,0.002292618636120305,0.00969174567509081,Snord13,2.6396681816429797,DEG
Gm46339,106.07546276698812,-2.4316681154263824,0.24898291994117044,-9.766405326120104,1.569211390667825e-22,7.415176105925347e-21,Gm46339,21.80431854805319,DEG
Gdf11,152.62404870408247,-2.453392962244805,0.24326605452313957,-10.085225277542525,6.421770822647759e-24,3.388719064874125e-22,Gdf11,23.192345197404745,DEG
Fgf17,205.50917076418952,-2.457912536303004,0.34085254071654625,-7.211072950009224,5.551270280593009e-13,1.2149281734006306e-11,Fgf17,12.255607627196598,DEG
Lmo1,24.15135062848585,-2.461504675192778,0.4843034194387191,-5.082567201457149,3.72367503695565e-07,3.8008615282296413e-06,Lmo1,6.429028226674303,DEG
Hmga2,548.1109005021245,-2.463849557573864,0.18193244563578606,-13.542661667431714,8.7557896218938e-42,1.2714429104960237e-39,Hmga2,41.05770468190861,DEG
Ebf3,28.048409919937342,-2.46827020832063,0.7077757487501367,-3.4873619401051186,0.00048781070548353415,0.002563938223220457,Ebf3,3.3117486729000913,DEG
Ptgds,85.13466635558757,-2.468674894233677,0.3981237454285499,-6.2007728063955,5.618657438022568e-10,8.652808649689163e-09,Ptgds,9.250367445447662,DEG
Cldn11,78.9505933040635,-2.4781777811287635,0.5006315539939401,-4.950103047557327,7.417419749953625e-07,7.2512112287753034e-06,Cldn11,6.129747143675205,DEG
Mst1r,16.07563302276329,-2.4810171089946342,0.8244891314317667,-3.009156839564669,0.0026197383872944074,0.010880391540049047,Mst1r,2.58174207609524,DEG
Gm20276,10.822287166379112,-2.4821305536975435,0.7133590699022474,-3.4794967337243965,0.0005023564929325422,0.0026348220591616124,Gm20276,3.298987980133722,DEG
Ct55,10.488828087849702,-2.4879269159868875,0.7705812479882743,-3.228636723878266,0.0012438178630116313,0.005774682045916777,Ct55,2.9052432103849535,DEG
Heg1,312.4405511756834,-2.488497428218993,0.23666614227275187,-10.514801163873543,7.383638736084956e-26,4.4647449548837116e-24,Heg1,25.13172956046034,DEG
Gm10522,18.0736622271549,-2.4935778311167747,0.7960664244765737,-3.132374076392358,0.0017339879164066283,0.0076436861531117796,Gm10522,2.760953933305142,DEG
Plagl1,220.23523734865807,-2.5052253248401555,0.3536311442947949,-7.0842892806741675,1.3975969240812496e-12,2.929799073516584e-11,Plagl1,11.85461806384654,DEG
Cd2,13.496988920110178,-2.5194322140612866,0.6144094854205661,-4.100575062471121,4.12124727034247e-05,0.00028507681918008725,Cd2,4.384971327498313,DEG
Hmcn1,171.6380020689089,-2.520964003690478,0.3762906929718569,-6.699511975118192,2.091167320515314e-11,3.8952886399186945e-10,Hmcn1,10.679611216599207,DEG
Mex3b,197.73581625064733,-2.523411495729929,0.28082155456785574,-8.98581841273936,2.5681575872216007e-19,9.901342449648552e-18,Mex3b,18.590378330618396,DEG
Camk2n1,22.214511472215154,-2.523553042130635,0.47405060573844615,-5.3233832244547035,1.0185484885289066e-07,1.1364556158605758e-06,Camk2n1,6.992018291357694,DEG
Meis2,1050.8094404921487,-2.52422971832079,0.25709063711943114,-9.818442813023028,9.378093989526427e-23,4.528344704554338e-21,Meis2,22.02788541897101,DEG
Pcdhb16,32.44037260826333,-2.526116540330506,0.528708351846062,-4.777901713695656,1.7713392150156628e-06,1.6172107546361448e-05,Pcdhb16,5.7516982625803275,DEG
AI504432,15.05443460414871,-2.526901591447882,0.6559732033276836,-3.852141487836963,0.00011708933199610195,0.0007274750689351818,AI504432,3.931482671676383,DEG
Gm26885,17.7892465076264,-2.5436949635820767,0.5254130784731245,-4.8413240320819115,1.2897685866309873e-06,1.2091732451666759e-05,Gm26885,5.889488204867244,DEG
4933402E13Rik,35.115372395197674,-2.5480894072015547,0.43490698456074417,-5.8589296048559065,4.658601068916441e-09,6.422213612024818e-08,4933402E13Rik,8.331744478001267,DEG
Spsb1,182.64295050193527,-2.549231733531608,0.28172001234464755,-9.04881308329973,1.4453074261174234e-19,5.704949590313496e-18,Spsb1,18.840039765872277,DEG
Pcdh8,222.7585204778062,-2.556802642157393,0.3542459444394155,-7.217591851908038,5.291625313496202e-13,1.1606570450572597e-11,Pcdh8,12.27641091468143,DEG
Dpp4,79.14948814615407,-2.562322059514821,0.44708686660619906,-5.731150366740147,9.975178723239058e-09,1.3047087805398936e-07,Dpp4,8.00107931440601,DEG
Fmn2,85.85856223910014,-2.5748183446040795,0.2518515265874659,-10.223556630735239,1.5552752366971656e-24,8.59462376634817e-23,Fmn2,23.808192742842134,DEG
Kcnip2,82.56015825074715,-2.5777743335415333,0.22995928193966977,-11.209699003225351,3.654339558332583e-29,2.8069278445354593e-27,Kcnip2,28.43719110080981,DEG
Akap6,10.980838101434907,-2.5782027533885445,0.7755179846036084,-3.324491249169863,0.0008858001329997405,0.004300172729599034,Akap6,3.0526642588434827,DEG
Rbms3,40.509155227227446,-2.5801742414029394,0.6829627149208635,-3.7779137645924203,0.00015814761745276378,0.0009499362021755081,Rbms3,3.8009373464919305,DEG
Rnf144b,41.6816343416958,-2.582269518070765,0.3910796286283604,-6.602925156515052,4.0312308992673134e-11,7.231497521192419e-10,Rnf144b,10.394562325784987,DEG
Necab2,72.40850551487567,-2.583287539021898,0.2730062626651156,-9.462374649590734,3.0102782273915547e-21,1.3397421712690736e-19,Necab2,20.52139336253351,DEG
Ifitm1,2658.14035803594,-2.588731652913248,0.19495442117892767,-13.278650657208384,3.0789235000788445e-40,4.110879470507955e-38,Ifitm1,39.51160110158279,DEG
Shisa3,53.266878247091086,-2.5890728772951928,0.3791652514912198,-6.828349557647023,8.589708253877681e-12,1.6720514285972858e-10,Shisa3,11.066021586562558,DEG
Vegfc,41.92232837020933,-2.591959491889993,0.38266503945084474,-6.773442109082304,1.2575390892442544e-11,2.4032163920677424e-10,Vegfc,10.900478506487355,DEG
Dlk1,33.7512002746945,-2.5930219019653324,0.41158118624822176,-6.300146820611715,2.973638370410452e-10,4.774621609438703e-09,Dlk1,9.526711847947434,DEG
Hs3st3a1,10.164204369797108,-2.59339995282369,0.6329549870956585,-4.09728970573977,4.180156225195839e-05,0.0002889507572760459,Hs3st3a1,4.378807487011416,DEG
B230323A14Rik,27.50229274639981,-2.5944650723344527,0.40600791137135533,-6.3901835399493585,1.656867616530546e-10,2.73768474777896e-09,B230323A14Rik,9.780712190257233,DEG
Slc6a17,11.890609375227204,-2.5949664061491013,0.7438808073463351,-3.48841693524288,0.0004858897662749356,0.002554516651763628,Slc6a17,3.3134622478749,DEG
Crispld1,113.43381701844339,-2.601627814380641,0.32427791923597177,-8.022833686950724,1.0333321499936717e-15,2.84724512354212e-14,Crispld1,14.985760058225564,DEG
Wif1,16.040671400411792,-2.6076720591103886,0.8310880043149131,-3.13766056731857,0.001703019678761561,0.0075422692540700114,Wif1,2.768780333641522,DEG
Gm20052,11.231035464166593,-2.611648087487791,0.7909251423811616,-3.3020167744638322,0.0009599232930755502,0.004614962298802561,Gm20052,3.0177634697989775,DEG
Pth1r,45.614831946942886,-2.618059646355486,0.3903020928213969,-6.707777627914274,1.976107560378108e-11,3.6878690249683e-10,Pth1r,10.704189420270982,DEG
St8sia6,28.60942871620753,-2.635974138235954,0.5570895562180064,-4.731688305433634,2.226601304062527e-06,1.9962147968913885e-05,St8sia6,5.652357540912505,DEG
Scn4b,13.825013748669335,-2.6365037370090625,0.6199755311810813,-4.252593214423164,2.1130921325243286e-05,0.00015552295554731408,Scn4b,4.675081566944556,DEG
St3gal1,67.86282153607003,-2.648205865984309,0.3459687481234346,-7.654465556060813,1.9411783301795896e-14,4.9069633672926e-13,St3gal1,13.711934565458934,DEG
Fgf3,143.28027266978074,-2.6501860293842348,0.2865867798587954,-9.247412007944021,2.2999378209854693e-20,9.592235432009419e-19,Fgf3,19.63828390501194,DEG
Arhgap31,35.80130921360353,-2.651128212930738,0.5018706229305039,-5.282493319593744,1.2743748390589029e-07,1.4014600911132015e-06,Arhgap31,6.894702811724933,DEG
Gpr45,15.14874441787175,-2.6535160582748354,0.6074039037186582,-4.3686187099382074,1.2503484661147128e-05,9.661108879998376e-05,Gpr45,4.902968934335659,DEG
Lama1,345.6567900741475,-2.657839906576989,0.2929867886995145,-9.071534994374282,1.1735195248715767e-19,4.678556598756542e-18,Lama1,18.93050968026782,DEG
Rny1,10.19672691070397,-2.6679526555909736,0.669399954645095,-3.98558834233187,6.7313126584793e-05,0.00044283311517125394,Rny1,4.171900236705367,DEG
Tcf15,63.33871747444642,-2.670953402868021,0.4301565308772138,-6.209259214131129,5.323494935482123e-10,8.24168157560166e-09,Tcf15,9.27380315476348,DEG
Kcnn3,42.11842497613027,-2.6754854009460742,0.36748656828919035,-7.28049847754061,3.3258893970951543e-13,7.467860458895147e-12,Kcnn3,12.478092197398501,DEG
Dmbx1,40.346347262318396,-2.6881917333299707,0.6165079782324469,-4.360351898506042,1.2985344600430351e-05,9.978000984200904e-05,Dmbx1,4.88654652073013,DEG
Chrna3,38.209840736889404,-2.6925203260867474,0.6469312703293739,-4.161988219731436,3.154886301077413e-05,0.00022367536733297952,Chrna3,4.501016287673238,DEG
Nap1l5,42.010658861372896,-2.6962258534864256,0.37679312218515854,-7.155719398087854,8.323524827755901e-13,1.7843556349501714e-11,Nap1l5,12.079692720696585,DEG
Efna1,266.00530090582635,-2.7007424218532163,0.24365918723629573,-11.084098459353767,1.4985234009625688e-28,1.0920008988552873e-26,Efna1,27.824336470716627,DEG
Foxf1,19.716346444601744,-2.7053246835378277,0.7035186024487453,-3.8454202548750986,0.00012034599952697022,0.0007449170238299769,Foxf1,3.919568341718308,DEG
Sgk2,12.581741545946429,-2.7095087592913565,1.0955427409588872,-2.473211366377021,0.01339049204410102,0.04314346412652286,Sgk2,1.8732034642044408,DEG
Acsm3,15.354425713299895,-2.7181948328506005,0.5785312838601118,-4.698440531537197,2.6215549688158254e-06,2.3179206466498682e-05,Acsm3,5.581441031559601,DEG
Atp2b2,11.72730480983546,-2.729135646512211,0.7409951492927326,-3.6830681673383765,0.0002304435041951331,0.0013265170927251092,Atp2b2,3.637435529379208,DEG
Kcnh7,24.85434569796357,-2.7341587290056086,0.4660858682371587,-5.866212462838254,4.458624134520327e-09,6.16399364365166e-08,Kcnh7,8.350799137469643,DEG
Clec2l,12.482523316147736,-2.735378515829696,0.8176600141940708,-3.3453739553668043,0.0008217169827939232,0.004040345441350051,Clec2l,3.0852777371745193,DEG
Col4a6,12.841699439298008,-2.735612947949223,0.5820779927415916,-4.699736087022403,2.6049791529132788e-06,2.3053138464438064e-05,Col4a6,5.584195747915687,DEG
Tagln3,164.71816324895448,-2.739566010048901,0.20775882757333924,-13.186279697703,1.0525265841476323e-39,1.3509008945182578e-37,Tagln3,38.977766926178454,DEG
Necab1,12.142529563643977,-2.7486572548152326,0.8950839738045532,-3.0708373015908985,0.0021345943152708373,0.00913435562658594,Necab1,2.6706846514963587,DEG
Tmprss13,14.404349611851316,-2.7489401157780313,0.7638594814281864,-3.5987510564617775,0.00031974908312803704,0.0017664782726323713,Tmprss13,3.49519069217536,DEG
Nr0b1,533.2772179585614,-2.7513242804435087,0.39336759893265966,-6.9942829249505785,2.6661904017954155e-12,5.4013433659183294e-11,Nr0b1,11.57410883935711,DEG
H2-Oa,10.111529598304276,-2.75212886205136,0.47710588494282974,-5.768381713382428,8.003635938753905e-09,1.0700560038008748e-07,H2-Oa,8.096712674331949,DEG
Spon2,21.721711608013194,-2.7606715679150207,0.4283869661205652,-6.444340715861222,1.1610399623457703e-10,1.9624238751832415e-09,Spon2,9.935152831831136,DEG
Gm3333,37.818460331726456,-2.7771712898330385,0.7443320167755977,-3.731092076172647,0.00019065152172641464,0.001122800880173266,Gm3333,3.719759723961004,DEG
Fgf18,11.482780849726865,-2.778937993298674,0.6357039317884715,-4.371434333401853,1.2343297482293326e-05,9.547339040153322e-05,Fgf18,4.908568804074335,DEG
Ncam1,1330.8548898782587,-2.788198240865552,0.22997191688773713,-12.124081403498655,7.873810812326271e-34,8.276447561882474e-32,Ncam1,33.103815024413684,DEG
Pcdhb17,25.299139201339823,-2.795675634296699,0.578090616045619,-4.8360508831993965,1.3244403184898145e-06,1.2375958523267436e-05,Pcdhb17,5.877967606966238,DEG
Psd3,103.79814585090104,-2.8343350742324653,0.30781354818670703,-9.207960763680466,3.3237914447565617e-20,1.3605659876952066e-18,Psd3,19.47836623435632,DEG
Pygo1,75.45029700683743,-2.845931489343444,0.437134315160394,-6.510428009521994,7.493697597736272e-11,1.3004581611964586e-09,Pygo1,10.125303836500334,DEG
Wnt10a,23.91018096117138,-2.8595905352315496,0.5000140148725266,-5.719020767769024,1.0713970088429427e-08,1.393096215288987e-07,Wnt10a,7.970049570437322,DEG
Gm46426,36.302886049738206,-2.8604808358444123,0.4797094287294496,-5.96294478393021,2.477321545015356e-09,3.512746601321133e-08,Gm46426,8.606017620316543,DEG
Plppr1,61.977163947854365,-2.863772549647341,0.46827033400374996,-6.115639496446101,9.617051330034564e-10,1.4277732773112509e-08,Plppr1,9.016958065945031,DEG
Nr2f2,343.1252373830997,-2.8649561337475116,0.5266655541027029,-5.4398016187495495,5.33399329373649e-08,6.216437013297297e-07,Nr2f2,7.272947534670715,DEG
St8sia2,127.43638271760773,-2.877873527397584,0.34972070778107256,-8.229062401415337,1.88684472194162e-16,5.619294745255477e-15,St8sia2,15.724263838668499,DEG
Dlx3,60.4470682032582,-2.8832731503896554,0.542034260181091,-5.319355919358987,1.0413524242440615e-07,1.1612480452865113e-06,Dlx3,6.982402267605452,DEG
Gm46332,41.605863325477046,-2.8928468821103483,0.4490889074635947,-6.44159059382881,1.1822784377681593e-10,1.9932412916067592e-09,Gm46332,9.927280230945648,DEG
Gm37602,18.16984152852636,-2.894841134757982,0.7707475168930248,-3.755887721088525,0.00017272812402452275,0.0010285104158467093,Gm37602,3.7626369437629448,DEG
Adgra2,55.70390036528048,-2.896995884924314,0.5995867990163418,-4.83165388176826,1.3540350279387312e-06,1.2634696456760376e-05,Adgra2,5.868370100611189,DEG
Gm40977,16.135716812417478,-2.903775137442602,0.6165013377953623,-4.710087325725258,2.4761067645454815e-06,2.200763452078538e-05,Gm40977,5.606230633378365,DEG
Sncaip,64.40662850626882,-2.934390065813933,0.5320168208271063,-5.515596407745057,3.475991296076152e-08,4.1833860159793684e-07,Sncaip,7.458921319700595,DEG
2610307P16Rik,43.21765880819467,-2.9346199757511418,0.4133172150816819,-7.100163914467456,1.2460900831373518e-12,2.637203841907923e-11,2610307P16Rik,11.904450560248845,DEG
Sox6,68.31866665562988,-2.935178938055116,0.40102983661825903,-7.319103642777377,2.4963274653468645e-13,5.675650125212631e-12,Sox6,12.602698445005295,DEG
Stra6l,124.85498559139104,-2.9358960517948254,0.33454409238283594,-8.775811974091383,1.696751185970169e-18,6.126164808292296e-17,Stra6l,17.770381838579624,DEG
Gm31659,11.49562622690548,-2.937778934986825,0.5148741476090187,-5.705819467979374,1.1578466933349212e-08,1.4976724393501251e-07,Gm31659,7.936348940303162,DEG
2700033N17Rik,19.58095356741376,-2.9408226715720107,0.4064364657138004,-7.235627015915556,4.633832223847161e-13,1.0208799364475683e-11,2700033N17Rik,12.334059694666985,DEG
Chst8,20.616589614136124,-2.944382300468307,0.6302061057547712,-4.672094214228447,2.981441360733845e-06,2.6071557991401807e-05,Chst8,5.525573727978531,DEG
Tnni1,25.557833316935607,-2.952406334272167,0.604813871014028,-4.881512273060433,1.0527536989433563e-06,1.0025601764853582e-05,Tnni1,5.977673223972892,DEG
Nrarp,16.439679277819476,-2.9530934855621505,0.5489822788756978,-5.379214592518383,7.481149265013596e-08,8.499713505321558e-07,Nrarp,7.12603168006148,DEG
Gm16096,20.908992011282532,-2.953327717425584,0.4913184775170133,-6.011025134554027,1.843538177474135e-09,2.6461290405967127e-08,Gm16096,8.734347864244645,DEG
Olfml2b,21.080017724040765,-2.9674201563915092,0.5641872831620915,-5.259636728711885,1.4434026925730003e-07,1.578617546236793e-06,Olfml2b,6.840612488889634,DEG
Zeb2os,13.606309342766945,-2.9687077819462306,0.5290802489115982,-5.61107277781269,2.0107617216491835e-08,2.506396847774991e-07,Zeb2os,7.696639390916992,DEG
Nfam1,50.19934325105695,-2.974300503914566,0.39259844837128655,-7.5759354532693495,3.565490576265534e-14,8.80048008985441e-13,Nfam1,13.44788070707234,DEG
Edaradd,25.011385686558402,-2.978763646977261,0.5688017088527919,-5.236910509613423,1.632868154258995e-07,1.7616203395243193e-06,Edaradd,6.7870488809029155,DEG
Tceal6,11.97643600822117,-2.9818121117653313,0.5629617884070812,-5.296650986210744,1.1794581910486991e-07,1.3057396356551376e-06,Tceal6,6.928317449198613,DEG
Nkd2,297.6238591705941,-2.983798309250513,0.19809750935921336,-15.062270691348996,2.867658915874709e-51,6.873398370170056e-49,Nkd2,50.54247250564113,DEG
Prokr2,18.15535472712155,-2.9877958150115544,0.8089494790031959,-3.693426959979228,0.00022125207979774032,0.0012795316498535598,Prokr2,3.655112638187485,DEG
Mylpf,266.9273027488912,-2.9979680488328175,0.27468235312609,-10.914308890664818,9.8475416482559e-28,6.755413570703548e-26,Mylpf,27.006672173751166,DEG
Adamts20,29.26694578350148,-3.006085137513958,0.4874339467414721,-6.167164100099786,6.952559548808696e-10,1.0558337378931312e-08,Adamts20,9.15785528270713,DEG
Col24a1,11.542432694810152,-3.007231164361247,0.8194470711518933,-3.669829657373715,0.00024271215169131545,0.0013879032899531561,Col24a1,3.6149084796203863,DEG
Pde11a,15.500339675212388,-3.0353792207803942,1.0209180904935837,-2.973185850113478,0.0029472593529983413,0.01199279557548558,Pde11a,2.53058164541236,DEG
Adamts12,30.319560224180805,-3.049576363107737,1.029404711976244,-2.9624659063908707,0.003051856052356281,0.012342676215811315,Adamts12,2.515435954708531,DEG
Myocd,52.865924027556154,-3.051704030696934,0.7103810401838482,-4.295869199869335,1.740101667783211e-05,0.00012999467735215622,Myocd,4.7594253767361705,DEG
Dock2,12.403493505596618,-3.0525248647124763,0.7909753853649344,-3.859190717172728,0.0001137631324142362,0.0007112519661372768,Dock2,3.943998458355793,DEG
Gm37696,40.86922318885446,-3.0737687481254388,0.4611252504821645,-6.6658001159368885,2.6322731239859445e-11,4.848744585979295e-10,Gm37696,10.579669050435756,DEG
Cdx1,1289.383300700203,-3.0753247284627063,0.7387721559604632,-4.162751267289624,3.144358298194504e-05,0.00022300842775144905,Cdx1,4.502467972154658,DEG
Gm26564,32.29840658211959,-3.0761144390298365,0.4923048929827287,-6.248392983446854,4.1469720857101954e-10,6.526887869708753e-09,Gm26564,9.382268887969195,DEG
Ptn,1458.4479631480294,-3.086123694826426,0.21464814302056723,-14.377593262154235,7.153935481458247e-47,1.4375797219003067e-44,Ptn,46.1454549809012,DEG
Tshz3,67.70409013080204,-3.0880652396488237,0.3164444748648103,-9.758632192798089,1.6942478266227393e-22,7.987053616785019e-21,Tshz3,21.771023062799554,DEG
Kirrel3,20.4447122111645,-3.092103952902177,0.797268234779853,-3.8783734482485546,0.00010515720571333922,0.000661815074489456,Kirrel3,3.9781609626893046,DEG
Phlda2,940.8609931977087,-3.0927440764856593,0.1665249087391569,-18.572261050327945,5.388531995516424e-77,3.696532948924267e-74,Phlda2,76.26852953408645,DEG
Zfp536,21.457974282599945,-3.1092238715547373,0.7039679079539457,-4.416712518318585,1.0021336987859055e-05,7.908150655948752e-05,Zfp536,4.999074333587075,DEG
Rnf165,82.9124344682511,-3.1181607028157243,0.3161036618595528,-9.864361217685438,5.941139421413591e-23,2.9474570486185033e-21,Rnf165,22.22613025586433,DEG
Dmrt2,201.33680825484646,-3.118589879904123,0.44652600288800076,-6.9841170720943175,2.8665295812521058e-12,5.771937195286376e-11,Dmrt2,11.54264357214911,DEG
Zic1,11.35654073898846,-3.1321258580641897,0.7192521137092449,-4.3546981626672565,1.3325039378792548e-05,0.00010203554018541145,Zic1,4.875331498851707,DEG
Tshz2,46.70101962937285,-3.137449514353118,0.587513018019017,-5.340221268512493,9.283320599526052e-08,1.0416377890974127e-06,Tshz2,7.032296650925465,DEG
Islr,150.38532314584305,-3.147683435872371,0.5118691449826458,-6.149390848669123,7.778109188485179e-10,1.1704818774260526e-08,Islr,9.109125964553979,DEG
Arhgap24,244.20894829700066,-3.169044138647876,0.1943786248192316,-16.30346002084862,9.325989782369565e-60,3.500589447744531e-57,Arhgap24,59.03030506469784,DEG
Pgm5,19.07625637797626,-3.172406972930359,1.0113800802150743,-3.136710950699892,0.0017085447717633843,0.0075603156752921214,Pgm5,2.7673736361950296,DEG
Dach1,139.77420652780097,-3.1786368319779137,0.301596607019988,-10.539365357539493,5.688144853954705e-26,3.460549043564982e-24,Dach1,25.24502935242031,DEG
Greb1l,1444.386665209912,-3.182071980063667,0.24328021984217674,-13.079863139419942,4.292122838434952e-39,5.404271629609173e-37,Greb1l,38.36732785723473,DEG
Maf,13.960307640952415,-3.2030697585688577,0.8228363681307886,-3.8927177779528264,9.912744606828764e-05,0.0006284882553792709,Maf,4.003806082893984,DEG
Gnal,107.2483567363947,-3.2162475244641286,0.35677773160069687,-9.014709270206724,1.97393333652266e-19,7.715015677167348e-18,Gnal,18.704667518368115,DEG
Hoxa10,14.445637588905726,-3.216702078270575,1.0139111185086709,-3.172568107352366,0.001510971144801527,0.006812084471174392,Hoxa10,2.8207438293559646,DEG
Edar,11.201039689026054,-3.2183904013398914,0.7337924196280682,-4.385968450002758,1.1547085891786696e-05,8.980364610289465e-05,Edar,4.9375276037198015,DEG
Hes3,139.0673984287749,-3.2508792646914473,0.5869437501690183,-5.538655558995752,3.048024401184139e-08,3.7041782185190756e-07,Hes3,7.5159815605420155,DEG
Bmp3,175.11594232725457,-3.257737760346207,0.7395459165631303,-4.4050513800222095,1.0575880784356206e-05,8.309501276618576e-05,Bmp3,4.975683453375461,DEG
Csgalnact1,13.94204346980135,-3.261697479276824,1.0356189503936908,-3.14951505863898,0.0016354167994922745,0.0072866700580289595,Csgalnact1,2.7863715453577176,DEG
Hoxa1,903.4069095059405,-3.273128107729689,0.39626801257945043,-8.259884734131646,1.4581320598196953e-16,4.395163514856518e-15,Hoxa1,15.836203141138938,DEG
Synm,229.35899876454957,-3.2953910634118633,0.24087356716008773,-13.680999132718048,1.3186820339800368e-42,2.0336325879068877e-40,Synm,41.879859910697064,DEG
Hapln1,87.5537745394262,-3.314372068345102,0.6911221391052754,-4.795638687882113,1.6215733237733125e-06,1.4900498708150707e-05,Hapln1,5.790063408760868,DEG
Prrx2,24.762908092995417,-3.3177606460505555,0.5321466552884854,-6.23467349287753,4.527213422897172e-10,7.097272169827923e-09,Prrx2,9.34416903141556,DEG
Ccdc80,25.979258940425773,-3.3208917876451634,0.4456335509035343,-7.4520685906883894,9.188792815782906e-14,2.1918686364170877e-12,Ccdc80,13.036741540613999,DEG
Tbx18,24.953427645847523,-3.330577165772859,0.8513439808382401,-3.9121403812517075,9.148170544429678e-05,0.0005846248146832123,Tbx18,4.038665747671068,DEG
S100a16,19.51513072264442,-3.339839867519497,0.5456953550041452,-6.120337724872383,9.33772345551078e-10,1.3925387588000859e-08,S100a16,9.029758992209038,DEG
Gad1,130.0593275532074,-3.353763890264483,0.3835824657638812,-8.743266936317502,2.2646477055397474e-18,8.117639901623015e-17,Gad1,17.644999348370785,DEG
Rarb,56.57761303095889,-3.3671531095048453,0.41822584061610335,-8.051040329178543,8.20932115959904e-16,2.280953004875186e-14,Rarb,15.08569275382201,DEG
Phlda1,218.03197958042517,-3.3802889977713515,0.2628341311805159,-12.860921002111978,7.468149717628054e-38,8.79120535399364e-36,Phlda1,37.12678698412307,DEG
Asphd2,47.76969080229946,-3.400866363935563,0.3417974177775394,-9.94994750413543,2.523162768787961e-23,1.2837800542779462e-21,Asphd2,22.59805473231782,DEG
Lix1,96.78474532202301,-3.407166403357811,0.41327042659096663,-8.244399270141933,1.6599202170599764e-16,4.9732609635830075e-15,Lix1,15.77991278552819,DEG
Col25a1,24.202564887335086,-3.4080064252651976,0.5565210235971719,-6.123769418874683,9.138712171567764e-10,1.3669589469260834e-08,Col25a1,9.039115000785642,DEG
Trim16,11.320131568877127,-3.419253718890696,0.7596555831864458,-4.501057840644466,6.761610114252142e-06,5.503906367141249e-05,Trim16,5.169949874994468,DEG
Cnr1,113.87143849017919,-3.420788501462057,0.2919556945260363,-11.716806918307924,1.0453836755205803e-31,9.672959460840196e-30,Cnr1,30.980724286031542,DEG
C130073F10Rik,11.776486442294006,-3.4476944792919317,0.9854729820220819,-3.498517505997621,0.00046785237536975247,0.0024737835885963694,C130073F10Rik,3.3298911611912207,DEG
Abca1,150.18653499038086,-3.453734031830496,0.3242662042838367,-10.650921946856274,1.7264662547047802e-26,1.0938318366591369e-24,Abca1,25.76284190589763,DEG
Wnt7a,11.027479206392362,-3.4955522566457464,0.6949672617537566,-5.0298085233895575,4.909698905594872e-07,4.935500254062879e-06,Wnt7a,6.3089451407992785,DEG
Draxin,67.26998714302295,-3.543409461884515,0.24718405277385763,-14.335105449243079,1.3204583151644822e-46,2.5504075458138067e-44,Draxin,45.879275304248644,DEG
Msrb3,20.78172301349302,-3.594947938497423,0.7005926754553001,-5.131295350984283,2.8775497211326514e-07,2.989345908731748e-06,Msrb3,6.540977163466377,DEG
Ism1,74.79841164706075,-3.6052124373077796,0.3943466776975267,-9.142241183208505,6.11712306543968e-20,2.463442232061883e-18,Ism1,19.213452782195716,DEG
Entpd1,14.646365625142183,-3.621832012753816,0.5581132264363997,-6.489421574685697,8.616654541659193e-11,1.4815879468605702e-09,Entpd1,10.064661318410886,DEG
Pdzrn3,199.18759112589592,-3.626466299751541,0.23989948668047054,-15.116607167158064,1.2586239836604572e-51,3.091242658140881e-49,Pdzrn3,50.900103996828044,DEG
AW011738,14.35538347778055,-3.6357016825236323,0.7920584607982114,-4.590193606239226,4.428350618172348e-06,3.7584303412082213e-05,AW011738,5.3537580008219425,DEG
Tbx6,294.54140481010563,-3.639355766509419,0.44619374837433895,-8.156447237929795,3.4502312661516003e-16,1.0005670671839641e-14,Tbx6,15.4621517935507,DEG
Gm10561,11.181810043406983,-3.669547084635764,0.718240640914486,-5.109077481279233,3.2373558376431455e-07,3.343923002807515e-06,Gm10561,6.489809562002606,DEG
Itgal,11.200914574550197,-3.6741312673277786,1.0439894570169603,-3.519318363449804,0.0004326571816864907,0.002309439756498805,Itgal,3.363856083025043,DEG
Ryr3,19.500193450167373,-3.6801338915073956,0.5537093300264316,-6.646328121889733,3.004949766010912e-11,5.494528551932085e-10,Ryr3,10.522162783736654,DEG
Tmem151b,59.65916275318089,-3.6817175145218144,0.41621843347641807,-8.84563781515076,9.100698671961879e-19,3.3758461309073164e-17,Tmem151b,18.040925265071206,DEG
Slc10a4,17.927846329120808,-3.683834097038511,0.5581094242400478,-6.600558845704173,4.096107564089086e-11,7.341258007206152e-10,Slc10a4,10.387628647277106,DEG
Unc5c,11.09754059173519,-3.689451460789922,0.7358829034311203,-5.013639321674035,5.341006202820698e-07,5.320679889780419e-06,Unc5c,6.272376917659165,DEG
Fgfbp3,721.7632757235733,-3.740848778179105,0.23681483827330035,-15.796513450993775,3.2880603956606493e-56,1.0382964049408406e-53,Fgfbp3,55.48306021386275,DEG
Rtn1,225.4284178501828,-3.7494293026466554,0.181020946452633,-20.712682018971506,2.6621408002864166e-95,2.5219347181379986e-92,Rtn1,94.5747689784743,DEG
Mc5r,13.077331015325514,-3.7508685893164824,1.2288687494155337,-3.0522939012815202,0.002270996241686635,0.00962283263729796,Mc5r,2.6437835845015796,DEG
Emp1,87.2904755950095,-3.7696336607022176,0.3261624003973279,-11.557535927225475,6.762139600895036e-31,6.032556287901607e-29,Emp1,30.169915867691433,DEG
Peli3,140.73629303821,-3.7788822797108894,0.2856984468229826,-13.226821222630821,6.143099191733092e-40,7.987634988257395e-38,Peli3,39.21161247213371,DEG
5330417C22Rik,11.435741428928047,-3.7989303530427394,0.6576167301037987,-5.776815246843117,7.612779822683775e-09,1.0207942787731961e-07,5330417C22Rik,8.118456730718478,DEG
Styk1,44.13459515146977,-3.80088220044021,0.8069670432553723,-4.710083555713917,2.476152567325378e-06,2.200763452078538e-05,Styk1,5.6062225999159665,DEG
Six1,312.94332403044984,-3.8136970579864267,0.31462734336133313,-12.121314750468443,8.144205399033468e-34,8.482765560647738e-32,Six1,33.08915128184647,DEG
Mllt3,729.9248354584976,-3.814978391250738,0.167414401220494,-22.787635731684762,6.0811179525744225e-115,1.0997978231683233e-111,Mllt3,114.21601657270057,DEG
5730596B20Rik,36.70627001298673,-3.818082455787013,0.4316207413346615,-8.845919785922948,9.077745124042319e-19,3.37556376631211e-17,5730596B20Rik,18.042022015113318,DEG
Smoc1,2236.7618761864323,-3.8199115477379486,0.16037548490118064,-23.81855026091851,2.145681769931744e-125,4.742910347891346e-122,Smoc1,124.66843468861931,DEG
Lfng,478.33052344519666,-3.823518630610133,0.28903183270638727,-13.22871115893401,5.990581258128304e-40,7.840567338763453e-38,Lfng,39.222531036550514,DEG
Gm27204,18.633748292725823,-3.8286380909998425,0.4548869181885518,-8.416681020958404,3.8730035652525196e-17,1.2508041059599615e-15,Gm27204,16.411952103228536,DEG
Vwa2,132.28092737042118,-3.8404831031416204,0.27572572747408763,-13.92863530844268,4.243869543822323e-44,6.920290221705023e-42,Vwa2,43.372237974739804,DEG
Zfp663,20.053587436144724,-3.8463175263415867,0.477154933948471,-8.060940488476556,7.570968307375436e-16,2.1154051054343668e-14,Zfp663,15.12084857180027,DEG
Hoxa2,113.52619978434188,-3.8526181604492753,0.29026211894362275,-13.27289339191231,3.3249048078035737e-40,4.3805070361883643e-38,Hoxa2,39.47822078405634,DEG
Sdk2,122.79793121379797,-3.861308630248951,0.2789662371945199,-13.841490888219942,1.4320526408027998e-43,2.2791404188904718e-41,Sdk2,42.844041017510015,DEG
Gm15050,36.68113399571768,-3.884676509561433,0.35553196369456336,-10.926377671344197,8.62219122118371e-28,5.976650597708318e-26,Gm15050,27.06438234968162,DEG
Rftn2,73.31129889154421,-3.902346241253793,0.3322791256832557,-11.744181140568232,7.565171861089114e-32,7.065799483779664e-30,Rftn2,31.12118120148417,DEG
Lmo2,223.5600613399866,-3.912452534245207,0.2570707449325308,-15.219361251207504,2.630871173448217e-52,6.710070656997286e-50,Lmo2,51.579900417604286,DEG
Sema3a,258.6298537204994,-3.915888435437468,0.5893436874530015,-6.644490335276136,3.042680717678107e-11,5.538068636549704e-10,Sema3a,10.516743617745533,DEG
Zfp503,187.16634377538313,-3.9165690325523284,0.3003581645028758,-13.03966229462968,7.277868866818387e-39,9.049120202280313e-37,Zfp503,38.13799577382951,DEG
Ppef2,31.778896776409105,-3.9680469842874024,0.4360234481880966,-9.100535764250052,8.98873086193661e-20,3.5907994330796564e-18,Ppef2,19.046301622901588,DEG
S1pr3,479.07612937122786,-3.9724672910452337,0.218334605164841,-18.194400690838954,5.716090256650258e-74,3.5536218614312572e-71,S1pr3,73.24290092234858,DEG
Pcsk5,231.01760722830832,-3.9944573555514964,0.26570481489414993,-15.03343986123393,4.4337136565422317e-51,1.0376976409794254e-48,Pcsk5,50.35323235844734,DEG
Lsp1,36.83530087469135,-3.999423898392218,0.4812464285656156,-8.31055289140066,9.525719495958585e-17,2.928974708695519e-15,Lsp1,16.021102211313927,DEG
Trpm1,29.41229456861091,-4.014677798267638,0.45935011914279344,-8.739908037380166,2.333002595328395e-18,8.347617559615665e-17,Trpm1,17.63208477807887,DEG
Masp1,142.49799393035784,-4.048469141058376,0.4663117170165148,-8.681894521031298,3.892303106074429e-18,1.3680826500396587e-16,Masp1,17.409793347188394,DEG
Hotairm1,52.492824405869435,-4.096753548809784,0.3573755104030938,-11.463442316427729,2.0134977707184142e-30,1.739669815289075e-28,Hotairm1,29.696048846893515,DEG
Zscan4a,12.025263051650107,-4.10337272525239,1.3208137447437485,-3.1067005030663783,0.0018918796304700889,0.008227397655738529,Zscan4a,2.723106498740569,DEG
Pax2,10.062564198677382,-4.105102666499668,0.7198327928717334,-5.702855867572506,1.1781660040809665e-08,1.5219762652718668e-07,Pax2,7.928793512964015,DEG
Foxc1,72.54282649680411,-4.118633873881336,0.3627074772866443,-11.355249427699055,6.984029075352361e-30,5.647978635165036e-28,Foxc1,29.155893961278604,DEG
Hoxaas2,51.39815199929819,-4.136443766147081,0.3824471377610525,-10.815726822700062,2.8998485002939372e-27,1.9489725021907966e-25,Hoxaas2,26.537624690792434,DEG
Epha5,99.68538432138833,-4.138377167259662,0.40249136578200295,-10.281902965096368,8.50318718885863e-25,4.860988676297517e-23,Epha5,24.070418260275027,DEG
Kif26b,412.6255285552231,-4.152323153872151,0.38778245792198246,-10.707867437127732,9.349059824042444e-27,6.078110984950993e-25,Kif26b,26.02923206118742,DEG
Fgf9,15.306505354472653,-4.1529461181960095,0.6083831225679852,-6.826202049567751,8.719210628224981e-12,1.693945080448318e-10,Fgf9,11.059522831044928,DEG
Gm43953,12.707884442696159,-4.154788143777908,1.0063559116768348,-4.128547460763673,3.650620932927994e-05,0.0002548261503146299,Gm43953,4.437633260253358,DEG
Cited1,185.24068129852805,-4.167982826394421,0.1788661552181686,-23.302244190973987,4.2069786497520785e-120,8.369363325816785e-117,Cited1,119.3760296920045,DEG
Myo1f,29.086608121855914,-4.176190365791423,0.9583505425836614,-4.357685606910222,1.3144501560537955e-05,0.00010092501506960327,Myo1f,4.881255877690911,DEG
Rnf213,224.49699721859585,-4.218689439564285,0.23080000719160576,-18.278549861837785,1.2264376824238346e-74,7.870564920690247e-72,Rnf213,73.9113545142061,DEG
Heyl,96.74992445253646,-4.239469534188868,0.6134461847855122,-6.910907002659368,4.815646883046989e-12,9.570677231901779e-11,Heyl,11.31734536609546,DEG
Ptprb,12.868662580801256,-4.270228664676969,0.6674714357902581,-6.397620086350508,1.578173544941318e-10,2.6250990387176077e-09,Ptprb,9.801845241008607,DEG
Arg1,2876.555663044253,-4.27031165240463,0.3554007680227162,-12.015482341702999,2.9464534500647682e-33,2.9455650721401253e-31,Arg1,32.53070041577355,DEG
Gm27477,20.78170063248419,-4.288629268872592,0.5469010688085071,-7.841691145742157,4.4451862039365735e-15,1.1759645524084334e-13,Gm27477,14.352110042196935,DEG
Pld5,13.708442533959122,-4.295320038538668,0.6294569557586015,-6.823850303412859,8.863224151846782e-12,1.7202437197740477e-10,Pld5,11.052408267204852,DEG
Calml4,31.637018636215213,-4.301460034199108,0.8242895880370609,-5.218384529692386,1.8049044615230214e-07,1.9367189513235702e-06,Calml4,6.743545781531996,DEG
Stra6,817.8518061696955,-4.314278628503707,0.281061279406861,-15.349957267711742,3.5441977892288245e-53,9.792815391516421e-51,Stra6,52.45048204965921,DEG
Tshz1,157.3591907859898,-4.3161215673239175,0.3954766887670573,-10.913719290964805,9.911640710092157e-28,6.77601994111936e-26,Tshz1,27.003854449211943,DEG
Mesp2,100.32217760334059,-4.320523124359433,0.3778572782955317,-11.434272601149269,2.818891336894945e-30,2.3662035551134195e-28,Mesp2,29.54992166506365,DEG
Dll1,1429.168958655239,-4.3657204353888215,0.19391574495245267,-22.513491292103577,3.0618396750045947e-112,4.685556807272416e-109,Dll1,111.51401755370429,DEG
Hoxb2,81.4295427182501,-4.371264454522513,0.31325108889281655,-13.954506814238735,2.9533760989103106e-44,4.9373499253547666e-42,Hoxb2,43.52968124410136,DEG
Grm8,21.829601062437202,-4.395451601411629,0.6283519840241392,-6.995206051967795,2.6486936055043285e-12,5.371367032406026e-11,Grm8,11.576968276936745,DEG
Hoxb3os,33.95701977428692,-4.408974365247049,0.38346985948207357,-11.49757733554848,1.356701198389629e-30,1.1889961956283384e-28,Hoxb3os,29.867515791382004,DEG
Gprc5a,69.11820668734238,-4.482514081264903,0.43817781832550906,-10.229897301499134,1.4567377807973993e-24,8.117742692208253e-23,Gprc5a,23.836618616110314,DEG
Gm53,22.959947388863448,-4.505519701949354,0.5081232357162985,-8.866982230399184,7.51548993664578e-19,2.8210029584836065e-17,Gm53,18.124042702389634,DEG
Ptprz1,318.2730561886654,-4.532320013221001,0.3221485632311114,-14.069036868463343,5.886563580671335e-45,1.009545654085134e-42,Ptprz1,44.23013816081293,DEG
Tll2,13.517196057757472,-4.596501875592003,0.7089898650108037,-6.483170073978364,8.981515497501622e-11,1.5416589241354382e-09,Tll2,10.046650376398311,DEG
Zbtb16,109.9520016625198,-4.600280065286505,0.4343624427308916,-10.590878981994765,3.284926523205181e-26,2.0358357711104012e-24,Zbtb16,25.48347434023614,DEG
Gm45889,591.3607680654145,-4.610883080018715,0.38804076672391996,-11.882470800546653,1.4598736939633646e-32,1.416718403302789e-30,Gm45889,31.835684717083794,DEG
Tril,97.06162644413449,-4.62159507569307,0.32588365252577584,-14.1817333881991,1.1887357564398807e-45,2.1498826489649987e-43,Tril,44.9249146737867,DEG
Ajap1,15.161870600892911,-4.625786876012614,0.562163183619714,-8.22854824150458,1.8949598615890526e-16,5.635027128019823e-15,Ajap1,15.722399984680079,DEG
Ildr2,65.61871409791095,-4.669765549768139,0.4526483469049892,-10.316541707703006,5.932147678057196e-25,3.4406456532731734e-23,Ildr2,24.226788045949956,DEG
Dkk4,290.1346641327244,-4.683974935693171,0.8719652015114064,-5.371745257235359,7.797821739557608e-08,8.839308586140116e-07,Dkk4,7.108026697131024,DEG
Wfikkn1,122.79886284981151,-4.708382692660585,0.3147934184742846,-14.95705569538523,1.4008812463020261e-50,3.1669467629468756e-48,Wfikkn1,49.853598678605486,DEG
Airn,44.43458300529898,-4.710279418806081,0.6150713068864941,-7.65810299727625,1.8869953021847116e-14,4.788250579293706e-13,Airn,13.724229181042167,DEG
Hes7,308.87217619130655,-4.725400345301948,0.42495948829244123,-11.119648991223617,1.0066726309110752e-28,7.389942922267502e-27,Hes7,27.997111738685597,DEG
Sost,39.11371474525424,-4.795839562298206,0.5747623126770377,-8.34403971262642,7.179486362028452e-17,2.2457343032420447e-15,Sost,16.143906625133194,DEG
Hoxa5,127.86197080236613,-4.810397586694068,0.3040106819080199,-15.823120281508663,2.15540577561989e-56,6.916071370997111e-54,Hoxa5,55.66647095774295,DEG
Ntng2,12.746462774625485,-4.817791067456691,0.719426255152984,-6.6967128777253215,2.131598487888679e-11,3.9594790212938734e-10,Ntng2,10.671294596510426,DEG
Sting1,18.694069587403835,-4.819116666915573,0.7009237663191353,-6.87537917600214,6.182518888189522e-12,1.2189794921867425e-10,Sting1,11.208834548153249,DEG
Wnt8b,11.667187945826498,-4.8218698352712055,1.0199493702878677,-4.727558029581698,2.27236133111398e-06,2.0354055074822834e-05,Wnt8b,5.643522609742741,DEG
Svopl,17.252672157332004,-4.839368873764248,0.8811709578247312,-5.491975003024123,3.974636590356249e-08,4.7433365524023523e-07,Svopl,7.400702573678695,DEG
Robo2,66.5514807186643,-4.931732020217121,0.9006666629572154,-5.475646233007509,4.359178000127648e-08,5.158922494618645e-07,Robo2,7.360595396893101,DEG
Hoxa3,101.34970705239095,-4.980536262158237,0.3069987022307616,-16.223313733797216,3.450646255894981e-59,1.2712436410143473e-56,Hoxa3,58.462099560264356,DEG
Spock3,67.61912812804336,-5.035861385855295,0.4686730360695937,-10.74493516436801,6.260589391119651e-27,4.1241114353289517e-25,Spock3,26.203384779048086,DEG
Haglr,55.88952317101673,-5.060666675986495,0.3617701783054967,-13.988623107880985,1.8291904742915927e-44,3.083891126742114e-42,Haglr,43.73774106892123,DEG
Hoxb3,21.083159287651394,-5.07573576847267,0.489690772234332,-10.365185656477465,3.570643908388997e-25,2.1016091690381866e-23,Hoxb3,24.447253458777485,DEG
Pax3,162.62268570520897,-5.08393761419635,0.8036130772486667,-6.326350028551363,2.510280381160286e-10,4.053532297305416e-09,Pax3,9.600277768084634,DEG
Igf2,167.70363097229406,-5.090783810901224,0.3520845632618937,-14.458980432818658,2.200330026639094e-47,4.5127180979338286e-45,Igf2,46.65751217463289,DEG
Trim9,64.77311224745624,-5.121832675443562,0.3962562148096447,-12.925557969870606,3.2294527346105697e-38,3.9174837013623585e-36,Trim9,37.49087106728991,DEG
Acta2,113.9209700650227,-5.151905922513503,0.45347459324121586,-11.360958252788068,6.542304271452805e-30,5.335073303427259e-28,Acta2,29.184269261443074,DEG
Tie1,18.67225935890872,-5.192520104252162,2.611735597568542,-1.9881492250158332,0.04679518859875999,0.11839545745691608,Tie1,1.3297987980461288,DEG
Igf2os,11.948814894258579,-5.210787009702825,0.7024746533191204,-7.417758043058769,1.191194544270202e-13,2.7978304915834e-12,Igf2os,12.924017304341485,DEG
Adgrd1,36.91080967679592,-5.215217959108412,0.6591099211018364,-7.912516246743962,2.5223794020235946e-15,6.771958950588041e-14,Adgrd1,14.598189588733359,DEG
Gpat3,29.644352192131258,-5.2441849511542635,0.6397798837022858,-8.196858145659647,2.467513408809172e-16,7.261643750717407e-15,Gpat3,15.607740478635627,DEG
Rnf39,11.612398343988506,-5.302491086845422,0.8902903377445982,-5.9559122030666956,2.5862515351578932e-09,3.6593803727191414e-08,Rnf39,8.587329238535816,DEG
Crabp1,817.0905028428399,-5.330550976818959,0.18291497095308656,-29.142234498597283,1.0478680206108773e-186,5.211571600508198e-183,Crabp1,185.9796934134686,DEG
Gfra3,173.6629169394205,-5.35338056763705,0.34956100018937025,-15.314581903407197,6.110352649411221e-53,1.5994652053603529e-50,Gfra3,52.21393372440986,DEG
Meox2,54.50079204160579,-5.531512943668439,1.4611840570664791,-3.7856373513776798,0.00015331512355745767,0.0009256604151903074,Meox2,3.81441500265645,DEG
Dlx5,40.12799200450685,-5.539900301978114,0.8992412982689115,-6.16063820983614,7.245234870958736e-10,1.0969307650141028e-08,Dlx5,9.139947531309717,DEG
Hoxd1,89.1131174660938,-5.542675774081232,0.41142671333937203,-13.471842236722402,2.290781603601911e-41,3.2321141292238595e-39,Hoxd1,40.64001631319895,DEG
Ptgfr,22.904043110383558,-5.688635710761926,1.5345248177206225,-3.707099191273951,0.00020964684552874003,0.001221514171407094,Ptgfr,3.6785116678646017,DEG
Aldh1a2,1455.179218883226,-5.766795588999929,0.5417142815626312,-10.645456073938103,1.8308548257175496e-26,1.156286536597617e-24,Aldh1a2,25.73734609091915,DEG
H19,36.565746793367495,-5.785463389483915,1.021879453623386,-5.661590874510478,1.4997604830348346e-08,1.9089081925460653e-07,H19,7.823978093745719,DEG
Hoxa7,106.33835528428673,-5.806858139207488,0.4184222653237985,-13.877985519517747,8.613075641959086e-44,1.3818429582349522e-41,Hoxa7,43.06484173869569,DEG
Kcna2,25.67153290817154,-5.942497194732625,0.844491695726569,-7.0367739846392725,1.9674158910796735e-12,4.0475461982563624e-11,Kcna2,11.706103825078564,DEG
Hes5,98.02792822068837,-5.9767723095171945,0.5283851663821727,-11.311393070399498,1.152450709715757e-29,9.207572055857538e-28,Hes5,28.938377640303806,DEG
Piwil4,13.46927967289437,-6.132789787643574,0.8847145830041814,-6.931941561106368,4.151034482808604e-12,8.282916750350488e-11,Piwil4,11.381843658904955,DEG
Sv2b,22.224664665985966,-6.159551460280438,1.3987302746705628,-4.403673511486103,1.0643308365502166e-05,8.355879109048938e-05,Sv2b,4.972923354977964,DEG
Meis1,430.83825017065493,-6.264032709356716,0.3296960668210065,-18.999415946194734,1.724527974058757e-80,1.225277125568747e-77,Meis1,79.76332975642514,DEG
Stra8,32.39113605249447,-6.3782510838404916,0.9074375816049699,-7.028859299125989,2.082288210600001e-12,4.266224681944019e-11,Stra8,11.681459159738786,DEG
Oxtr,20.954915183180702,-6.394984774963879,1.0448436044707055,-6.120518657147197,9.327126078524805e-10,1.3925387588000859e-08,Oxtr,9.030252152663806,DEG
Hoxa9,85.57372541288403,-6.473887210712675,0.669617154282555,-9.668042655879933,4.121857934190137e-22,1.9069823661111297e-20,Hoxa9,21.384906980887845,DEG
Hoxc4,140.43286271961358,-6.484429407287134,0.4057680331098468,-15.980631489350747,1.7437046848536063e-57,5.879535762792821e-55,Hoxc4,56.75852706561817,DEG
Kcnh5,13.13626706253999,-6.530326139632009,1.08043464784032,-6.044165792614549,1.50185016195082e-09,2.177682734828689e-08,Kcnh5,8.82337339428525,DEG
Hoxd9,40.802020577475254,-6.616574074299998,0.7135933473219052,-9.272191366598086,1.8236011280417212e-20,7.637625440265685e-19,Hoxd9,19.73907014782446,DEG
Pcdh19,199.5524964617773,-6.633611346919235,0.514134320410066,-12.902486925261796,4.3580224203585705e-38,5.2544544260977816e-36,Pcdh19,37.360710539805005,DEG
Meox1,1073.4362985475948,-6.723520389187848,0.3851349896686656,-17.457568306042877,3.0150650755278415e-68,1.6211271516905642e-65,Meox1,67.52070330984634,DEG
Hoxd4,26.766446767619836,-6.766558889536954,0.8868484311331551,-7.629893285024027,2.349481151084204e-14,5.90158813379661e-13,Hoxd4,13.629028034792107,DEG
Npbwr1,15.888513816733104,-6.780430082214485,0.7859442686602235,-8.627113082423628,6.291995802350527e-18,2.1769211215993284e-16,Npbwr1,17.201211575784384,DEG
Osr1,11.359202512350613,-6.832083152498687,1.5758595274823064,-4.335464572412783,1.4545260022601185e-05,0.00011040190877131933,Osr1,4.837278510555012,DEG
Csn3,27.515219589576677,-6.83711729582369,0.9553389594415898,-7.156744973344424,8.261518205497674e-13,1.7729734970892204e-11,Csn3,12.082940135768885,DEG
Hoxd8,25.547860802980374,-6.960433995059439,0.8183178812034096,-8.505782599817444,1.8037468247241605e-17,5.970672101674284e-16,Hoxd8,16.743824420420136,DEG
Foxc2,403.50225495065723,-7.001529968418114,0.31061590511053655,-22.540796698503037,1.6531717801508265e-112,2.740683282860045e-109,Foxc2,111.78168201678821,DEG
Hoxd3os1,16.92258558605807,-7.063113216698131,0.9692150940072825,-7.287456892045741,3.1586032055371515e-13,7.108286444678291e-12,Hoxd3os1,12.50050492821618,DEG
Tmem132c,177.67768269168155,-7.177523214729788,0.4305558789590339,-16.67036397710576,2.152796565889964e-62,8.740354057513253e-60,Tmem132c,61.66699700802404,DEG
Tmem252,18.978656508637506,-7.408514532714038,1.5066102756693216,-4.9173397077905605,8.772823820661809e-07,8.484519061168986e-06,Tmem252,6.056860592228429,DEG
Ripply2,79.70547779117055,-7.485162889655468,0.8313474628047282,-9.00365157115254,2.183322553559402e-19,8.466865278851996e-18,Ripply2,18.66088209897577,DEG
2610528A11Rik,16.324084619240768,-7.511502804552712,0.7453349031454828,-10.078023681505403,6.91020022722256e-24,3.636812786253058e-22,2610528A11Rik,23.160509368498733,DEG
Hoxc9,53.31587868591516,-7.576105886049583,0.9508220161895081,-7.967953788461279,1.6132316284739011e-15,4.378394272422891e-14,Hoxc9,14.792303271950166,DEG
Hoxb9,131.7209009913018,-7.887878952903825,0.6472785666033533,-12.186219905744926,3.6810357077468237e-34,4.001667998356028e-32,Hoxb9,33.434029969675805,DEG
Pglyrp3,21.576943148291672,-8.015817750624548,1.1163350660848395,-7.180476538049877,6.94688509743517e-13,1.5071028585428055e-11,Pglyrp3,12.158209884364819,DEG
Hoxaas3,264.9788177033551,-8.024469757459238,0.5137184065932526,-15.62036643902616,5.290073029292096e-55,1.5945562552232873e-52,Hoxaas3,54.276538332501744,DEG
Sim1,101.58515397515662,-8.05851551206848,0.7818131852030775,-10.307469437184363,6.519538441179923e-25,3.759411528951692e-23,Sim1,24.18578314959693,DEG
Hoxc6,82.3365902707416,-8.085012509496744,0.8081540563586592,-10.004296143640973,1.4592566592923355e-23,7.540377137652395e-22,Hoxc6,22.83586831611798,DEG
Cdx4,332.0477722494673,-8.213854349900195,0.6097619076851517,-13.470592777896826,2.3298795190768287e-41,3.264128391022143e-39,Cdx4,40.632666536292845,DEG
Hoxb4,33.58638843650645,-8.563398102425037,1.0776137692947136,-7.946630180894669,1.9165346368145394e-15,5.1733432923729234e-14,Hoxb4,14.717483327496769,DEG
Hoxb7,112.19044579927039,-8.635813713872162,0.7912313806789579,-10.914397387097749,9.837956201014504e-28,6.755413570703548e-26,Hoxb7,27.007095115269273,DEG
Hoxb8,218.8770295931001,-8.88294620219897,0.7829411759307956,-11.345611235273866,7.797943640516217e-30,6.280659545928325e-28,Hoxb8,29.108019907991487,DEG
Hoxc5,52.07934075166227,-9.560908632866965,1.4188396115726045,-6.738540815244019,1.599851200889789e-11,3.022548887986844e-10,Hoxc5,10.795920408367573,DEG
Hoxd3,34.041703543282054,-9.58022635628589,1.954023066423008,-4.902821528009515,9.446980836075414e-07,9.044188486664306e-06,Hoxd3,6.0247069656425385,DEG
Hoxc8,81.73695289542249,-9.797762558055556,1.10717348920537,-8.849347147110173,8.803274320778846e-19,3.279631822801018e-17,Hoxc8,18.055355764786423,DEG
Hoxb5,64.53786312533612,-11.188952158814102,1.9495600317294604,-5.739219093904151,9.511410552071883e-09,1.250627901671633e-07,Hoxb5,8.021755071963241,DEG
Hoxb6,110.53119000817458,-11.785046537434939,1.9626627566398782,-6.004621271568427,1.9177902752083498e-09,2.7467616799852347e-08,Hoxb6,8.717198887936897,DEG
Hoxb5os,113.1877301261731,-11.983390221927808,1.9708148782929802,-6.080424069208982,1.1986510499040288e-09,1.763754732750795e-08,Hoxb5os,8.921307229877064,DEG
