Gene,baseMean,log2FoldChange,lfcSE,stat,pvalue,padj,Symbol,-log10P,Category
Foxd4,58.51769486567959,11.008801098987014,1.4378364218375375,7.656504545153961,1.9106199673438526e-14,5.71577047072761e-13,Foxd4,13.718825687878896,DEG
Fam107a,27.767817390862124,10.543016566163335,2.0418640939425385,5.163427182759419,2.424689298951085e-07,2.7037920651112978e-06,Fam107a,6.6153439042353535,DEG
9030622O22Rik,39.66486120894697,9.937727100660545,1.4346700560051022,6.926838027366763,4.303508243023497e-12,9.597981276536934e-11,9030622O22Rik,11.366177360841416,DEG
Noto,200.99090375608995,9.579945370599301,0.8756925517996611,10.93985023729079,7.432257802038517e-28,7.007456716291671e-26,Noto,27.12887923442064,DEG
Six3os1,17.840551083984977,9.395581397190513,1.994022969853293,4.711872199687739,2.4545129985934236e-06,2.230702676748176e-05,Six3os1,5.610034663624226,DEG
Frmpd2,11.54330759583267,8.635464886869846,2.0955032666392928,4.120950334150113,3.7731276653678856e-05,0.00026580241421681557,Frmpd2,4.42329850001321,DEG
Shh,401.4519767831648,8.519998995877021,0.5742357290489535,14.837110553862265,8.430995805962448e-50,2.9425654484880164e-47,Shh,49.07412112674023,DEG
Kcnj5,12.893061426012475,8.28779024026272,1.7456214478766108,4.747759172152738,2.0568273727369226e-06,1.90762348499899e-05,Kcnj5,5.686802156634791,DEG
Foxa2,631.1110609279442,8.211411443185073,0.5169963677759308,15.882919020320749,8.321403026300828e-57,4.0377071172006997e-54,Foxa2,56.07980344351578,DEG
Pifo,41.215493153169454,7.896886005944876,0.8972463994878083,8.801245689537234,1.3530576331170698e-18,6.202241602126955e-17,Pifo,17.8686837043546,DEG
AC151602.1,10.89969160999978,7.800455091157094,1.5650215602057198,4.9842476867422425,6.220335652268598e-07,6.463484276801278e-06,AC151602.1,6.206186179940201,DEG
Kif12,17.508522357229754,7.740125806503637,2.157099936791467,3.588209185160204,0.0003329571064110304,0.001865347416204179,Kif12,3.47761171138516,DEG
Cfc1,76.02329664670758,7.680345165437347,0.6654096024928539,11.542281831617887,8.075415943314638e-31,9.23289222852307e-29,Cfc1,30.092835099060753,DEG
Samd3,251.6592119740635,7.674421822011353,0.42207308950089667,18.18268449923304,7.078243727578233e-74,6.400662759838244e-71,Samd3,73.15007448723115,DEG
Spink1,131.09330446344975,7.591015064129841,0.5021258363958272,15.117754383277386,1.2368912016208486e-51,4.732060300970224e-49,Spink1,50.90766849973527,DEG
Tmem163,12.43008028485836,7.395935482406204,1.2015909488935255,6.155119168646107,7.502106279935531e-10,1.2499740563905985e-08,Tmem163,9.124816787630964,DEG
Gm38655,15.185949914649806,7.395764207221922,1.1161646488862507,6.626051286072966,3.447854237415478e-11,6.821636568798652e-10,Gm38655,10.462451102831151,DEG
Fam183b,24.12743813777121,7.313742937507954,0.8880898882450116,8.23536337291366,1.7901344226721626e-16,6.770519810768061e-15,Fam183b,15.747114356264328,DEG
Fgf14,79.66070291332102,7.179679057266447,0.5898051011043913,12.172968738016552,4.3304080956611745e-34,6.066840750357986e-32,Fgf14,33.36347117400639,DEG
Kcnk16,61.52483768698728,7.1728881092995405,0.5032993740736423,14.251732624348564,4.372954302834915e-46,1.2252894774732085e-43,Kcnk16,45.35922506098817,DEG
Gm45623,24.927352538044392,7.0538229810460455,0.7859465819468513,8.974939446359285,2.8350769294185746e-19,1.4030104585535602e-17,Gm45623,18.54743515209076,DEG
Robo3,16.554955189925764,7.014445648530962,0.9249150786889765,7.58388073689274,3.353694571120941e-14,9.613602276351585e-13,Robo3,13.474476492152355,DEG
Defa38,30.991912294575798,6.806703844572534,1.1113199333841375,6.124882349446474,9.075063758997867e-10,1.4846983422821015e-08,Defa38,9.04215031504296,DEG
Dlx1,16.62929369836444,6.780945373005086,1.1130200204593519,6.092384007797577,1.112414435233175e-09,1.7992172987421778e-08,Dlx1,8.953733384153944,DEG
Six3,11.066899759402842,6.6411412790923405,1.2100921880864375,5.488128379371011,4.0621480158035845e-08,5.170337340140532e-07,Six3,7.391244255900301,DEG
Foxj1,229.3770712862235,6.553004004346361,0.39126891608331504,16.74808229067446,5.848128419714618e-63,3.5255353570243216e-60,Foxj1,62.232983099223745,DEG
Myh7,13.698438254437447,6.457823969464272,1.2272434022527723,5.262056375784996,1.4245306938443022e-07,1.6524556048593905e-06,Myh7,6.846328188738581,DEG
Gm5771,13.182212668349003,6.451240371018093,0.8376123807755347,7.701940084797901,1.340157262637538e-14,4.095405312275143e-13,Gm5771,13.872844235748435,DEG
Elfn1,39.16250185491374,6.41916604962151,0.742123611602492,8.649726203644692,5.162313445243648e-18,2.2822014151039363e-16,Elfn1,17.287155629507975,DEG
Vwa3a,11.034662410928181,6.407144584612413,1.1483528482271863,5.579421511866921,2.4131980550500607e-08,3.194155828820087e-07,Vwa3a,7.617407033381062,DEG
Gata1,19.671804217205228,6.397059773497397,0.8530885037820357,7.498705872997965,6.445096486994702e-14,1.7685344760313463e-12,Gata1,13.190770576610701,DEG
Tbx1,33.099810104405506,6.345837816328024,0.6750245512736465,9.400899277447913,5.409869603552141e-21,3.146899002721237e-19,Tbx1,20.266813202756694,DEG
Lmx1a,112.89434249001272,6.308817624002566,0.5378967637012116,11.728677414960165,9.086737353233936e-32,1.1228046764300367e-29,Lmx1a,31.04159202479107,DEG
Mab21l2,55.22881235848795,6.291134681827957,1.0921404064396159,5.7603716928092545,8.392890909743874e-09,1.1951909216782009e-07,Mab21l2,8.076088421781947,DEG
Myl3,20.45862720351102,6.284471512635642,0.6926771318394613,9.072728438351515,1.1607330683619446e-19,5.966827819636312e-18,Myl3,18.935267642678465,DEG
Sox17,189.52731095760691,6.269609980856807,0.432300651722571,14.502892734199092,1.1614996149044007e-47,3.667757672842563e-45,Sox17,46.934980929854206,DEG
Ermn,10.06905180848014,6.211136687906941,3.1235336714521895,1.9884967928068682,0.04675677336104292,0.11999216321524611,Ermn,1.3301554667113225,DEG
Enkur,18.537429727746346,6.109918705200001,0.7531378492421319,8.112616715981403,4.954114788560149e-16,1.7790101011482962e-14,Enkur,15.305033934879631,DEG
Pkd1l1,191.5419898793653,6.028304264548248,0.7336368624665512,8.217013856529185,2.0863296952133302e-16,7.816467600108095e-15,Pkd1l1,15.680617060483902,DEG
Gm29776,28.84724037977004,5.970947116886759,0.6494267207000186,9.194181462768672,3.778603823768161e-20,2.037169226830455e-18,Gm29776,19.42266864027957,DEG
Dnah5,14.436497665494082,5.938108946740454,0.9400887059541734,6.316541097803508,2.674823397077823e-10,4.742685976957772e-09,Dnah5,9.572704886617139,DEG
Gdnf,11.915801278897979,5.880654562078764,1.0075344318405293,5.836678505702466,5.3251706185821e-09,7.795360138783833e-08,Gdnf,8.273666472861686,DEG
Prss1,20.35065220190935,5.8770844983888795,0.5248708989663171,11.19720013047634,4.208239511975059e-29,4.429561738160414e-27,Prss1,28.375899550278046,DEG
Defa30,286.3247171781113,5.869185982875807,0.43969795684081303,13.348222095561548,1.2130972559326623e-40,2.773949058566021e-38,Defa30,39.916104379659636,DEG
Dlx2,25.59947639634307,5.860884707565804,0.7336548156136113,7.988613422599701,1.3646487977973093e-15,4.6486854766061075e-14,Dlx2,14.864979103058173,DEG
Cfap206,19.257272830251676,5.813451110326216,0.8164873752466217,7.120074708528408,1.0786857828489132e-12,2.5807050339169644e-11,Cfap206,11.967105045260052,DEG
Lrrc18,24.408693098240068,5.742631075466924,0.71632015873179,8.016849736064907,1.0849171020900955e-15,3.734142011934318e-14,Lrrc18,14.964603444746556,DEG
Ccdc187,12.2008494358704,5.7301075321536,1.207572283837788,4.745146612625733,2.0835536754447825e-06,1.927747252859407e-05,Ccdc187,5.681195306990136,DEG
Ptgds,85.13466635558757,5.715028383618612,0.44457970946871966,12.854901521367605,8.072860473058477e-38,1.544245060106013e-35,Ptgds,37.09297255356197,DEG
Rfx6,25.03727371706655,5.660797600699179,0.9891439503948086,5.722925968904444,1.0470489847055748e-08,1.4731253537293285e-07,Rfx6,7.980032999992897,DEG
Dkk1,397.742343798628,5.607317490617694,0.460522216084653,12.175997801563085,4.172598351256892e-34,5.887210751766285e-32,Dkk1,33.379593417883044,DEG
Cabp7,121.72271764590889,5.5374416372141555,0.46032783787114856,12.029343397572564,2.4913416573401206e-33,3.418120753870645e-31,Cabp7,32.60356671015005,DEG
Chrd,313.3390332622357,5.50075077158656,0.3171750172062229,17.34295096769884,2.2298896145788297e-67,1.5843365711582585e-64,Chrd,66.6517166351428,DEG
Ccdc154,10.383953676022188,5.468854233138285,1.0306114641997504,5.30641703795207,1.118010095810106e-07,1.3207656084350504e-06,Ccdc154,6.951554274683207,DEG
Fhad1,14.100167762670157,5.450512274231899,0.9062873402343182,6.014110572065019,1.8087702339851243e-09,2.8468097337737392e-08,Fhad1,8.742616597568036,DEG
2410004P03Rik,82.27775210305583,5.383077677672402,0.40094579803541325,13.42594860464642,4.260930006920716e-41,9.856621111358225e-39,2410004P03Rik,40.37049559977227,DEG
Adcy8,50.22447831458342,5.334311843302522,0.5462117206071654,9.766014975608607,1.5752667319610619e-22,1.0342691869845995e-20,Adcy8,21.80264589875631,DEG
Vit,16.386419140849004,5.2922695607684025,2.0785279384681594,2.546162340578745,0.01089145238465007,0.03698149065373417,Vit,1.9629142028355122,DEG
Gal,67.07498327391458,5.2369181770735755,0.5144290129261423,10.180059921747555,2.434114406880116e-24,1.813643146459664e-22,Gal,23.61365901316058,DEG
Gsc,70.1637004777191,5.234544718597969,0.5378027510744577,9.733205544486433,2.176246578871025e-22,1.4011083961184523e-20,Gsc,21.66229189859884,DEG
Nkx6-1,121.02077859810763,5.218224060915845,0.40928599605567956,12.749578806028717,3.1343410548410208e-37,5.668598267727933e-35,Nkx6-1,36.503853748717255,DEG
F5,91.88711273370433,5.1777823809800925,0.5122244428927244,10.108425032860994,5.0692623834343595e-24,3.6940624855693463e-22,F5,23.295055229248373,DEG
Lhx1,505.8011658781193,5.172528908360631,0.49744939128322696,10.398100789745682,2.529239178137702e-25,2.0126673683948577e-23,Lhx1,24.597010099546928,DEG
Sez6,22.18862698597029,5.161479953218166,1.0979923680082457,4.700834089203254,2.591009705190461e-06,2.344044887451525e-05,Sez6,5.586530960266677,DEG
Krt19,355.8212991357557,5.120326113853438,0.27436138774487884,18.66270671664152,9.955815691633454e-78,1.0424263019439785e-74,Krt19,77.00192315192358,DEG
Rgs5,41.39617156434843,5.101539308552218,0.7214268627449956,7.071457374266741,1.5331490029483567e-12,3.5967530972470055e-11,Rgs5,11.814415635091093,DEG
Tacr1,13.489874737152894,5.089318543286084,0.8997615373569091,5.656297065371556,1.546736643090208e-08,2.1090321300641945e-07,Tacr1,7.810583625660161,DEG
Gli1,225.32869736247804,5.055462745727016,0.3635443282159569,13.90604213394277,5.821275417567828e-44,1.5237954362775574e-41,Gli1,43.234981852785154,DEG
Dnajb13,41.07350585170404,5.01185047785737,0.4909827149138239,10.207794135353701,1.8297727763581834e-24,1.3920101069287072e-22,Dnajb13,23.737602838193492,DEG
Slc38a8,22.905379736591996,4.99436093087779,0.6744746566074397,7.404816299546489,1.3133214135632998e-13,3.4743638565729104e-12,Slc38a8,12.881628974554374,DEG
Fgf5,2859.9705746374902,4.95774337714065,0.20526824545835973,24.152510126786105,7.026703295473012e-129,3.4947308840035027e-125,Fgf5,128.1532483842825,DEG
Efcab1,85.4239558320758,4.938643038445564,0.4653387651177963,10.613005854337947,2.592713428612036e-26,2.223251765034821e-24,Efcab1,25.58624548294151,DEG
Asb4,163.41445936543514,4.922064649032461,0.3368205048193716,14.613316524990191,2.3099382831395902e-48,7.411921323351452e-46,Asb4,47.636399623419535,DEG
Vwa5b1,34.79765468844221,4.921379578121566,0.5916746602998364,8.317712263742397,8.967739688770148e-17,3.5462814553392787e-15,Vwa5b1,16.047317006721233,DEG
Foxa1,89.94930308907878,4.917049272412412,0.3159177837929187,15.564332002390515,1.2719106346046806e-54,5.622975592183448e-52,Foxa1,53.89554340147178,DEG
Cthrc1,134.5980636095875,4.909879816043454,0.2582046357567959,19.0154595855827,1.270188653074997e-80,1.486419592016117e-77,Cthrc1,79.89613177124497,DEG
Kif17,12.31420236434849,4.903479428177188,0.8792056347402212,5.577170157270453,2.444627199222141e-08,3.2293103254532053e-07,Kif17,7.611787360534294,DEG
A930032L01Rik,14.292991367187806,4.866131812244721,0.9985492128551384,4.873201790757068,1.0980396394447016e-06,1.0857057945881159e-05,A930032L01Rik,5.959381981487603,DEG
Klhl4,67.00257563248867,4.862250239456383,0.5308920654604486,9.158641757509221,5.2554599963756e-20,2.7880565644772317e-18,Klhl4,19.279389265336114,DEG
Nog,135.56855534165746,4.846324366748112,0.7241277859833076,6.692636935851303,2.191844766411379e-11,4.444909254127214e-10,Nog,10.659190207248908,DEG
Pga5,38.03192016324184,4.825042702453084,0.9052969064776726,5.329790335003298,9.832621403046592e-08,1.176644915507324e-06,Pga5,7.007330682665714,DEG
Lgr5,176.00939873304335,4.8140687451447235,0.3259988231631107,14.767135348632978,2.3864253461018736e-49,8.046702683957741e-47,Lgr5,48.62225214700196,DEG
Krt8,2319.0046654356315,4.792980425209159,0.2093671109457972,22.892709382850523,5.491988514675009e-116,1.8209603251824103e-112,Krt8,115.2602703796688,DEG
Nkx2-2,14.99565963787162,4.7888969456879344,0.8286597159854397,5.7790874267285846,7.51068925902916e-09,1.0749471375476699e-07,Nkx2-2,8.124320205784485,DEG
Bace2,13.49821535966881,4.760122188077475,0.68015662546537,6.998567697286712,2.5859240664951744e-12,5.913146365385632e-11,Bace2,11.587384231963865,DEG
C330024C12Rik,17.463836728366857,4.708681335909778,0.6469350289623917,7.278445477688777,3.376886555628532e-13,8.471599134637329e-12,C330024C12Rik,12.471483528968406,DEG
Slc13a4,43.790392763381746,4.7056735680425925,0.5177239953472516,9.08915485921484,9.98118699145697e-20,5.184483916659138e-18,Slc13a4,19.000817808092787,DEG
Susd5,64.77288898710825,4.693037978755186,0.4352077488163181,10.783443060284089,4.12163483729025e-27,3.6935046600473978e-25,Susd5,26.384930487853946,DEG
Aplnr,1453.4474410467697,4.6695967753699055,0.5577450918588448,8.372277665065848,5.651508558114592e-17,2.285185188112433e-15,Aplnr,16.247835610407776,DEG
Drc1,49.3692358056072,4.665092237134728,0.4448659138476238,10.486513108605177,9.963783698674532e-26,8.15718160088194e-24,Drc1,25.001575709025104,DEG
Cfap126,45.48674834163988,4.662159383121278,0.3746554354020059,12.443858923650135,1.510272970898192e-35,2.442713047402328e-33,Cfap126,34.8209445500309,DEG
Krt18,1759.3811222640654,4.655927661499046,0.1876310297305119,24.814273354392377,6.288129917951241e-136,4.169868552924066e-132,Krt18,135.2014784939937,DEG
Sfrp5,63.8264728568008,4.654100463837666,0.4937102333495305,9.42678548966336,4.228491392239803e-21,2.488804963231321e-19,Sfrp5,20.373814549146633,DEG
Calca,652.6098129631768,4.633442739915635,0.21373203099217983,21.678747534501117,3.2562036097050725e-104,8.09736432643409e-101,Calca,103.48728844659405,DEG
Otx2,1122.2724691484623,4.631149957140367,0.24872949788341014,18.619222876858696,2.2444757454624824e-77,2.2325800240115313e-74,Otx2,76.6488850833649,DEG
Lamb3,43.33767490079823,4.629858034554344,0.46597364368176664,9.935879630385859,2.905996684927488e-23,2.0284876508753488e-21,Lamb3,22.536704885467632,DEG
Cfap44,22.855958441235135,4.619523619573076,0.6156667367473868,7.503286021230191,6.223754376080739e-14,1.7196579105243086e-12,Cfap44,13.205947555352829,DEG
Drc7,16.39078886761633,4.608018912798224,0.868520310626628,5.30559718226231,1.1230471548615996e-07,1.3259287892472796e-06,Drc7,6.949602008060679,DEG
Avpr1b,20.506997615278085,4.582258696246165,0.7011336221747249,6.535499869530219,6.339743743405567e-11,1.2185783771141097e-09,Avpr1b,10.197928296230902,DEG
Cfap54,10.78956983163144,4.537833580384464,0.7098141719237874,6.3929881367199455,1.626748874135232e-10,2.979976252490452e-09,Cfap54,9.788679485167044,DEG
Kcns2,10.45145133198841,4.532940505773967,0.9758375336836207,4.645179498950903,3.3978089427615397e-06,2.9962770880894538e-05,Kcns2,5.468801044959961,DEG
Cfap52,31.60845753885327,4.531793568001868,0.5409371513891009,8.37767115156435,5.3985228794376464e-17,2.1873363373428215e-15,Cfap52,16.267725053707455,DEG
Zmynd10,17.133346817149917,4.471575012304645,0.6748648542782129,6.625882180643592,3.451804153086207e-11,6.821636568798652e-10,Zmynd10,10.461953853063093,DEG
Slc5a9,14.187100600346755,4.4473281958275885,0.738590969198849,6.021368228549576,1.7294879261223844e-09,2.7306692700221202e-08,Slc5a9,8.762082465529774,DEG
Col9a3,79.45634113627602,4.422722635209704,0.3376726970706753,13.097661355439769,3.395599905883239e-39,7.186389843366081e-37,Col9a3,38.469083487127584,DEG
Foxa3,57.85380794781484,4.389314083392576,0.3955608275118415,11.096432654877024,1.3055128429043443e-28,1.3250955355479096e-26,Foxa3,27.884218851474085,DEG
Cer1,923.8301875004659,4.379459996862097,1.0163975809090244,4.308806001825866,1.6413826203018852e-05,0.00012563934531852907,Cer1,4.784790169393916,DEG
Prss12,29.174503156275698,4.369201580363612,0.5353582558508055,8.161266838819849,3.315288514158441e-16,1.2123961342034563e-14,Prss12,15.479478670983292,DEG
Dlx5,40.12799200450685,4.365680773815913,0.40846461111101096,10.688026955239518,1.158083689655556e-26,1.0149302608813935e-24,Dlx5,25.936260054907127,DEG
Postn,26.251287891664237,4.3278754656032445,0.4900347009976894,8.831773457658972,1.0302895312507228e-18,4.7889205454910934e-17,Postn,17.987040713008486,DEG
Slc8a3,112.18649375716745,4.31862317075818,0.33220817672790237,12.99974977526029,1.227442406858028e-38,2.5356593032198512e-36,Slc8a3,37.910998876370414,DEG
Alox12e,22.37220732446969,4.306644659856054,1.4784373036053131,2.912970776206662,0.0035800810384752084,0.014538095974571504,Alox12e,2.446107142583983,DEG
Gckr,10.979174050355423,4.283653733065809,0.8272893923850662,5.177938666318545,2.2435095814153352e-07,2.515917678279407e-06,Gckr,6.649072071374088,DEG
Gm19439,13.06679363596939,4.2651529055769295,0.8955658702692492,4.76252283295993,1.911875568694272e-06,1.789875414757828e-05,Gm19439,5.71854037648877,DEG
Flt1,303.0080032366586,4.249048934411578,0.3381387769156663,12.565991316255676,3.2477854474226744e-36,5.569952042329887e-34,Flt1,35.48841266849432,DEG
Calb2,39.58069315107167,4.2336245869566485,0.4705121752078485,8.997906558074607,2.3006250163249116e-19,1.1557735877466614e-17,Calb2,18.638154162127567,DEG
Upk3a,23.846292610824094,4.20676450087737,0.5957812796860259,7.06092091898946,1.6540271198196056e-12,3.862114497851084e-11,Upk3a,11.781457373930118,DEG
Tafa2,15.13795377949298,4.192969792738698,0.7459037668391321,5.621328084327787,1.8949501064101313e-08,2.554074350740051e-07,Tafa2,7.7224022204167655,DEG
Car4,704.3880641848411,4.189931920087738,0.22300195815422358,18.78876739364803,9.332181123070557e-79,1.0314133959020313e-75,Car4,78.0300168408184,DEG
Gata6,26.141794514140095,4.169854945252259,0.836661109339502,4.983923477146117,6.230772940366138e-07,6.46946747785198e-06,Gata6,6.205458074863485,DEG
Tspan1,23.359463193349715,4.125990750766681,0.6029649803542398,6.842836458499919,7.764027219291282e-12,1.6680081803518441e-10,Tspan1,11.109912950722201,DEG
Gsn,208.26457851257408,4.107348709674574,0.23300150770452996,17.627991982279866,1.5020768765310005e-69,1.149319899296451e-66,Gsn,68.82330783950309,DEG
2900052N01Rik,14.524778373599089,4.104205354956029,0.610938608914375,6.717868694285201,1.8440173988082676e-11,3.7702859333907167e-10,2900052N01Rik,10.734234985575895,DEG
Stox1,69.04976846369455,4.103504736954988,0.36787176708959063,11.154715050355115,6.791003708868832e-29,7.07331035519563e-27,Stox1,28.168066032345678,DEG
Rorc,47.30046376864982,4.095803797028456,0.43346577225111504,9.448967044751294,3.421907942640645e-21,2.0260546610384817e-19,Rorc,20.465731678179186,DEG
Spag6l,18.560771966710657,4.070634853262156,0.6859251461882392,5.93451760134924,2.947107157747065e-09,4.468730929589948e-08,Spag6l,8.530604072778454,DEG
Cpm,337.2747986111686,4.051199337689181,0.2553479317108416,15.865408858203706,1.0999881853419026e-56,5.2102773712361453e-54,Cpm,55.95861197944939,DEG
Clu,795.1267845623096,4.030716047516907,0.2069646757316902,19.47538164794046,1.7759593545464064e-84,2.355395693289747e-81,Clu,83.75056697791452,DEG
Pcsk1n,187.71242582976504,4.0230274093432685,0.2645516853677689,15.206961935436624,3.179601814953107e-52,1.2402940883662177e-49,Pcsk1n,51.497627263787976,DEG
Synpo,45.50479251958566,4.022544880135928,0.46728276059950974,8.608374242129377,7.410399298143689e-18,3.1978846775980596e-16,Synpo,17.130158390089726,DEG
Erich2,27.916523812511166,3.96782759188713,0.3978640022976292,9.972823801533385,2.004472984930337e-23,1.4090807619153401e-21,Erich2,22.697999792531316,DEG
Fhdc1,163.44107270134063,3.949577891554069,0.3148977939644197,12.542412069105609,4.3747399270459985e-36,7.31353580744984e-34,Fhdc1,35.359047760151626,DEG
Dlx3,60.4470682032582,3.9216861350106638,0.4507872335261514,8.699638861407896,3.329420182187607e-18,1.4884378675155113e-16,Dlx3,17.477631392199875,DEG
Trim14,16.65824897613239,3.9171474180134505,0.724373064858018,5.407638146762453,6.386128184904684e-08,7.886134954096448e-07,Trim14,7.194762368377525,DEG
Alx1,79.28408764064184,3.9133378575037483,0.39392123075964275,9.934315675134384,2.9519585066392064e-23,2.053365822765048e-21,Alx1,22.529889751342314,DEG
Aqp4,12.886083694158117,3.9086619125004742,1.2567517037037994,3.110130585843786,0.001870046491134463,0.008307884076513847,Aqp4,2.7281475963553885,DEG
Slc5a7,29.37000879631575,3.9054885980715617,0.7012100229794154,5.569641719434193,2.5526369026932566e-08,3.351957659549812e-07,Slc5a7,7.593010956590772,DEG
Tmem221,19.597880573497054,3.902942579508545,1.0927067422217331,3.5718115654461258,0.0003545204614309022,0.001967865530052,Tmem221,3.4503586941054896,DEG
Emp2,155.7909422129565,3.8939052750618828,0.28727937697729,13.554419798709407,7.45996697861524e-42,1.766768846102043e-39,Emp2,41.12726309491834,DEG
Cpn1,72.55001743654283,3.889578539688459,0.4990220245147713,7.794402548606,6.471393446936831e-15,2.0370553992620462e-13,Cpn1,14.189002195195695,DEG
Ehf,10.45860337094276,3.887277650488738,1.0903823518401532,3.5650592142549655,0.000363774049915204,0.0020108143787199413,Ehf,3.439168284878358,DEG
Fcgbp,29.31994719885578,3.8853699153916628,0.5860299522848381,6.629985208508916,3.3572051007812024e-11,6.658847285637212e-10,Fcgbp,10.474022125711604,DEG
Lhx9,24.997556788043365,3.8810843833344606,0.6710943293707097,5.7832173712058985,7.3285266109236416e-09,1.050386948110338e-07,Lhx9,8.13498333082479,DEG
Tmprss2,250.4346735640886,3.876323892757476,0.30035803201756267,12.905677490025697,4.181218465963812e-38,8.155015702145497e-36,Tmprss2,37.37869714025062,DEG
Lbp,23.0924561195189,3.841041821478405,0.5300712441015007,7.246274655002607,4.283909800753677e-13,1.0639713055704576e-11,Lbp,12.368159681968882,DEG
Scara3,216.55299696072956,3.8253691748903185,0.27951314811164474,13.685829095103491,1.2339163030035133e-42,2.95753384722312e-40,Scara3,41.908714297658115,DEG
Syt6,13.728894971163092,3.813529734032846,0.7605919554735813,5.013897013489129,5.333854304486371e-07,5.6025183491790845e-06,Syt6,6.2729588513423895,DEG
Sprr2a3,168.04854059647357,3.7856644109990425,0.6445111099674302,5.873699231019225,4.261762913774813e-09,6.336585306923477e-08,Sprr2a3,8.370410714195565,DEG
Mro,14.235288965524607,3.784429283278086,0.7039420275322419,5.376052480549973,7.61366083272655e-08,9.263985847477797e-07,Mro,7.118406473693981,DEG
Lpar3,89.3212922990318,3.780248992295297,0.46640854297336876,8.105016619541516,5.273830766763232e-16,1.8870070013307146e-14,Lpar3,15.277873810500132,DEG
Unc45b,40.96807528997549,3.778922629614758,0.44638058597954416,8.465696646108016,2.5462610785740785e-17,1.0487643456967438e-15,Unc45b,16.594097068407834,DEG
Rxrg,317.9168295318578,3.7608645523165323,0.3142697295476757,11.966995859669641,5.290984544546184e-33,7.017256435280119e-31,Rxrg,32.27646350708032,DEG
Ankfn1,47.2263939369426,3.753106443202789,0.3723845455381431,10.078577342083497,6.87137857624691e-24,4.989022094739271e-22,Ankfn1,23.162956123494343,DEG
T,7919.723900699857,3.75256252250506,0.4006680458043283,9.36576440722122,7.55017650018963e-21,4.353716269413695e-19,T,20.122042895766516,DEG
Ttc6,26.226101355833265,3.74372048411267,0.5284148063770633,7.084813746572512,1.3923143136164238e-12,3.289631942409161e-11,Ttc6,11.856262712096045,DEG
Hesx1,35.86596656961819,3.70279378708788,0.49371619064123856,7.499842738150215,6.389444377857226e-14,1.7556851720040284e-12,Hesx1,13.194536906179962,DEG
Igtp,128.8647367766294,3.6988015023159693,0.39142932307895134,9.449474743541176,3.405352053883333e-21,2.0222708585061206e-19,Igtp,20.467837982971385,DEG
Rflna,61.53468499585859,3.687697687856842,0.37948043011300947,9.717754580278735,2.5330559279482824e-22,1.6203413064502614e-20,Rflna,21.596355221211752,DEG
Ifi27l2a,44.44004970100312,3.68517993967951,0.48260151238830595,7.636072090703226,2.239489586509559e-14,6.610149233534298e-13,Ifi27l2a,13.64985095265754,DEG
Dmbx1,40.346347262318396,3.6779994524462345,0.5495272399148016,6.693024813504185,2.1860405357873676e-11,4.437662287648356e-10,Dmbx1,10.66034178918158,DEG
Rgs8,23.65594300369294,3.6770877574544234,0.8001299749176274,4.5956130537828885,4.314787683006469e-06,3.712732965645791e-05,Rgs8,5.365040569674681,DEG
Capn6,243.96978849763775,3.6716157636110816,0.3802122809339987,9.656752155905346,4.602234864480076e-22,2.89736899980907e-20,Capn6,21.337031221880984,DEG
Gzmm,41.641899478921346,3.6662494853165057,0.3711610637089928,9.877785801883068,5.196848938812156e-23,3.552787381055981e-21,Gzmm,22.284259906997384,DEG
Thpo,66.19327192011357,3.65881740691297,0.31317261494016696,11.683069439554934,1.5557430553446833e-31,1.8987700823943022e-29,Thpo,30.808062128979014,DEG
Sel1l3,163.06900328531225,3.657604701535254,0.28561802566027705,12.805930903974955,1.5189327187097084e-37,2.7979303246306425e-35,Sel1l3,36.81846146283257,DEG
Moxd1,134.85342293918276,3.6542541919820963,0.29102849702958883,12.556344925942316,3.668936388321261e-36,6.185578009259591e-34,Moxd1,35.43545981793621,DEG
Slc39a8,1029.3011345267016,3.652443847382492,0.1903129556809865,19.191777219334075,4.335561480266024e-82,5.390728755525767e-79,Slc39a8,81.3629546509004,DEG
Brinp1,39.89220697631157,3.639329627298277,1.5030630811026473,2.42127537629922,0.015466156149692278,0.04915860527911458,Brinp1,1.8106176094038402,DEG
Iqub,19.956734568008024,3.637205583753361,0.7053001748518853,5.156961125831541,2.50989885362142e-07,2.7863798992156547e-06,Iqub,6.600343779793537,DEG
Dcn,51.45170697361757,3.6371850472168963,0.5966255325391762,6.096261136759293,1.085779912152718e-09,1.758998825111252e-08,Dcn,8.964258197421477,DEG
Cldn6,3651.340485810696,3.6345579520718654,0.1614148740652092,22.516871342374298,2.837047659505437e-112,8.062889448314453e-109,Cldn6,111.54713336843878,DEG
Mnx1,22.74879074938974,3.6209104454257677,0.5276603447157994,6.862199294843748,6.780837086960463e-12,1.4710793130642471e-10,Mnx1,11.168716689642165,DEG
Unc80,21.065438385128942,3.617452609014141,0.7865132636721925,4.599353597833085,4.238039052091669e-06,3.65459683148295e-05,Unc80,5.372835045730515,DEG
Lrrc6,10.940094753851943,3.616663186745615,0.8706488449313466,4.153986084976429,3.267330528540187e-05,0.0002329758908056576,Lrrc6,4.485806929356776,DEG
Hhex,29.678354041416693,3.608114698304581,0.40373715416525885,8.936791328418828,4.006339235098181e-19,1.9439539693425175e-17,Hhex,18.39725227978194,DEG
Timp4,79.15188420361514,3.6049515380617234,0.345165202436941,10.444133744102782,1.558718919392718e-25,1.2605347228617371e-23,Timp4,24.807232193189943,DEG
Grin2c,12.537064628021582,3.6030977923931555,0.641575382213824,5.616016281610251,1.9541025589242176e-08,2.630237909826684e-07,Grin2c,7.709052646550715,DEG
Arsi,42.86029200480819,3.6029134439217265,0.342940919587568,10.505930433308187,8.111887356432155e-26,6.72407862786922e-24,Arsi,25.090878088683766,DEG
Fstl4,32.689521305518205,3.6025291846997516,0.5316504931669307,6.776123094027882,1.2344351597427828e-11,2.582318934587058e-10,Fstl4,10.908531716996094,DEG
Cfap299,34.03946222413192,3.5908604724602746,0.5088661980992637,7.056590683116687,1.7063729978412731e-12,3.979669920170491e-11,Cfap299,11.76792602991055,DEG
Frem1,309.7521881768785,3.5873399181972037,0.2888893165366352,12.417696719297956,2.0950662862192547e-35,3.3612297337133754e-33,Frem1,34.67880223175075,DEG
Bmp2,86.82452726156879,3.575703769818064,0.39082573386496006,9.14910012310898,5.740976244580095e-20,3.0355098713314637e-18,Bmp2,19.241014250183266,DEG
Lancl3,25.481161633821664,3.573480314130595,0.5577500603677102,6.406956391496742,1.4845325710044185e-10,2.7345639784779542e-09,Lancl3,9.828410269437212,DEG
Podxl,2003.5065225333567,3.5519797452077277,0.12656444403899647,28.06459406650819,2.650995557823867e-173,2.6369452813674005e-169,Podxl,172.57659099999765,DEG
Dnah6,17.79485106493445,3.541482284850565,0.6453867913471326,5.487379556464639,4.079399798827655e-08,5.188975677613642e-07,Dnah6,7.38940372985913,DEG
Tal1,24.53293470759542,3.5355943043076032,0.6245745116990841,5.660804656740507,1.5066485373759912e-08,2.060018281962747e-07,Tal1,7.821988045681469,DEG
Thsd7a,104.9650321435471,3.535187232379554,0.3314854948980197,10.664681522391021,1.489083190425394e-26,1.287992216970556e-24,Thsd7a,25.827081038894253,DEG
Clic5,86.81918661999798,3.5159725692127144,0.4765607360772748,7.377805813701355,1.6091943739071675e-13,4.205429178694484e-12,Clic5,12.7933914944859,DEG
Ptch1,2257.7052587054845,3.5153800517613685,0.17122332687674294,20.530964535527072,1.1389163601726218e-93,2.265760206927414e-90,Ptch1,92.94350816850147,DEG
Syt17,49.926680974214264,3.504724247239683,0.3913901183603793,8.954554759639196,3.411094300732599e-19,1.6714362073589735e-17,Syt17,18.46710627422447,DEG
Nptx2,240.65417001107497,3.5004599378160353,0.20240796736770708,17.29408176634114,5.2126972517528055e-67,3.5759103147024245e-64,Nptx2,66.28293749773005,DEG
Krt7,59.542717289953195,3.4982973501252532,0.30509775903399877,11.466152230031351,1.951448432540858e-30,2.205801995282263e-28,Krt7,29.709642920559443,DEG
Lrrc74b,17.15904754994501,3.497796703014381,0.43092860327729354,8.116882185153122,4.783126998010853e-16,1.7207148010565627e-14,Lrrc74b,15.320288087912667,DEG
Pxdc1,113.41562479625502,3.4836186266924756,0.3996977273459312,8.7156328103849,2.8913902580885657e-18,1.295525175549863e-16,Pxdc1,17.538893286573607,DEG
Fzd5,89.33008658975218,3.4671991364283716,0.28423197715732884,12.198483686123742,3.1666589423675947e-34,4.532195179817333e-32,Fzd5,33.49939870878594,DEG
Mapk15,15.214862316062627,3.4670550257173,0.5915929682290099,5.860541304431425,4.613607590627609e-09,6.849485776712362e-08,Mapk15,8.33595934706513,DEG
Vrtn,1761.1572025732885,3.4668116760964245,0.17577871431917214,19.722590926461795,1.3797619537182444e-86,2.1114603313285197e-83,Vrtn,85.86019583468877,DEG
Fbln2,137.15764443870302,3.4629337259575084,0.29480583865444543,11.746489627759921,7.361379262266743e-32,9.152954940220911e-30,Fbln2,31.133040806603837,DEG
Ms4a4d,156.83671716481584,3.462608858436666,0.3120713598259565,11.095567566237982,1.3182059935413352e-28,1.3311873114472753e-26,Ms4a4d,27.8800167180668,DEG
Aldh1a2,1455.179218883226,3.437520473154591,0.5397096528049049,6.36920324713405,1.9001267443872112e-10,3.4584740578992845e-09,Aldh1a2,9.721217429282897,DEG
Nme5,98.0790238059152,3.4360462380451104,0.28131684148977715,12.214150492550495,2.6121568028218194e-34,3.79315674710491e-32,Nme5,33.58300075673988,DEG
Dgkk,132.53128529119698,3.434140063720785,0.3057082660007935,11.233389625493057,2.795444457151084e-29,3.006084974625063e-27,Dgkk,28.553549132341967,DEG
Irgm2,126.08385163637115,3.4294102373202215,0.37288689715483625,9.196918056083385,3.6836317657212043e-20,1.99136332465374e-18,Irgm2,19.433723790556723,DEG
Chrna9,168.5991418778853,3.419510136215148,0.28896807850165845,11.833522076022396,2.6191632783477193e-32,3.383482744120099e-30,Chrna9,31.5818374268611,DEG
Emb,10987.557461657647,3.418153593434717,0.11141584978405783,30.67923998299756,1.077031865331502e-206,2.14264719289049e-202,Emb,205.96777144736785,DEG
Cyyr1,88.26448940299535,3.4151602692941476,0.30020996269673356,11.375905844750655,5.51274962614716e-30,6.126851456009587e-28,Cyyr1,29.25863173152797,DEG
Dgkb,55.07419144806654,3.413251224016529,0.47770142981634556,7.145155971856246,8.989375912864088e-13,2.1650683342677745e-11,Dgkb,12.046270458100755,DEG
Efhb,16.41070034354862,3.4107554018948365,0.6042678801807335,5.64444266154722,1.657171973048754e-08,2.2503603571216323e-07,Efhb,7.780632420324986,DEG
Fgf10,85.08452566178879,3.4081756205772322,0.48126695473382963,7.0816738757020286,1.4242351888998671e-12,3.357077588622507e-11,Fgf10,11.846418288221997,DEG
Colca2,13.368395068960407,3.3943370132403436,0.7447971753342658,4.55739780661354,5.179127537384791e-06,4.378816966796985e-05,Colca2,5.285743394233996,DEG
Gna14,149.390883245353,3.391822111515191,0.31164699636397514,10.883538590418032,1.3809580569519863e-27,1.277803701628038e-25,Gna14,26.85981951179858,DEG
Fam89a,28.548202688589164,3.3913660752679533,0.5591257332862272,6.065480219154657,1.3155996241032954e-09,2.1123921648031443e-08,Fam89a,8.880876259277166,DEG
Gata4,141.86169577461803,3.3869516084704223,0.2835017988206687,11.946843450587293,6.743827921240622e-33,8.884881633454367e-31,Gata4,32.17109351990898,DEG
Adcy5,37.46163511857231,3.3666106443803283,0.4154409007992109,8.103705335473128,5.331013283739268e-16,1.9040426977865168e-14,Adcy5,15.273190235305185,DEG
Naip6,54.865671259775326,3.3608050158709526,0.4866549790459764,6.905929581691269,4.9875735836147205e-12,1.1053761233369049e-10,Naip6,11.30211068394237,DEG
Dock8,48.08763790322574,3.3475067557734572,0.4317685345404148,7.753012292423364,8.973792775597666e-15,2.789447398089687e-13,Dock8,14.047023963491773,DEG
Atp2a3,170.8173216362842,3.337850598633468,0.2889667342612292,11.550985642575776,7.29786448972145e-31,8.440913730146426e-29,Atp2a3,30.136804205086552,DEG
Cftr,20.133104326108477,3.334995870412354,1.200566570912429,2.7778516837077696,0.0054719588975800796,0.020874237834795417,Cftr,2.261857173462868,DEG
Myl7,29.75574206854767,3.333964095675292,0.530126021381589,6.289002918563542,3.195114643815771e-10,5.590467082152238e-09,Myl7,9.495513554318313,DEG
Ntrk2,57.9734618227601,3.329480608111228,0.3714904819749814,8.96249236430089,3.174209769425182e-19,1.5592031889615943e-17,Ntrk2,18.498364376039422,DEG
Oprk1,27.375372460662142,3.3220883807854027,0.7074919411259997,4.695584765952494,2.6584509418789867e-06,2.3996017712223488e-05,Oprk1,5.575371349593862,DEG
Cd93,26.32309933329517,3.3195337894378567,1.2091019495945514,2.745454004561813,0.00604272373296037,0.022661287682548253,Cd93,2.2187672607893574,DEG
Acta1,13.696332873613624,3.3193715402004016,0.9956578551142391,3.3338475894608854,0.0008565357724055874,0.004259980664059189,Acta1,3.0672544944218467,DEG
Dlx6,15.147355928662515,3.3179596571834007,0.5831651998010255,5.689570739672875,1.2735912182686126e-08,1.774287373685979e-07,Dlx6,7.894969944165633,DEG
Neurog2,11.00288985051839,3.303811086623088,1.6295693676215592,2.027413592982035,0.04262013296426675,0.11150511904144171,Neurog2,1.3703851997284038,DEG
Corin,49.25213257742761,3.3026628944217777,0.4515938137492826,7.313348398203173,2.6056625454693027e-13,6.645775728149527e-12,Corin,12.584081829655736,DEG
Sec14l4,82.56515212575846,3.2908390380661516,0.38197796061207323,8.615258934816508,6.978370248447655e-18,3.037805201807826e-16,Sec14l4,17.15624599209742,DEG
Spns2,15.356302558678513,3.2843833267718336,0.6220616581176112,5.279835662449503,1.292998036602413e-07,1.5060247623049417e-06,Spns2,6.888402134588581,DEG
P2rx6,12.935315646738205,3.270075556687383,0.6070948906716193,5.386432346794669,7.186996357995552e-08,8.793241423490991e-07,P2rx6,7.143452575221565,DEG
Amhr2,31.76736086586069,3.2662171512694185,0.4916884090377742,6.642859768977164,3.0765452332284493e-11,6.120479086984677e-10,Amhr2,10.511936695268915,DEG
Xkr4,32.51799813457745,3.254474877585396,0.5945554893610238,5.473795021357924,4.4049856417981776e-08,5.578153046335642e-07,Xkr4,7.356055502847389,DEG
Cdh13,198.7920754186676,3.247033711864973,0.2798612950633472,11.602296455928283,4.011665241734207e-31,4.750480257086924e-29,Cdh13,30.396675314368792,DEG
Cyp4x1,17.069915350629998,3.2398771871149044,0.9221293954225285,3.5134734921126354,0.0004422885424981994,0.0023903526934146097,Cyp4x1,3.354294310900029,DEG
Stk32a,16.84828538044525,3.236917646133542,0.7208249334878233,4.4905739185119655,7.103151833620538e-06,5.847656839518895e-05,Stk32a,5.14854890195489,DEG
Bicc1,174.99106794657308,3.2265425841811757,0.26230934007286166,12.300524957612792,8.998738407403081e-35,1.3260807546435324e-32,Bicc1,34.04581837290606,DEG
Enpp2,3208.9503752942906,3.2111394887487403,0.22501260508571813,14.270931566369194,3.321123185844312e-46,9.438632094169534e-44,Enpp2,45.4787150154163,DEG
Ccdc65,20.988530859308156,3.208182428585835,0.43135489888658946,7.437454487863185,1.0264392932125583e-13,2.766935406391685e-12,Ccdc65,12.988666731049772,DEG
Grm8,21.829601062437202,3.2053768556265227,0.6719701433854194,4.770117969047959,1.841180602082905e-06,1.7326606858011976e-05,Grm8,5.734903609300947,DEG
Kif9,24.052662259116964,3.193879582278617,0.5209912446278799,6.13039012692019,8.766384105664243e-10,1.4389310676409608e-08,Kif9,9.05717950432821,DEG
Gm33460,10.106189925247195,3.178420659389086,1.536202213623406,2.069011899086004,0.03854497011192376,0.1031772921698885,Gm33460,1.414032286748145,DEG
Kcnj3,1366.5745194387503,3.1737524717941876,0.24054295923152486,13.194119179100234,9.485711527361041e-40,2.0291262916701133e-37,Kcnj3,39.022930086934856,DEG
Nptx1,89.95161280743652,3.1626224228459123,0.3874844578838595,8.16193361694482,3.2970339657618377e-16,1.2079409523916391e-14,Nptx1,15.481876578769205,DEG
Scin,33.60784948142707,3.1538011726509656,0.6084113620189066,5.183665804967265,2.1756663411201913e-07,2.4467329672269693e-06,Scin,6.662407707007468,DEG
Otx1,24.52892383788522,3.1522517865989097,0.6350615317261674,4.963695058069005,6.916450973259405e-07,7.112619640344026e-06,Otx1,6.16011669717765,DEG
Slc27a2,1353.2432119014998,3.1499087574400186,0.22337361046603804,14.101525918250465,3.7164580470613785e-45,1.0268780053922092e-42,Slc27a2,44.42987076533179,DEG
Wif1,16.040671400411792,3.139794589457181,0.5165175641832045,6.078776032374229,1.2110336831668582e-09,1.9492155414985015e-08,Wif1,8.916843777410158,DEG
Sox9,719.3350102227095,3.1378799452615285,0.20884761796552345,15.024734185761838,5.0563765017990246e-51,1.897953851448864e-48,Sox9,50.29616059561057,DEG
Hnf1b,46.54316636290428,3.12202991999679,0.4282828481297982,7.2896449942599775,3.107728165630651e-13,7.845830472976671e-12,Hnf1b,12.50755697614193,DEG
Cldn11,78.9505933040635,3.1190097737830467,0.4290401361816123,7.269738914269719,3.6018296228443966e-13,9.001859110159098e-12,Cldn11,12.44347683443946,DEG
Cckbr,14.735901242810932,3.100824472168372,0.6787695663432899,4.568302154254394,4.916908808059427e-06,4.1730795148265464e-05,Cckbr,5.3083078463211555,DEG
Osr2,24.9405196543934,3.099141616796727,0.4685599983429631,6.614183088092608,3.7360911043748565e-11,7.337196093823632e-10,Osr2,10.42758254206591,DEG
Isl1,92.64815596412436,3.0981453872624294,0.41852818498998057,7.402477296329752,1.336670527398245e-13,3.5297780250712547e-12,Isl1,12.873975627716439,DEG
Olfm4,25.619228015118736,3.08748645317664,0.6413875271473366,4.813761294842574,1.4811571664423417e-06,1.4146010882959167e-05,Olfm4,5.829398855795366,DEG
Creg2,19.865547132399502,3.083244570719828,0.6110001888543056,5.046225233581777,4.5062415606101775e-07,4.776087885283903e-06,Creg2,6.346185531292138,DEG
Eomes,265.25017408676905,3.0801773725347728,0.3162245564034139,9.740474957312708,2.0260516889819593e-22,1.3116059292953977e-20,Eomes,21.693349479038282,DEG
Slc38a3,112.8551994573678,3.079923886549708,0.2536976831435129,12.140134069759881,6.471990618849403e-34,9.00376093506224e-32,Slc38a3,33.188962120905195,DEG
Doc2b,13.09275433437314,3.0715206467624916,0.7188511901082675,4.272818476241076,1.9301758463230823e-05,0.00014546556769459408,Doc2b,4.714403123319213,DEG
Gstt1,65.03426640677036,3.069951685827454,0.3309022177829744,9.277519221224782,1.734703154036725e-20,9.72117874546665e-19,Gstt1,19.760774831878066,DEG
Rgs11,73.01446415738876,3.0691502620260738,0.39827050767309835,7.706195168599432,1.296243427188542e-14,3.9673025754598236e-13,Rgs11,13.887313432757567,DEG
A4galt,125.98075097038856,3.064103089506376,0.2703270282831468,11.334801070268723,8.823234650613688e-30,9.591772138760038e-28,A4galt,29.054372170720953,DEG
C130021I20Rik,21.10930133677121,3.0623697349590127,0.6595736759202663,4.642953238978586,3.4346410619314778e-06,3.0233959861090625e-05,C130021I20Rik,5.464118642292236,DEG
Foxq1,20.292001891351866,3.060913895462988,0.5685265749843943,5.3839416311313295,7.28721430256074e-08,8.8994377737964e-07,Foxq1,7.137438458545597,DEG
Lypd6b,115.00372355767759,3.055185694633648,0.2761647067412562,11.062911443988778,1.898336631730319e-28,1.8788810423702967e-26,Lypd6b,27.721626771708742,DEG
Olig2,64.70865520619357,3.0531558142682953,0.9205317392741234,3.316730628621054,0.0009107738232836725,0.004499362910455769,Olig2,3.040589460014322,DEG
Ankef1,10.247561965943945,3.051642410538673,0.756033513482738,4.036385102137869,5.428109014377403e-05,0.00036918564352828736,Ankef1,4.265351438855496,DEG
Irs4,109.83978756782606,3.044865639705145,0.36707768512201744,8.294880792584886,1.0869414916623686e-16,4.2399243206139536e-15,Irs4,15.963793832668124,DEG
Cfap61,19.374746105134996,3.0370964798616304,0.6666393924657104,4.555831104772057,5.21788511350261e-06,4.4097114039091296e-05,Cfap61,5.28250548735177,DEG
Crybg1,75.11092500245942,3.0309997319524045,0.3353299777414449,9.03885704572899,1.583184412843836e-19,8.055209900029482e-18,Crybg1,18.80046849460335,DEG
Smoc2,237.64813910151906,3.027115053866912,0.2611140854926465,11.593074529685463,4.468010242163761e-31,5.259561879148276e-29,Smoc2,30.34988584000806,DEG
Serpinb6c,39.56302016393435,3.013163071961822,0.6183451584575254,4.872946817402466,1.0994582762997962e-06,1.0865684524941948e-05,Serpinb6c,5.95882124717321,DEG
Ero1lb,67.74272232159574,3.006463706990769,0.3086130564771559,9.741855193392679,1.9987159712113462e-22,1.3036870665992959e-20,Ero1lb,21.699248917187393,DEG
Pdzrn4,54.647138143985046,3.0051649108238006,0.5035349769842798,5.968135379238254,2.3998022035207456e-09,3.6951753124490487e-08,Pdzrn4,8.619824552229847,DEG
Mogat2,402.2866092536616,2.9997501259108756,0.16703275247039914,17.95905342841356,4.077011020597807e-72,3.5264372714683813e-69,Mogat2,71.38965811460172,DEG
Col6a1,24.672155323685967,2.9918894605292117,0.4805797056206619,6.225584279854741,4.79764661755526e-10,8.185624511976358e-09,Col6a1,9.318971744216832,DEG
Gm4544,13.972848466315881,2.9900817074186703,0.7412381528630365,4.033901514472053,5.485831767749686e-05,0.000372856635420609,Gm4544,4.260757514897415,DEG
Penk,125.34348857533091,2.985948170985821,0.3050353999122144,9.788857856645956,1.257078036730338e-22,8.336103487571115e-21,Penk,21.900637761399633,DEG
Crhbp,16.905027122320842,2.9820264174581905,0.9895388954293767,3.0135514947739797,0.002582092167842562,0.010978444451177587,Crhbp,2.5880282596408515,DEG
Ncald,57.00771432932287,2.981364594831729,0.33231148660332893,8.97159657436248,2.9224706439056194e-19,1.4426707441652207e-17,Ncald,18.53424984261397,DEG
Col8a2,20.377790173558076,2.976131409329523,0.6507359693462651,4.5734853297250035,4.79677279217098e-06,4.0798203474753944e-05,Col8a2,5.319050852191454,DEG
Gpx2,97.50638361313895,2.975047413526066,0.3580210699927378,8.309699240847507,9.594493534022937e-17,3.772190797744117e-15,Gpx2,16.01797794549176,DEG
Nipal1,24.913336950922545,2.9747075732113504,0.5673066885694378,5.243561609880877,1.5750618186026694e-07,1.812277606667525e-06,Nipal1,6.80270239619111,DEG
Lmx1b,22.592395741513595,2.9683470915430568,0.46746193199554553,6.349922610535359,2.154232727328047e-10,3.881911764263058e-09,Lmx1b,9.666707380548429,DEG
Chrnb4,137.2234766528887,2.9494980327151468,0.3678078714798733,8.019126999234286,1.0649935143513103e-15,3.678295308073779e-14,Chrnb4,14.9726530370046,DEG
Hck,199.27921472686768,2.945675076304872,0.38381816003010905,7.674663116705565,1.6585394973293513e-14,4.999240115131835e-13,Hck,13.780274181504804,DEG
Ccdc33,17.244157041219317,2.9448577156469202,0.5682160049167339,5.182637747204002,2.1876968475432147e-07,2.458872377685012e-06,Ccdc33,6.6600128590116965,DEG
H2-T-ps,30.745388186694015,2.9379646185177095,0.4650517145619864,6.317500885433485,2.6582691824691894e-10,4.717538547372173e-09,H2-T-ps,9.575401043505481,DEG
Per2,122.54442001363795,2.9330796156539676,0.23464992840260565,12.499810401056136,7.482953793666931e-36,1.2202121538623764e-33,Per2,35.1259269364845,DEG
Cygb,12.20863340492298,2.9302201441256304,0.7652821733501222,3.828940809241918,0.00012869595227690963,0.0008013387400929077,Cygb,3.890435112236614,DEG
Mup6,373.340445613786,2.926229208373265,0.26821157351299796,10.910152645711447,1.03083112226278e-27,9.627865890279693e-26,Mup6,26.986812477952963,DEG
Tmem108,186.31741537899933,2.921352688030347,0.19589975210434007,14.912487926347028,2.7337353855462086e-50,9.888169410919322e-48,Tmem108,49.56324352567122,DEG
Kif27,25.95081463135235,2.9183210814905203,0.554382292569776,5.264095048856945,1.4088155458665798e-07,1.635179490634174e-06,Kif27,6.851145864702036,DEG
Id4,13.977984668567982,2.914774064143458,0.6090138078593427,4.786055794676911,1.7009079043424581e-06,1.611326754713755e-05,Id4,5.769319200625331,DEG
Prokr1,28.57442078745816,2.9129565378262727,0.4909488773033022,5.933319480893087,2.9687037588632087e-09,4.4980497013575535e-08,Prokr1,8.52743313763803,DEG
Asap3,170.00663218986256,2.9069181954958347,0.24983467507142526,11.635367247019555,2.7241510597422203e-31,3.245165340270164e-29,Asap3,30.56476881357515,DEG
Cd2,13.496988920110178,2.905105881581682,0.6836336431527273,4.2495068969750305,2.142416130243887e-05,0.0001600496676495377,Cd2,4.669096170518054,DEG
Cmtm8,203.6120450270704,2.905040694256356,0.18746265821896455,15.496636620094986,3.655327675620584e-54,1.5808497560607803e-51,Cmtm8,53.43707368537227,DEG
Kcnj12,12.909986389360714,2.8999648254127233,0.7077651802184844,4.097354470754714,4.178987258428961e-05,0.00029140123560878286,Kcnj12,4.378928953001488,DEG
Trh,7882.415352925605,2.8899675193782306,0.19428159526208655,14.875148186217302,4.7792574840304325e-50,1.697831221201811e-47,Trh,49.32063957109434,DEG
Galr2,98.11620968160216,2.8885538481900435,0.5666618095475723,5.097491659966091,3.441835742633676e-07,3.7395893098828152e-06,Galr2,6.463209859682483,DEG
Bcan,14.419578012762896,2.8859386843329746,0.7511894898260827,3.8418251631837057,0.00012212281566310786,0.000765759099443954,Bcan,3.9132031911662533,DEG
Wnt11,35.70112849715726,2.883485245167275,0.4906235125376495,5.8771851969609825,4.173012682970856e-09,6.213915742142381e-08,Wnt11,8.379550295341996,DEG
Adssl1,177.23275512279142,2.8796439936168965,0.21807003906928302,13.205133570421404,8.195421413096268e-40,1.7743239936881454e-37,Adssl1,39.086428709857145,DEG
Atp1a2,200.09375125907584,2.871783940275914,0.28780939438998554,9.978075755180559,1.9011789127241775e-23,1.3412075634657728e-21,Atp1a2,22.720977011407744,DEG
Rab38,264.10867146357697,2.8698502347047063,0.17891773633125096,16.04005446051152,6.709549381513332e-58,3.4225583434827234e-55,Rab38,57.17330664640236,DEG
Slc18a3,26.638919838579625,2.8657039932049786,0.43091053215325975,6.650345673578821,2.924054552622637e-11,5.840476031111922e-10,Slc18a3,10.53401452922376,DEG
Unc5a,19.191733986453322,2.858614287975825,0.5390961396676505,5.302605746236922,1.1416129662503725e-07,1.3454531013379686e-06,Unc5a,6.942481107220837,DEG
Bhlhe41,668.181769953639,2.8560739159228103,0.27935616443708133,10.223772658383835,1.5518118642101537e-24,1.1965792723487133e-22,Bhlhe41,23.809160932103644,DEG
Mixl1,1898.6776267020502,2.8556610589675464,0.34665523402941983,8.237755494916868,1.7547131962408306e-16,6.649193204955253e-15,Mixl1,15.755793857812824,DEG
Wnt8a,942.4152432275433,2.8521492761915046,0.5141184372454446,5.547650248594107,2.8953432299903566e-08,3.7671653510417365e-07,Wnt8a,7.5382999452162975,DEG
Rbm24,42.7966964234121,2.8467308100030766,0.35887098305347453,7.9324630422373605,2.148416652188084e-15,7.111580845029907e-14,Rbm24,14.667881490105247,DEG
Ak7,80.07690475034732,2.8455321744386297,0.4980665153446094,5.713156951476296,1.1089930771882572e-08,1.553683681519943e-07,Ak7,7.955071164895315,DEG
Gm16505,11.694851498929426,2.8443422546332537,0.7316133936126114,3.887766789763462,0.00010117076014939889,0.0006484185252616435,Gm16505,3.994944986909739,DEG
Scn5a,43.27138746467059,2.8276316013618215,0.4383803827575752,6.450178230090885,1.1171868856357839e-10,2.100691484200216e-09,Scn5a,9.951874171010274,DEG
Gck,16.932634678708506,2.8263035886240617,0.5103059270078927,5.538449465393626,3.0516127158667e-08,3.9627143191548384e-07,Gck,7.515470584096749,DEG
Hsd11b2,413.3453643973944,2.825630768458116,0.17929539639971323,15.759639261226651,5.896861566037613e-56,2.7281898603430762e-53,Hsd11b2,55.229379067543825,DEG
H60b,11.461249970760718,2.823861602784232,0.6130884985914467,4.605960818498428,4.105656967284392e-06,3.552759447897159e-05,H60b,5.386617339290547,DEG
Muc3a,15.434713389377523,2.823216476217879,0.540951267972393,5.2189848575453555,1.799064697580786e-07,2.0522129067472567e-06,Muc3a,6.744953218368124,DEG
Ptch2,234.85303781309437,2.812462820727696,0.2552821333672208,11.017076611005898,3.1616073457080987e-28,3.0238950257460056e-26,Ptch2,27.50009206804743,DEG
Cdh23,11.28029707135079,2.8094249923283874,0.6668733965850072,4.2128311111451975,2.521896317466476e-05,0.00018533655463493932,Cdh23,4.598272772512263,DEG
Tmem200a,357.1092153390766,2.8066668847918987,0.25983770901918213,10.801614959531147,3.3820198995688114e-27,3.058268358273724e-25,Tmem200a,26.47082384137237,DEG
Fgfr3,75.65985231010171,2.8052505728309733,0.37748796836439696,7.431364196813305,1.0748331783777215e-13,2.885658738278865e-12,Fgfr3,12.968658936057285,DEG
Naip5,21.80408470092088,2.8001470106434265,0.5691463479468003,4.919906840736092,8.658541383820759e-07,8.71284887656703e-06,Naip5,6.062555262984026,DEG
Ret,136.39288384718893,2.796942397559422,0.3519095182735197,7.947902095064999,1.8969647365557815e-15,6.331915514939718e-14,Ret,14.721940742311961,DEG
Mapk10,46.59865173455276,2.792910162591518,0.4348670098148337,6.422446632088137,1.3410127171407162e-10,2.4932810275511596e-09,Mapk10,9.8725671036116,DEG
Casq2,11.217204160931221,2.7924037576089367,0.7679064374194547,3.6363854000140874,0.00027649056567800146,0.0015828786513951542,Casq2,3.558319682962851,DEG
Sstr2,19.549424864843502,2.7841236012589,0.6878651515685739,4.047484590417353,5.177098909599907e-05,0.0003535640429371114,Sstr2,4.285913537648412,DEG
Wnk4,99.38517496235828,2.7833853638873616,0.27298497446110215,10.196111963239092,2.0636924722670697e-24,1.5551173501242835e-22,Wnk4,23.685355020004227,DEG
Ndufa4l2,63.642194647341995,2.782102714264213,0.3543890559918085,7.850419382952165,4.1464834068140516e-15,1.324170660116262e-13,Ndufa4l2,14.382320068215703,DEG
Tgfb1,17.38245616513546,2.779878788990822,0.6076118429732631,4.575089872158969,4.760156018126609e-06,4.052141370329942e-05,Tgfb1,5.322378812678448,DEG
Acbd7,20.161009291816924,2.7763019902179877,0.5689436400125696,4.879748704382478,1.0622109768409082e-06,1.0539463926819467e-05,Acbd7,5.973789214913866,DEG
Igfals,19.361845229931074,2.7667501879513248,0.4589887122282933,6.02792642659846,1.6607661650531307e-09,2.630516089774441e-08,Igfals,8.77969151166425,DEG
Prob1,169.89940822030488,2.7645193000632906,0.3584004690662264,7.713492416084014,1.2242063331292684e-14,3.7583890109990224e-13,Prob1,13.912145378115724,DEG
Adgrg1,233.69734047493438,2.76407906979247,0.17947425005570922,15.400978518837626,1.612112406183732e-53,6.545176369105952e-51,Adgrg1,52.79260467984894,DEG
Ppil6,24.83709268237091,2.7621281956706767,0.43776897298290085,6.3095567893948585,2.798356732667881e-10,4.9440949235963435e-09,Ppil6,9.553096922741346,DEG
Cntnap1,10.683244570396626,2.7609147690703506,0.7232304058292001,3.8174760723795886,0.00013482385816043186,0.000836614421161457,Cntnap1,3.870233249116741,DEG
Tph1,71.95649133791804,2.758948234280093,0.39139168715490663,7.04907213113125,1.8011477173543564e-12,4.181100663832855e-11,Tph1,11.744450667968293,DEG
Acnat1,14.205145852764533,2.758110156074831,0.8433250187785063,3.2705185956296527,0.001073504840267762,0.005187346439710191,Acnat1,2.969195993056479,DEG
Cldn10,30.539523970957813,2.757244883908161,0.5014075568266476,5.499009431286708,3.819307091714261e-08,4.876848220960431e-07,Cldn10,7.418015420737691,DEG
Pcdh7,132.54739848904788,2.752532188970676,0.31670010792783365,8.69128907779815,3.58349933737136e-18,1.5912976745014695e-16,Pcdh7,17.445692671500282,DEG
Foxh1,1791.1836625719002,2.7517154406562665,0.11573014563829831,23.77699799373317,5.777948894559963e-125,2.298930306167518e-121,Foxh1,124.2382263037706,DEG
Rgs17,114.16637021837039,2.746986011376195,0.298223852598114,9.211154598951644,3.226355784824481e-20,1.7584318320516015e-18,Rgs17,19.491287742692208,DEG
2810459M11Rik,17.434623832114376,2.744691513211131,0.6466436426582074,4.244519441849483,2.1906237514328226e-05,0.00016340558271842734,2810459M11Rik,4.659432207883514,DEG
AI661453,67.16236087914302,2.744144868094794,0.34805895536938236,7.884138091440666,3.1671389610796585e-15,1.0228419235668624e-13,AI661453,14.499332881147785,DEG
Krt15,18.80921590925055,2.7428745238630188,0.6281232842227835,4.3667773393513825,1.2609315178368985e-05,9.895452313943692e-05,Krt15,4.89930849965465,DEG
Rin3,62.42329279283303,2.742309520250941,0.37563691712979264,7.300426010320491,2.868580058930527e-13,7.269749260173746e-12,Rin3,12.542333024928633,DEG
Tent5c,36.40540135659875,2.7394692772603175,0.43424003664521454,6.30865200368094,2.8147620353065617e-10,4.959865007120349e-09,Tent5c,9.550558315243071,DEG
Stk32b,21.36297187584806,2.7378562125221895,0.6483374445601229,4.22288768833912,2.4119202499411466e-05,0.00017805624158733475,Stk32b,4.617637056226367,DEG
Gfra2,101.00324541823566,2.7360560864654597,0.39618576381135867,6.905992936606918,4.985347872349025e-12,1.1053761233369049e-10,Gfra2,11.302304531681234,DEG
Frzb,585.0373408797338,2.7279720446490936,0.2758455248872067,9.889491757260016,4.6236930631924095e-23,3.182828712773349e-21,Frzb,22.33501100360704,DEG
Gas6,140.10143857474102,2.727059000780667,0.2046114263831304,13.327989785254264,1.591278516086134e-40,3.556954471799725e-38,Gas6,39.79825380060906,DEG
Tnnt3,20.776010762204624,2.721821459388015,0.31603277739178387,8.612465712737732,7.150568742564589e-18,3.0924655340126074e-16,Tnnt3,17.145659413872465,DEG
Rnase4,40.021506291037596,2.720079725724083,0.33000847306735587,8.242454202589233,1.6871370385340528e-16,6.405325237518406e-15,Rnase4,15.772849640195693,DEG
Prkar1b,53.20907773522064,2.7130154601133087,0.3056140000925408,8.877261706897588,6.8526438786306855e-19,3.238159081270282e-17,Prkar1b,18.164141837212853,DEG
Ccdc194,590.7104943791581,2.7101652644855414,0.2191869473630084,12.364628902820009,4.060823624205422e-35,6.361104344877375e-33,Ccdc194,34.39138587303096,DEG
Vwf,15.316297471500699,2.7013704018839095,0.5668079750330133,4.7659357681524686,1.8797914230391394e-06,1.7648216408655327e-05,Vwf,5.725890336294004,DEG
Cfap43,49.73708897712471,2.6966544480593932,0.38824895139961924,6.945683789584185,3.766315362724397e-12,8.437733989418823e-11,Cfap43,11.424083318266026,DEG
Gabrg1,12.13584463229824,2.685497620443278,1.0367927148613982,2.590197232242593,0.009592095739753097,0.033384386397244246,Gabrg1,2.018086495147014,DEG
Dnaja4,12.672682874181627,2.6817367406008747,0.5488996987449719,4.885658976917848,1.0308348912909935e-06,1.0253714663671512e-05,Dnaja4,5.98681089004479,DEG
Kis2,10.797191946976737,2.6783369578550498,1.0138159874009003,2.641837366089924,0.008245764000150478,0.029466719780670666,Kis2,2.0837690991852886,DEG
Ramp2,261.0961809085866,2.672576937359843,0.17277545502739375,15.468498907649254,5.661179737037346e-54,2.3962448869919352e-51,Ramp2,53.247093056462454,DEG
Trp53i11,2101.6474713722937,2.6715582037092234,0.15057336504358107,17.74256823533155,1.9673409018095875e-70,1.5655311960239974e-67,Trp53i11,69.70612037879607,DEG
Tle2,31.02485177971313,2.6689512865248535,0.3645716938691554,7.320785819106239,2.4652303825890846e-13,6.311878150737098e-12,Tle2,12.608142488471188,DEG
Tmem184a,47.22064443217014,2.6688482212565585,0.38666731748137606,6.902182058314521,5.1209744831280894e-12,1.130706618949503e-10,Tmem184a,11.290647388169564,DEG
Cbln4,25.968827242370878,2.666617592432049,0.4964146819445126,5.371754078639668,7.797440196686337e-08,9.45867532151695e-07,Cbln4,7.108047947426698,DEG
Fos,189.91265646224346,2.666059610685569,1.0592629753620701,2.5169005928620076,0.01183922272476376,0.03949849017045954,Fos,1.9266768092200943,DEG
Map2,348.0238036109135,2.6630598375403625,0.18453179141731227,14.431441959602207,3.281481451171224e-47,1.0200279998375052e-44,Map2,46.48393004628341,DEG
Arid3c,25.329089398069634,2.6596474174106515,0.5224819661721443,5.090409984666087,3.5729015368852917e-07,3.869314271899619e-06,Arid3c,6.446978952052977,DEG
Rsph1,73.99685519414369,2.658791051286831,0.28902615461266484,9.199136510154178,3.6083765442461184e-20,1.9559957212869834e-18,Rsph1,19.442688148914044,DEG
Crhr2,12.166139913628767,2.6585895534710255,0.7368440346901539,3.60807637479073,0.00030847569122929467,0.0017434134662828375,Crhr2,3.5107790539352313,DEG
Krt1,10.70721580155013,2.652595563250984,0.6502224027612801,4.079520410226232,4.512870766098042e-05,0.0003117328160442863,Krt1,4.345547103079481,DEG
Alox15,966.9014203700881,2.6524511074063146,0.2506696984605565,10.581458882728441,3.632574701293944e-26,3.075167706703903e-24,Alox15,25.439785445983507,DEG
Btbd17,91.88346640626655,2.6517908915888526,0.39088898809063305,6.78399999074417,1.1689333565249965e-11,2.460821184625215e-10,Btbd17,10.93221024822095,DEG
Exph5,17.643358221097717,2.649303606924702,0.7552457519577573,3.5078695908677995,0.00045171042033631266,0.0024366396697859554,Exph5,3.3451398907484102,DEG
Pim2,18914.725790274642,2.6452667791519398,0.1336377478575132,19.794308281611926,3.3329606206670972e-87,5.525493215629269e-84,Pim2,86.477169817551,DEG
Plxna4,18.833816740515683,2.6377526456016067,0.827556675048064,3.1873981868956682,0.0014355898971616743,0.0066356007003100246,Plxna4,2.842969606637471,DEG
Gm2830,15.201093139604108,2.630616112239591,0.7183399604147606,3.662076812099811,0.00025017881654812744,0.001450614216382526,Gm2830,3.601749466208289,DEG
Gm18562,18.661702588305705,2.6300813967972814,0.49370957556211736,5.32718328139125,9.974749965255303e-08,1.1918178727254594e-06,Gm18562,7.001097981863858,DEG
Ltb,29.78244335231332,2.629443649463656,0.49499694884240886,5.312040115828646,1.0840473145920774e-07,1.2844572529180934e-06,Ltb,6.964951762061641,DEG
Arl4a,1985.876522694736,2.6190174238028887,0.16235170434783638,16.13175195371943,1.5262862889695342e-58,7.990510377042081e-56,Arl4a,57.81636399714248,DEG
Pou3f1,137.4253909140626,2.6186726500901445,0.46401305227984757,5.64353230415341,1.665962503766742e-08,2.2592132276711362e-07,Pou3f1,7.778334777593368,DEG
Slit2,566.4229078378785,2.6096585452252694,0.24519241955884719,10.64330842658429,1.8735625112000777e-26,1.6135347444941275e-24,Slit2,25.727331812142456,DEG
Hepacam2,16.85956294308976,2.598190853046982,0.7549557221364072,3.441514219793588,0.0005784680662608563,0.003015734724893469,Hepacam2,3.2377206108340846,DEG
Rassf10,50.02769919158084,2.590498968623793,0.34104209562520826,7.5958334817137905,3.058175798136457e-14,8.83009424210837e-13,Rassf10,13.514537552943931,DEG
Slc35d3,269.3672149239923,2.5862420734368654,0.42817984115764196,6.040083686435613,1.540343166662822e-09,2.4456174746680113e-08,Slc35d3,8.812382513718527,DEG
Ap1s3,244.32142784038552,2.5823144550242696,0.19975786636932033,12.927222852140316,3.1602921408112406e-38,6.22483681676226e-36,Ap1s3,37.50027276887595,DEG
Ttc25,71.21340325768519,2.5809360833980937,0.2510543563703804,10.280387565115339,8.637954736833691e-25,6.76549100529801e-23,Ttc25,24.063589075999896,DEG
Cyp2j13,29.274307835423237,2.580841634324305,0.9911807295162457,2.603805297530257,0.009219511516024915,0.03229101445419008,Cyp2j13,2.0352920888720667,DEG
Dpp6,50.819600355855904,2.579942307708841,0.34363585201806224,7.507779798172031,6.013855071114396e-14,1.668614125310318e-12,Dpp6,13.220847042243765,DEG
Abtb2,136.41947299254554,2.578477425757632,0.2744343680289277,9.395606841362666,5.6888930675991635e-21,3.2995579792075147e-19,Abtb2,20.244972229457414,DEG
Wnt2,10.321954663645121,2.573307267729019,0.8319677347516032,3.0930373381574943,0.001981192067192195,0.008735335767890411,Wnt2,2.7030734196263637,DEG
Cdh10,223.40920416103202,2.5574670323817847,0.2021736216864346,12.649855164331683,1.120812508678844e-36,1.955916144531309e-34,Cdh10,35.95046703080946,DEG
Kcnn4,14.116241529919225,2.5558475164237393,0.6347398974587966,4.026606058097442,5.6587721397525353e-05,0.0003834319242106163,Kcnn4,4.247277793331055,DEG
Pygl,83.9333487223656,2.553760667914332,0.35862073666237065,7.121062467502017,1.0709823449416188e-12,2.567002743405851e-11,Pygl,11.970217688418968,DEG
Gpc5,42.108329320543675,2.5524535641609907,0.38569121487265506,6.6178680398612215,3.644160942820733e-11,7.177914633314422e-10,Gpc5,10.438402450844087,DEG
Tmem255a,78.91841037301857,2.5522429982719532,0.33908297021581685,7.52689820030632,5.195984811268758e-14,1.4600130202737383e-12,Tmem255a,13.284332127112444,DEG
Cdkl2,83.24720656970834,2.551246296715229,0.3022853410722009,8.43986111819383,3.177149410371849e-17,1.2978687960972808e-15,Cdkl2,16.497962361321964,DEG
1700003F12Rik,23.11946718503276,2.5392858976660326,0.38017979003123437,6.679171182290918,2.4029734803759095e-11,4.853274560263791e-10,1700003F12Rik,10.61925102211743,DEG
Tnnc1,12.611440296211658,2.536992161535643,0.5827528292224727,4.35346176683617,1.3400447482003338e-05,0.00010429910101994303,Tnnc1,4.872880698969523,DEG
Rasef,161.62780022525504,2.5368850603623634,0.3761378442112282,6.744562131689471,1.5348919868926344e-11,3.177434046539237e-10,Rasef,10.813922181194624,DEG
Cd55,141.48296992872895,2.5322233881121896,0.26457378525312597,9.570953470274965,1.0592424436765126e-21,6.483867438307859e-20,Cd55,20.97500462544479,DEG
Shisal2a,10.88092417169291,2.532133118300957,0.7094252461885121,3.5692740452996308,0.00035797181467837425,0.0019831498973020265,Shisal2a,3.446151166684433,DEG
Mir6236,744.8469249741008,2.51931606989207,0.7249749083043426,3.475038985534748,0.0005107791131896433,0.00271841617918533,Mir6236,3.2917668702417204,DEG
Tspan33,40.91886829904805,2.5187807126235233,0.4009816457421436,6.2815361734618085,3.3524377298927705e-10,5.834942799517653e-09,Tspan33,9.474639280237025,DEG
Adgrb2,320.5661168924701,2.5159662501455946,0.2588064480799341,9.721420269129162,2.4434913914503507e-22,1.568090894887525e-20,Adgrb2,21.611989186675586,DEG
Atp1b2,563.1544249376465,2.5120714386975345,0.20320717946888353,12.362119514001717,4.189622883220103e-35,6.511590440529744e-33,Atp1b2,34.377825067035474,DEG
Slc38a5,47.102421773250725,2.5103195133434477,0.4787255084478084,5.243755490453728,1.5734067972161758e-07,1.8114209967487615e-06,Slc38a5,6.803158977983399,DEG
Stmn2,1402.0983887490506,2.509923610325811,0.1794851916298667,13.984014990505514,1.9516014514579454e-44,5.2466431453114e-42,Stmn2,43.70960886756328,DEG
Tbx20,33.870576429175806,2.5082044295749033,0.5967389630115523,4.203185287109108,2.6318498075140757e-05,0.00019228064660552707,Tbx20,4.579738898351779,DEG
Spo11,14.432245976836082,2.501966674863032,0.607497638548443,4.118479671528008,3.813802057361263e-05,0.0002681176020779124,Spo11,4.418641851307468,DEG
Adm,22.098061521387283,2.4929869328474243,0.5815954222106897,4.286462440456264,1.8154087953299462e-05,0.0001374267221244062,Adm,4.741025564806661,DEG
Crlf1,15.807386638607282,2.492049973674952,0.7340530118435985,3.3949182599443133,0.0006864909287251695,0.0035135195616306978,Crlf1,3.1633651971462813,DEG
Adra2b,85.40548467880122,2.4919949752685784,0.40501354877004053,6.1528681764754705,7.609405285795506e-10,1.2657316785586607e-08,Adra2b,9.118649284253088,DEG
Lrrc55,12.842553850502918,2.490489240966227,0.8543581165467924,2.9150413541249773,0.003556414140863258,0.014450838014365535,Lrrc55,2.448987671599734,DEG
A2m,25.037095866172724,2.4896695318734725,0.7134107134430918,3.4898123688915863,0.0004833597909959235,0.0025877178907623526,A2m,3.315729479859062,DEG
Alcam,519.4688958816497,2.4838334215275437,0.19856580328355228,12.508867994659814,6.676894669967595e-36,1.0977697732589697e-33,Alcam,35.17542547483925,DEG
Slc26a10,124.25274661298432,2.4819501174863583,0.2653161557164796,9.354688977698753,8.384603679725424e-21,4.807011688889268e-19,Slc26a10,20.07651746064002,DEG
Pde1c,36.98084069087058,2.4807828496061455,0.4216556719295499,5.883432892658051,4.018430702875228e-09,5.992703178635665e-08,Pde1c,8.39594351660285,DEG
Ihh,10.698101988094564,2.4791367758043212,0.7734280817023773,3.2053875912386607,0.001348807188788718,0.006285586838548314,Ihh,2.870050128037429,DEG
Lrriq1,23.426991553075844,2.467937913123849,0.395059832150081,6.246997827372876,4.184168784403421e-10,7.206913748651225e-09,Lrriq1,9.378390804863402,DEG
Perp,1316.9681976732716,2.46438170068121,0.14009857504515802,17.59034094306002,2.9211481150712254e-69,2.15234520745285e-66,Perp,68.53444642182573,DEG
Nxph4,35.95775742403682,2.4632951150476945,0.447081932393753,5.509717428881082,3.594101916819641e-08,4.621917487602453e-07,Nxph4,7.444409611900162,DEG
Ptprt,65.41553280017396,2.4589990042306624,0.3256360215525167,7.55137282573049,4.3069397556641366e-14,1.2240322785597476e-12,Ptprt,13.365831202991432,DEG
Kifc2,508.64152456524994,2.44977531503562,0.1325578064575066,18.480807585035986,2.947365343556228e-76,2.7921374354622667e-73,Kifc2,75.53056602741569,DEG
Nphs2,15.593757015809762,2.448935501122805,0.8038302844914651,3.0465827779455945,0.00231458737856821,0.00997755174631332,Nphs2,2.635526419411865,DEG
Rsad2,17.448503690932267,2.4486251493807862,0.6703557447019476,3.6527249430367594,0.0002594721253750626,0.00149795080157037,Rsad2,3.5859092907867147,DEG
Cldn7,1126.7125521198702,2.445797561683714,0.18328562186453884,13.34418672235694,1.2806051992024497e-40,2.8950408901060833e-38,Cldn7,39.89258473929121,DEG
Fhl2,106.79820052972775,2.445479092872363,0.2835593328256304,8.624223609582849,6.45289253158858e-18,2.8152158777066493e-16,Fhl2,17.19024556770346,DEG
Anxa4,784.7980741105814,2.442390132165138,0.12493472356934321,19.549329941163432,4.1797451339620403e-85,5.939417835360059e-82,Anxa4,84.37885019915522,DEG
Rtn4rl1,158.01467089989598,2.4350107044706752,0.3085604290119759,7.891519700914621,2.985286923447197e-15,9.68830310849242e-14,Rtn4rl1,14.525013921391764,DEG
Marveld2,274.4012415715591,2.430901196627951,0.18591801871484245,13.075124258700395,4.568168586808921e-39,9.566225880629124e-37,Marveld2,38.34025787696672,DEG
Zbtb4,35.084803157719165,2.4281888207039133,0.4148976047712637,5.852501419097352,4.842341133467838e-09,7.173010760179387e-08,Zbtb4,8.314944618619187,DEG
Prrx1,112.56079060305134,2.4259064244357367,0.25743443698622365,9.423395148045234,4.3673289492451964e-21,2.5554012387142336e-19,Prrx1,20.359784095584565,DEG
Rab37,249.2276041050829,2.425102682132935,0.29932756382858317,8.101835497922023,5.413611401863086e-16,1.9300785883273158e-14,Rab37,15.266512921835469,DEG
Eno4,36.10120414437438,2.423188150968007,0.4340805242780061,5.582347088707626,2.3729421369203638e-08,3.147154058126248e-07,Eno4,7.624712851720536,DEG
Sfrp1,858.1165415983943,2.4215603296460304,0.24716111959595113,9.797497007638976,1.1540997643827562e-22,7.704584131755219e-21,Sfrp1,21.93775664763766,DEG
Piwil1,14.298087658164427,2.4207773114660105,0.6276034262397086,3.8571766983015356,0.00011470424516736496,0.0007244210328125582,Piwil1,3.9404205087016577,DEG
Ffar4,19.97105742352317,2.4205147707390937,0.5062973452344,4.780816635762667,1.7458454742485047e-06,1.64918565359448e-05,Ffar4,5.7579941985749254,DEG
Sspo,11.075826721635979,2.4199858013769555,0.6823068515281945,3.546770483041172,0.0003899841827953738,0.0021401827109014233,Sspo,3.4089530069837353,DEG
Pdzk1,56.530521805638465,2.414261037354751,0.3342426110084652,7.223079756559244,5.082318543532031e-13,1.2528828389718243e-11,Pdzk1,12.293938118238284,DEG
Zbtb7c,19.14113483581568,2.414010040896679,0.5735596153811462,4.208821500259399,2.5670607746607447e-05,0.00018830791685509166,Zbtb7c,4.590563849370099,DEG
Pappa,58.61914053186723,2.4128962662335716,0.485100173958869,4.974016493422569,6.557972567096038e-07,6.777366558431614e-06,Pappa,6.1832304043765856,DEG
Efhc2,42.148958509169766,2.40901548676611,0.44134331531038157,5.458370849169727,4.8052319808748836e-08,6.065229600358991e-07,Efhc2,7.318285641172972,DEG
Fgf1,30.563007358731504,2.4088655372275314,0.7104791881807458,3.3904800834429456,0.0006977032390614706,0.0035644859367973537,Fgf1,3.156329260820114,DEG
Dand5,123.24061958991187,2.4074434595310663,0.2399401993910025,10.033514457525047,1.0858148686643544e-23,7.770216186046283e-22,Dand5,22.964244215604754,DEG
Gm41609,123.29887819546815,2.4066127182902273,0.24363238892824285,9.878049174319957,5.183211034800626e-23,3.552787381055981e-21,Gm41609,22.285401108470214,DEG
Lgi2,60.47943148811225,2.403366177083069,0.32912637487341795,7.302259437601755,2.8297495425170995e-13,7.189659948765668e-12,Lgi2,12.548252001619272,DEG
Rassf9,60.440863938146386,2.400711351559367,0.3575882874315024,6.713618527058815,1.89856261817581e-11,3.873846638563033e-10,Rassf9,10.721575074436878,DEG
Pkdcc,148.7800795984062,2.392661662740166,0.30775597660361614,7.774541664943419,7.572106547893917e-15,2.3648271218807154e-13,Pkdcc,14.120783283662702,DEG
Tmem179,11.586286882275035,2.3894615640359977,0.9970256890221627,2.396589767290221,0.01654843943886467,0.051954120114436245,Tmem179,1.7812429550632,DEG
Cldn1,81.4527958373497,2.386331972323366,0.5871937908649514,4.063959819480105,4.8247134936293775e-05,0.0003314324939304656,Cldn1,4.316528471300537,DEG
Ubxn10,20.974204094608886,2.381844292227954,0.5148740536151534,4.626071707253444,3.726663212661523e-06,3.250251554260778e-05,Ubxn10,5.4286798536887755,DEG
Mak,94.33379104152178,2.3755606636546927,0.29126933760992757,8.155889951025605,3.4661795755379264e-16,1.2652509445092021e-14,Mak,15.460148941147503,DEG
Foxf1,19.716346444601744,2.3740973599810653,0.506562980258873,4.68667757515129,2.776758980887376e-06,2.493943258048463e-05,Foxf1,5.5564618148169975,DEG
Trim67,362.13733841532047,2.3688957416949634,0.3961765081243149,5.9793947725735315,2.2396818330072614e-09,3.472816086192241e-08,Trim67,8.649813672729914,DEG
Cyp4f15,62.777801641212854,2.3663091268353833,0.3268534760617846,7.239663335837014,4.4979988072561055e-13,1.1157504772014085e-11,Cyp4f15,12.346980664063162,DEG
Crb3,470.8407020832904,2.364423320028579,0.21420808630185983,11.037974153303708,2.5061990843124072e-28,2.432113394307855e-26,Crb3,27.60098443302897,DEG
Mesp1,32.94339308804021,2.363743910824532,0.45085541732635986,5.242798067819363,1.5815960221525415e-07,1.8187440037400382e-06,Mesp1,6.80090443598028,DEG
Hhip,106.357243458033,2.3612144578419896,0.49615716246321906,4.759005082420896,1.945495375425716e-06,1.8179279003625734e-05,Hhip,5.7109697972064115,DEG
Gpm6b,183.39924151435915,2.3589293955902075,0.29048937527484875,8.120535883139576,4.641297183020073e-16,1.675752561869353e-14,Gpm6b,15.333360622743733,DEG
Calcr,564.625554372601,2.3571373248289778,0.3147519521572059,7.488872773223286,6.946763793695539e-14,1.898336798238723e-12,Calcr,13.158217467908232,DEG
Ankrd34a,25.698841384625453,2.355667569965351,0.5553546728395135,4.241735390324324,2.217981005350994e-05,0.0001651366546424127,Ankrd34a,4.6540421774414,DEG
Bmp7,564.7850979731729,2.3460244600964932,0.14740780805139128,15.915198055713516,4.9709457115548167e-57,2.4722998496417882e-54,Bmp7,56.30356097983041,DEG
Nlgn3,14.591029286937063,2.3451130367033852,0.6959235104920319,3.369785617740293,0.000752266850845699,0.0038070711601944384,Nlgn3,3.1236280752431327,DEG
Tbc1d30,17.13147458580302,2.3433658488879905,0.7108030760663026,3.2967863080398447,0.0009779787937846333,0.00478276188989383,Tbc1d30,3.009670562228928,DEG
Lhx1os,40.97691096725569,2.3422409077181676,0.2733436017600397,8.568852143004804,1.0452163343636759e-17,4.452576821377081e-16,Lhx1os,16.980793811852692,DEG
Plin5,43.249710936157705,2.333020483869303,0.3911328493839384,5.964777664530028,2.449673699651933e-09,3.760324736178669e-08,Plin5,8.61089176048372,DEG
Tal2,27.05459392422274,2.3294079205380065,0.5342199044300707,4.36039148152505,1.2982995708957162e-05,0.0001014468643495655,Tal2,4.886625086444845,DEG
Ano1,122.47041570268078,2.32937070641527,0.29618726158147,7.864520215953135,3.7051475133606724e-15,1.1907949051825075e-13,Ano1,14.431194496736412,DEG
Chrna3,38.209840736889404,2.3293399014774274,0.6377899818114816,3.652205221006333,0.0002599979709518103,0.0015005510977996268,Chrna3,3.5850300412902234,DEG
S100a1,96.41572932756684,2.3260564780435082,0.30851977103932066,7.539408155942958,4.7210916669824433e-14,1.3341107616896125e-12,S100a1,13.32595756701671,DEG
S100a10,1412.1089243399526,2.3248835602747113,0.15111822603987352,15.384534487992704,2.078660714509921e-53,8.270575250892074e-51,S100a10,52.6822163917849,DEG
Efhc1,51.645922677351464,2.32238293518044,0.3168578370830391,7.329416108372323,2.3115762436390234e-13,5.949094151481854e-12,Efhc1,12.636091777481957,DEG
Lhfp,137.6722408451721,2.3218119555625605,0.26851511858940774,8.64685745726256,5.2937027839244875e-18,2.335098075019817e-16,Lhfp,17.2762404459068,DEG
Aff2,19.021397267494894,2.3210453469873484,0.6196903567983928,3.745492117997354,0.00018004050011819178,0.0010820923593206366,Aff2,3.7446297893445935,DEG
Lrtm2,26.40315632673219,2.318044570280612,0.5240572104717282,4.423266246435256,9.721981025751712e-06,7.789331072344122e-05,Lrtm2,5.012245230866843,DEG
Nrbp2,37.97085039999943,2.3143330954696006,0.3472514346301838,6.664718600613765,2.6517293819565236e-11,5.334024704210625e-10,Nrbp2,10.576470799241564,DEG
ccdc198,17.07279659028557,2.314088736626913,1.1204852737264568,2.0652558234262433,0.0388988010967142,0.1039146970616399,ccdc198,1.4100637838955055,DEG
Txnip,2211.1498063199983,2.3110601067791756,0.23485664519889018,9.84030111143773,7.548457516746929e-23,5.125222315295679e-21,Txnip,22.122141784848274,DEG
Olfr1372-ps1,31.436844820415892,2.310637358063387,0.45443702229874755,5.0846151274716584,3.68372272040848e-07,3.975665484532942e-06,Olfr1372-ps1,6.433713067272302,DEG
Pth1r,45.614831946942886,2.308336815220811,0.3763357518400444,6.133716512275275,8.584944339755532e-10,1.4114783693809632e-08,Pth1r,9.06626251622996,DEG
Cracr2a,20.60334827784909,2.3079527558354447,0.48639922355205817,4.744976233681077,2.0853081774170325e-06,1.927747252859407e-05,Cracr2a,5.6808297537063295,DEG
Arfgap3,340.6799406534085,2.301576034851311,0.1864776075909016,12.342372173181008,5.35544134959797e-35,8.132912229687177e-33,Arfgap3,34.2712047325265,DEG
1110046J04Rik,11.803772217401214,2.2991364398694905,0.5315629072680428,4.325238665891602,1.5236680630006589e-05,0.00011730593051600274,1110046J04Rik,4.817109635429979,DEG
Colgalt2,12.03669975941923,2.298616387666986,0.9180544798264774,2.5037908296046334,0.012287065103371565,0.0407669901878709,Colgalt2,1.9105518405981348,DEG
Gm19938,11.051866079968308,2.2948812910700855,0.9336631638113766,2.4579327749227873,0.013973932911753754,0.045259834210463326,Gm19938,1.8546813461056548,DEG
Atp2c2,11.651836969089226,2.292022601322377,0.7696826741034786,2.9778799477227547,0.002902496482496163,0.012143483706157449,Atp2c2,2.5372282979058167,DEG
Kcnc1,14.762474101906761,2.288874491109853,0.6793253155912876,3.3693348953403968,0.0007534981775413726,0.003811363525046546,Kcnc1,3.1229177937603416,DEG
Cpeb2,102.74564427606005,2.2834567905820915,0.3338600765308811,6.839562293010132,7.943551200068076e-12,1.7010657435323393e-10,Cpeb2,11.099985300872182,DEG
4933412E12Rik,60.39600161927694,2.279683938043386,0.28598388294440885,7.971372073742086,1.5692227716007102e-15,5.291206409868564e-14,4933412E12Rik,14.804315398280982,DEG
Elmo1,1265.4387386483595,2.2788928217601025,0.1355862100161896,16.807703537756478,2.1431442574107427e-63,1.3753455437719134e-60,Elmo1,62.66894859513228,DEG
Ube2ql1,24.07728179235851,2.2779649459945754,0.4733219966717839,4.812717266495828,1.488918628040497e-06,1.4213314388789656e-05,Ube2ql1,5.827129036538392,DEG
Tent5a,54.01575836844944,2.2765046350210567,0.39073748532392644,5.826174146393467,5.6712437340665616e-09,8.265474201137009e-08,Tent5a,8.2463216875605,DEG
Olfml2a,151.22019913837596,2.2726224422207086,0.35479571279670524,6.4054394127442595,1.4993691892370188e-10,2.756788415035236e-09,Olfml2a,9.824091417780842,DEG
Gm28875,19.788059409057634,2.2624234605388653,0.4109403824198699,5.505478549507166,3.681667889507603e-08,4.722314699797824e-07,Gm28875,7.433955390264228,DEG
Plekha6,41.839372736505325,2.262326037795,0.27621473470840474,8.190461092465974,2.6022728632406836e-16,9.604752567961068e-15,Plekha6,15.584647167118527,DEG
Rspo4,14.276883114087576,2.255866930817244,0.5835621596913787,3.8656840464266504,0.00011077827345688488,0.0007036471814020651,Rspo4,3.9555454078659094,DEG
Igdcc4,842.1404591800431,2.255505148355987,0.15691716278289095,14.373858845999415,7.550432776339262e-47,2.3108970715768196e-44,Igdcc4,46.12202815472983,DEG
Fa2h,12.973034759505637,2.2532256356680467,0.7223403850057285,3.1193405248277477,0.0018125634989848607,0.008088977432195816,Fa2h,2.7417067699841837,DEG
Ppp1r1a,416.49138830103874,2.249201412399457,0.2454547272344647,9.163406375347424,5.0284429058704573e-20,2.6891355690695395e-18,Ppp1r1a,19.298566476589876,DEG
Amot,1169.6975352403838,2.2443803743807664,0.20976731667928164,10.699380675266271,1.0246072962012884e-26,9.019264402932934e-25,Amot,25.98944255584922,DEG
Epha8,17.943317138853722,2.239492541879211,0.7406040137108251,3.023873082537248,0.0024956110933555668,0.010644872875475053,Epha8,2.602823092535022,DEG
5033406O09Rik,12.518307023936929,2.239262135714603,0.5918282972166442,3.7836347911139177,0.00015455456093701247,0.0009454822986718715,5033406O09Rik,3.810918174291716,DEG
Rbp4,59.814890921769496,2.236401564669678,0.2894711442933355,7.72581864810477,1.111367588468219e-14,3.427836713951434e-13,Rbp4,13.954142272976819,DEG
Cadps2,26.059792964018303,2.2363419465397065,0.4263409738267897,5.245430497722391,1.559178296228783e-07,1.7981619145029221e-06,Cadps2,6.807104219230148,DEG
Mycbpap,24.142269006238234,2.2329904137091003,0.4189688329448564,5.3297291782155085,9.835932916902986e-08,1.176644915507324e-06,Mycbpap,7.007184441901418,DEG
Ddit4,5901.658171483135,2.231103322544432,0.1763415337373994,12.652171472359427,1.0882483221775822e-36,1.9158948780000726e-34,Ddit4,35.96327199374978,DEG
Spag16,79.22452925572455,2.230470098276053,0.2932048625972381,7.607207051473584,2.8008242543663776e-14,8.146140017012385e-13,Spag16,13.55271414135618,DEG
Lynx1,19.263811591404732,2.2299401992990058,0.6103337894905129,3.6536404139782075,0.0002585482925415556,0.0014939180167939897,Lynx1,3.5874583259724724,DEG
Cyp26a1,760.1451713478873,2.2286309640140978,0.5166698160213057,4.3134529924275595,1.607243259557574e-05,0.00012328788708628025,Cyp26a1,4.793918386902972,DEG
Slc7a14,23.644756841240838,2.2269985626550644,0.5635511619540203,3.951723841599964,7.759024904666955e-05,0.0005123068086738945,Slc7a14,4.110192854145309,DEG
Wipf3,122.8875670391037,2.2260763570758453,0.2867208404006314,7.76391543065156,8.234681756038408e-15,2.567723493019249e-13,Wipf3,14.084353180254652,DEG
Jph1,43.549430770970524,2.2224317966979803,0.47831896199189844,4.646338475570665,3.3787845979505383e-06,2.9808222080544574e-05,Jph1,5.471239494198265,DEG
Cpq,10.816919604824353,2.2217717696092083,0.6630617291852567,3.3507766650010566,0.0008058526588048367,0.0040422674720785225,Cpq,3.0937443568519085,DEG
Fank1,11.816554355142353,2.2197756743963826,0.5633035163633638,3.940638767403854,8.126492380239534e-05,0.0005335592059817996,Fank1,4.0900968675199785,DEG
Grk4,13.744612228386385,2.2186365132943133,0.5079432998641875,4.367882229940874,1.254571083774938e-05,9.849422707426447e-05,Grk4,4.9015047266039655,DEG
Clec2l,12.482523316147736,2.218620210164074,0.6866149072990353,3.23124386985938,0.0012325273189541725,0.0058297428633557555,Clec2l,2.909203445811739,DEG
Lratd1,114.65757596804727,2.217144234130046,0.2600674973265479,8.525264621384572,1.5246086796680386e-17,6.412381622265531e-16,Lratd1,16.816841612100287,DEG
Mmp25,736.3193757077232,2.216120536477251,0.2216954044480305,9.996240300942958,1.582930632442243e-23,1.1246722143502136e-21,Mmp25,22.800538116475384,DEG
Cfap45,33.284086452944145,2.2129604004331767,0.3783449039690553,5.849055655878938,4.943716649317746e-09,7.285207334927943e-08,Cfap45,8.305946428931422,DEG
Rassf6,85.448932016106,2.200619834983288,0.3958451010380873,5.559295363798249,2.708659726362863e-08,3.538153420634458e-07,Rassf6,7.567245549505361,DEG
Adamts15,241.74715248156375,2.198462535594509,0.2728159046749487,8.05841044426609,7.72929168879849e-16,2.7071571981858657e-14,Adamts15,15.111860302943354,DEG
Adgrd1,36.91080967679592,2.197845672413923,0.5635098617667494,3.900278986286251,9.608190401224266e-05,0.0006191944925233415,Adgrd1,4.017358399299809,DEG
Pacrg,16.6860561060145,2.1935188696106045,0.42245256989758356,5.192343533718794,2.076633728654248e-07,2.347304056695887e-06,Pacrg,6.682640096460405,DEG
Cfap69,63.36457286594973,2.1929284351413436,0.33566867946169665,6.5330147532921075,6.44587913181984e-11,1.237783006258918e-09,Cfap69,10.190717842304265,DEG
Dnaic2,18.69843506847642,2.192523103867511,0.46895667177930167,4.675321273389083,2.9349378663304915e-06,2.624164220799047e-05,Dnaic2,5.532401088486363,DEG
Abcc8,24.59890937646728,2.1903143458349286,0.5623982901502448,3.8945963815960134,9.836237607965679e-05,0.0006322523779414191,Abcc8,4.00717098882088,DEG
Etv2,66.22969396111176,2.18974071888462,0.3041834537482975,7.198750266990403,6.076692945775199e-13,1.4814917826378897e-11,Etv2,12.216332707921985,DEG
Akr1c13,35.25578652710159,2.1895202723365945,0.31370837744837166,6.979476576767329,2.9628182134506574e-12,6.720901429690694e-11,Akr1c13,11.528294994256434,DEG
Bcas1,70.64596878695944,2.1888562183944336,0.4058854293652902,5.392793286069155,6.937074182271943e-08,8.513643046398398e-07,Bcas1,7.158823661305701,DEG
Tekt1,26.237519981615023,2.1876198991529585,0.3389281648124964,6.454523778993714,1.0855973193394212e-10,2.045158434747959e-09,Tekt1,9.964331237748407,DEG
Spef2,20.281113127084012,2.1873812143100246,0.4826006347160373,4.532487230558829,5.8293201043970275e-06,4.8726258049106925e-05,Spef2,5.23438209569167,DEG
Rras,68.49528247054386,2.183043727267087,0.3083063800152577,7.080760791129431,1.4336518938817626e-12,3.375274648151927e-11,Rras,11.84355628724487,DEG
Prickle2,185.77031152987985,2.1787981396954414,0.2729413913060557,7.982659314769532,1.4321378252008186e-15,4.8536541557998444e-14,Prickle2,14.844015184651164,DEG
Pdlim3,101.21558326506415,2.1773900829556294,0.2977126724001056,7.313729930949545,2.5982710578036746e-13,6.6439594375252314e-12,Pdlim3,12.585315544268441,DEG
Slc35g2,65.68689360620183,2.1746809626382713,0.37511949008802853,5.797301980038263,6.739027979086343e-09,9.70790895119071e-08,Slc35g2,8.171402740521371,DEG
Pgbd5,29.403378341936094,2.171862959407645,0.39030381280151405,5.564544562909839,2.62837957299214e-08,3.449141373687707e-07,Pgbd5,7.580311916679844,DEG
Oas1d,10.530652106965482,2.169295774991876,0.7987117736014555,2.715993236471709,0.0066077267932086,0.02443839316305854,Oas1d,2.179947921900571,DEG
Clmn,93.47426014563264,2.159605761138022,0.24652794268731107,8.760085114883724,1.9510299939747735e-18,8.841410182262902e-17,Clmn,17.70973605396909,DEG
Ropn1l,21.85790973099694,2.1593366135641205,0.3686464602392922,5.857472799718388,4.699637594719848e-09,6.966810008148783e-08,Ropn1l,8.327935630719962,DEG
Hrc,31.046830166262666,2.1579241353777325,0.42137014395310035,5.121207960139471,3.035846190933916e-07,3.3275550480682824e-06,Hrc,6.517720235451388,DEG
Fabp7,75.96918987804744,2.154646736179533,0.31877679733661357,6.759107796369274,1.388440679459224e-11,2.8923182070326496e-10,Fabp7,10.857472670565407,DEG
Frem2,860.8073204405284,2.1541382208377122,0.22111045089731973,9.742362751718419,1.9887557982448242e-22,1.3014574950750832e-20,Frem2,21.701418541151995,DEG
Ctsh,31.551588946710616,2.151177417167305,0.3969067709874929,5.419855680000711,5.964716723573332e-08,7.407120755228956e-07,Ctsh,7.224410177024699,DEG
Cpxm2,147.32885583895467,2.149936407421504,0.4143401257851789,5.188820183291087,2.1163063005578578e-07,2.3867232167402508e-06,Cpxm2,6.674421475098548,DEG
Rap1gap2,62.78578123530308,2.147263535310837,0.28568625198866976,7.516159844457608,5.640858109773412e-14,1.576112798256071e-12,Rap1gap2,13.248654824386902,DEG
Tnfrsf12a,221.00745156737668,2.1429957485987194,0.20307945702076918,10.55249890873774,4.9463736034105535e-26,4.152031918407154e-24,Tnfrsf12a,25.30571308413892,DEG
Prss8,339.81683761337604,2.142901846770548,0.18116709352646856,11.828317190822899,2.786725783329427e-32,3.576717595713266e-30,Prss8,31.55490576420597,DEG
Tor4a,151.55156641972397,2.140611140969224,0.25056707044577087,8.54306648180455,1.3070615158456825e-17,5.532485488560428e-16,Tor4a,16.883703972202444,DEG
Phactr1,99.50437269632882,2.140299073639199,0.25060763227940747,8.540438510080717,1.3371342953085961e-17,5.647760015046542e-16,Phactr1,16.873824972107876,DEG
Plcxd1,237.42263589369443,2.1398984992281447,0.21330851077470186,10.031941489143499,1.1032558954080013e-23,7.866728596145798e-22,Plcxd1,22.957323743158973,DEG
Sox14,24.004982506512405,2.13752171794773,0.7666263545167066,2.7882184135128747,0.005299879891216874,0.020307359506138,Sox14,2.275733972507287,DEG
Dkk3,140.18291918156902,2.134390923355764,0.2333181821420049,9.14798368374354,5.800605708069457e-20,3.0528373004321103e-18,Dkk3,19.236526654378892,DEG
Hand1,10.04625584495806,2.134007862215866,0.7316071807296197,2.9168765950159963,0.0035355562495429896,0.014380772036067926,Hand1,2.4515422488819376,DEG
Nipal4,16.56756138947432,2.1311857657343194,0.6845183811717892,3.113409112675777,0.0018493946143087474,0.008234524721812493,Nipal4,2.7329704114306033,DEG
Tmem130,69.93720508981939,2.12588656886438,0.3213178294011408,6.6161487920745685,3.686772973040871e-11,7.247496198189238e-10,Tmem130,10.43335360489219,DEG
Kcna2,25.67153290817154,2.125148305901089,0.7704853874092996,2.7581941729573147,0.005812166222186155,0.021961488095759044,Kcna2,2.2356619738052044,DEG
Cited4,17.619856717927235,2.1224763714485286,0.4783047387813573,4.437498103941544,9.101052338854321e-06,7.327249503406226e-05,Cited4,5.040908388059785,DEG
Foxf2,11.422447390287427,2.122385106986933,0.6691126794108212,3.1719397528915056,0.001514244173400175,0.006939500941170946,Foxf2,2.8198040887658795,DEG
Osbp2,18.10325606457241,2.1219185246961594,0.4168407162003501,5.090478070468245,3.571618785191248e-07,3.869314271899619e-06,Osbp2,6.447134901497656,DEG
Pgm1,423.5418421425108,2.121265846624036,0.1480559326450051,14.327462660413698,1.474085924566175e-46,4.3125684387234536e-44,Pgm1,45.831477200685015,DEG
Gm17055,24.76774740496829,2.1192996371471895,0.5909844727958596,3.586049608242833,0.00033572511989482604,0.0018787385471695272,Gm17055,3.4740161624053636,DEG
Ntf5,32.30054118095264,2.1191752555324506,0.4661569007417246,4.546055742520446,5.466056560624274e-06,4.594073900171496e-05,Ntf5,5.262325878709965,DEG
Dlg2,11.480626648171969,2.1151673754857563,0.7275738298185461,2.9071515340419403,0.0036473646398162145,0.014778140966294047,Dlg2,2.4380208165754853,DEG
Ptp4a3,469.6731227236496,2.1113398530332335,0.21905100612733516,9.638576377074038,5.49446559674558e-22,3.4373238547690747e-20,Ptp4a3,21.260074541579133,DEG
Col7a1,27.480665174361576,2.110788445700833,0.4280854580606705,4.9307641872798245,8.190856134286982e-07,8.284132787773525e-06,Col7a1,6.086670702029042,DEG
Cfap70,17.81871537874646,2.109292952108765,0.39679379266649273,5.315841606125217,1.0616547238106529e-07,1.2601765558167737e-06,Cfap70,6.974016703522992,DEG
Irx1,15.635239555368608,2.1083226057816242,0.3759984520608559,5.6072640571413555,2.0554993966146216e-08,2.7495176472516466e-07,Irx1,7.687082646369391,DEG
Dnah11,42.65843496711696,2.1070800070355116,0.44608083465966475,4.723538523333104,2.317760299391618e-06,2.119003832541215e-05,Dnah11,5.6349314803803345,DEG
Htr1b,16.131527608877917,2.106971625085144,0.7764015008968637,2.713765522930167,0.006652323319148024,0.024575918312187705,Htr1b,2.1770266511678593,DEG
Cd109,163.54604296738006,2.106072764951464,0.26201398068654297,8.038016747934671,9.130415375230443e-16,3.181094281520743e-14,Cd109,15.039509464407976,DEG
Ascl2,39.92420734388037,2.1049453202331363,0.45448112539246494,4.631535178530068,3.629643099849524e-06,3.173983289160722e-05,Ascl2,5.440136076723171,DEG
Gipr,36.164161025518794,2.104915540096077,0.4071627574417443,5.169715308250516,2.3445087925397197e-07,2.6173769875861495e-06,Gipr,6.629948134200746,DEG
Atp7b,205.54619554050376,2.1035841919731038,0.1618241652324015,12.999196930520673,1.236347403299113e-38,2.5356593032198512e-36,Atp7b,37.907859478974984,DEG
Fermt1,102.90426770643175,2.102553199307546,0.2203515701666822,9.54181174074274,1.4035848245547975e-21,8.461489848391861e-20,Fermt1,20.852761335987935,DEG
Acot11,54.00957345527731,2.1018851784688874,0.326968268734097,6.428407217026372,1.2894792083013173e-10,2.4109867828896995e-09,Acot11,9.889585656079596,DEG
Vtn,312.75464904240187,2.1003609513091215,0.14699122188370953,14.289023006903081,2.5617814531268184e-46,7.386098583841293e-44,Vtn,45.59145792289325,DEG
Abhd14b,70.42538210831351,2.099072916696233,0.23409070781009403,8.966921140667852,3.0491827302735804e-19,1.5014960701995696e-17,Abhd14b,18.515816548618695,DEG
Slit1,89.6277788156826,2.0939402734099315,0.25825348572682894,8.108081358579705,5.142530130179057e-16,1.8433422416176968e-14,Slit1,15.288823155086389,DEG
1700001L05Rik,359.51029476279655,2.0915747273186915,0.1898157128401947,11.018975700286637,3.0956153402317608e-28,2.975080752587954e-26,1700001L05Rik,27.509253009873337,DEG
Elovl7,109.13944046876823,2.086668569326422,0.2725470590606594,7.656177162645526,1.915494364955136e-14,5.721748482945567e-13,Elovl7,13.717719121296403,DEG
Gpr37,12.589550627389123,2.084960290438323,0.8130791802654559,2.5642770606395557,0.01033909761779576,0.035450880387526515,Gpr37,1.985517364212444,DEG
Gcgr,14.975694846609114,2.0841731764898146,0.5286282289242749,3.942606660887134,8.060078550076869e-05,0.000529898224306772,Gcgr,4.093660725726087,DEG
Lrrc46,18.000284594055174,2.0823198813301507,0.4649450692209637,4.47863633615724,7.512138564533046e-06,6.150061094766272e-05,Lrrc46,5.124236409924975,DEG
Slit3,566.9797162658245,2.0819291825556157,0.26309822922139153,7.913125028309167,2.5100704719716353e-15,8.213049666020347e-14,Slit3,14.600314085228616,DEG
Piezo2,234.67034927923652,2.0810687724921566,0.21716762909628337,9.582776130827005,9.447083841738993e-22,5.836654843091786e-20,Piezo2,21.024702230315114,DEG
Prdm6,15.779614504217658,2.0770415925132877,0.4761371120943481,4.362276201023614,1.2871622763587346e-05,0.00010073487933076581,Prdm6,4.890366696852868,DEG
Prnp,862.2218919094378,2.0735067700016967,0.12592316066092313,16.46644476773488,6.391815461587802e-61,3.6331079083665066e-58,Prnp,60.19437577204998,DEG
2610316D01Rik,10.095542135615691,2.073210708563952,0.7539191359763049,2.7499112433048936,0.005961140896233046,0.022414542543742057,2610316D01Rik,2.2246706131590503,DEG
Ppp1r3g,25.882458331309575,2.0725085246052197,0.34146166757096963,6.06952030471903,1.2829287167593003e-09,2.061598052601738e-08,Ppp1r3g,8.891797473615819,DEG
Sgpp2,29.751668013987562,2.0704179129606524,0.3746213456608132,5.526694986663239,3.263195526918892e-08,4.220937048928768e-07,Sgpp2,7.486356903007146,DEG
Htra1,95.64629073107707,2.0691448333856997,0.32677177642596567,6.332079398094808,2.4187895233473085e-10,4.327284062722245e-09,Htra1,9.616401921148578,DEG
Shisa6,28.25876727351103,2.0607645158095247,0.492403513245266,4.18511334784701,2.8502384062321197e-05,0.000205891949359411,Shisa6,4.545118812208775,DEG
Gad2,54.31300055815753,2.0598536087878716,0.5657709422230796,3.6407907424409323,0.00027180198345154726,0.0015599323866885056,Gad2,3.5657473783654114,DEG
Saxo2,27.447559980111055,2.0575413382354664,0.42926632220202426,4.793158074178324,1.641761617444689e-06,1.5590074280403173e-05,Saxo2,5.784689901871937,DEG
Rab17,10.707683828689817,2.0552371759014822,0.6972628195094903,2.9475789019516316,0.0032027300850297883,0.013240879532747841,Rab17,2.4944796606248336,DEG
Gm7694,28.530545054659004,2.049426355243949,0.4531517987193018,4.522604480520745,6.10833178141916e-06,5.090873584396848e-05,Gm7694,5.214077381745572,DEG
Tspan7,1836.4391180711468,2.047727888301912,0.11443673241459835,17.89397377131584,1.3139508355670194e-71,1.0891557467820952e-68,Tspan7,70.88142088457944,DEG
Maats1,19.563148066753627,2.047497311967822,0.41861424013354237,4.891131537509686,1.0025793298346637e-06,9.982834557880056e-06,Maats1,5.998881253474495,DEG
Cntn2,119.69486795785386,2.046073112837594,0.33824281724487515,6.049125091564957,1.4563455006920152e-09,2.3196587182359447e-08,Cntn2,8.836735581586202,DEG
Padi3,216.7408594453108,2.042485983644812,0.20969553816164763,9.740245317333954,2.0306354992609957e-22,1.3116059292953977e-20,Padi3,21.69236802581543,DEG
Cd82,120.55758997639873,2.0399629909838404,0.2954215328390272,6.90526168278803,5.011096771512137e-12,1.1089072210507503e-10,Cd82,11.300067210323196,DEG
Tmem145,152.6451630292702,2.038486607259233,0.33992545598885054,5.996863639791939,2.011648402971826e-09,3.13634273736062e-08,Tmem145,8.696447923214825,DEG
Bdkrb2,12.620604653784365,2.0376226240292112,0.6804491446085588,2.9945259541789744,0.002748716693731246,0.011568218723310642,Bdkrb2,2.5608700199563437,DEG
Ppp1r3c,62.64534537828819,2.0363979077912018,0.46978193927196693,4.334772662710405,1.459108333776549e-05,0.00011281578387932634,Ppp1r3c,4.835912462037521,DEG
Helz2,18.727542095335778,2.0353345359372006,0.6052257952637926,3.3629342170554435,0.0007711873831844437,0.00389094643699501,Helz2,3.1128400842118094,DEG
Nkx2-9,71.22779511203903,2.030713934259182,0.3902901082702275,5.203088398164487,1.9600357743869728e-07,2.2268961562338343e-06,Nkx2-9,6.70773600186951,DEG
Wdr93,46.02347177287787,2.030606628455026,0.31136865786512086,6.521551148974818,6.958398389032179e-11,1.329782685412163e-09,Wdr93,10.157490710224053,DEG
T2,18.971770893717462,2.030516971173381,0.434794739837356,4.670058731467031,3.0111363438150236e-06,2.6826487426715662e-05,T2,5.52126957925114,DEG
Kcnh5,13.13626706253999,2.030265168719191,1.0152079344386382,1.9998515573480335,0.04551629540044366,0.11744502992171547,Kcnh5,1.341833092672242,DEG
Matn4,13.961133928139512,2.025531301704761,0.6762794949587614,2.9951097391002155,0.0027434611975393386,0.01155587911578395,Matn4,2.561701177918684,DEG
Ablim3,34.04910998387341,2.0251595702776943,0.4958715316606068,4.084040806891471,4.4259253321546077e-05,0.0003071852190462314,Ablim3,4.353995917138713,DEG
Dcdc2a,18.697264381189154,2.0249532189977564,0.39074359493375715,5.182306876561974,2.1915824070668444e-07,2.46184869600157e-06,Dcdc2a,6.659242194523355,DEG
Sez6l,16.074374437065373,2.0241668358474985,0.6845819511340854,2.9567925834069144,0.003108571505120658,0.012894479049806166,Sez6l,2.5074391382935213,DEG
Necab3,142.55994220453496,2.020232067988535,0.24606896967463246,8.21002368018938,2.211448778234288e-16,8.238682021384443e-15,Necab3,15.655323115343812,DEG
Pla2g7,275.4066152638112,2.01928471054625,0.31773312273050164,6.355285508772685,2.0803985217462926e-10,3.75958313973086e-09,Pla2g7,9.68185346349058,DEG
Ntng1,23.825527794765982,2.019212249886725,0.8169064234899284,2.471779131397196,0.013444254970681701,0.04384590301421996,Ntng1,1.871463259717133,DEG
Egr1,446.75975873170637,2.016620562331107,0.5649582171482298,3.5695039051038355,0.00035765788635191287,0.001982514904175245,Egr1,3.446532194326087,DEG
Odf3b,11.052539829059738,2.015689324433879,0.6031535200499394,3.341917534141201,0.0008320177593530581,0.004154658961990396,Odf3b,3.0798674036290836,DEG
Isg20,14.570902345745708,2.013557192687653,0.5296131044720234,3.801939898551016,0.0001435675583752611,0.0008839780273343994,Isg20,3.842943685513928,DEG
Gm2990,14.191530562802512,2.01020141214314,0.6097594858158213,3.2967119969500955,0.0009782375655965614,0.00478276188989383,Gm2990,3.009555663720786,DEG
Ttc21a,31.155339346564848,2.0077840736787906,0.3332373417385098,6.025087294251352,1.690183742587943e-09,2.672854958270631e-08,Ttc21a,8.77206607996954,DEG
Rhoj,31.745666661538674,2.006793952023983,0.5055912860801853,3.969202016084017,7.211372575249096e-05,0.0004799700435329726,Rhoj,4.141982066053995,DEG
Rab25,235.41510553772972,2.004631574572531,0.2985248488531248,6.715124661393987,1.879055055700718e-11,3.8379795973418977e-10,Rab25,10.72606049502628,DEG
Sv2a,262.91019419544955,2.003031007023076,0.18903544599303432,10.596060418726363,3.1079835117721526e-26,2.6423172642391114e-24,Sv2a,25.507521293849685,DEG
Man1a,145.5341098760267,2.002876258350784,0.30420116389176327,6.584051923823079,4.57797127554878e-11,8.902654990788604e-10,Man1a,10.339326936630851,DEG
Ocln,744.8505820019354,1.9996774897562337,0.1638552000834253,12.203930596881376,2.9617418728766307e-34,4.269629914420847e-32,Ocln,33.528452794589384,DEG
Patl2,133.7856349547842,1.999099822567196,0.32479625113873223,6.154935026369218,7.510828150835657e-10,1.2503800437884902e-08,Patl2,9.124312174645754,DEG
Gem,34.28507505126289,1.998440015705655,0.4502510859335919,4.43850126771356,9.058745101749443e-06,7.299095789963687e-05,Gem,5.042931960505597,DEG
Dmrta1,51.747185006749135,1.9954009377160424,0.3412111152191891,5.847995123002443,4.975331372021495e-09,7.320949875369498e-08,Dmrta1,8.303177988637298,DEG
Pipox,524.0598070950851,1.994973292728448,0.19862992007761654,10.043669614068683,9.796056351412509e-24,7.046532441691138e-22,Pipox,23.008948725278938,DEG
Igsf21,48.96259705927572,1.9938165719065166,0.351415026545312,5.673680466960427,1.3976171737416968e-08,1.9281689358125742e-07,Igsf21,7.8546117714370975,DEG
2410004I01Rik,18.5288514027936,1.9922710300596511,0.42763182621172413,4.658846484155885,3.179862252415576e-06,2.8190810895523827e-05,2410004I01Rik,5.497591692692146,DEG
Pid1,1630.659945322788,1.9870127526975,0.13407101373530142,14.82059915367308,1.0781843999488395e-49,3.6981724918245194e-47,Pid1,48.96730695618866,DEG
Rpl30-ps1,32.31766413617577,1.9826871783584257,0.5709595992464651,3.472552490535434,0.0005155341881034623,0.002740654886881276,Rpl30-ps1,3.2877425288046154,DEG
Cacna2d2,57.187013262904244,1.9824664299304862,0.33828519780526595,5.860340454718016,4.6191915190318324e-09,6.85266190004618e-08,Cacna2d2,8.335434030839753,DEG
Ror1,807.1354782293074,1.976408535340745,0.20126617949637707,9.819874060740153,9.245898168062226e-23,6.235182988319658e-21,Ror1,22.03405089407901,DEG
Rgs22,18.977236292649117,1.97526385291165,0.5566279976720105,3.5486246850190986,0.0003872486098095781,0.0021287438086630963,Rgs22,3.4120101326471626,DEG
Arhgef28,264.1279316835319,1.975238869165469,0.15486351481843877,12.754707727518836,2.934734005725066e-37,5.356293422926097e-35,Arhgef28,36.53243125560234,DEG
Dgkg,13.896806888078897,1.9742603589660432,0.5809776756863279,3.39816905466081,0.0006783848547642688,0.003476503941442649,Dgkg,3.16852385645554,DEG
Arhgef19,19.222232717013252,1.9741285082107671,0.5703224217669076,3.46142538477577,0.0005373230457270739,0.002839177867647917,Arhgef19,3.269764532188682,DEG
Sytl4,29.347287151561915,1.9726436328870416,0.5673352036323045,3.4770337187916356,0.000506994053190592,0.002699716192230631,Sytl4,3.294997134713326,DEG
Myocd,52.865924027556154,1.9696184899407632,0.5809585384738424,3.3902909751785066,0.0006981847488701277,0.0035660301396719693,Myocd,3.156029642135829,DEG
Cbln2,46.03237715308683,1.9597292768654853,0.48460074806602454,4.04400794816454,5.254513662815585e-05,0.0003586047849332873,Cbln2,4.279467474370236,DEG
Ripk4,886.1479643743769,1.9592972629312955,0.13655861099179062,14.347665436118714,1.1018425257585565e-46,3.318198021670841e-44,Ripk4,45.957880469986044,DEG
Tulp1,92.55814119872048,1.9583094152222356,0.21034528679858538,9.309975255577752,1.2786213453316508e-20,7.267683726865103e-19,Tulp1,19.893258049720416,DEG
Rps6ka4,113.8334342104962,1.9519267205454425,0.2171658680701814,8.98818372284285,2.513496118639143e-19,1.25322034546885e-17,Rps6ka4,18.599721781076408,DEG
Kif26a,142.5232975746638,1.9512684257550834,0.26241515129046067,7.43580702623102,1.0393146890103927e-13,2.794071138266588e-12,Kif26a,12.983252934629379,DEG
Plaur,163.91049017444533,1.9493246359017766,0.2909019675126359,6.700967520328318,2.070440619943282e-11,4.215900275655235e-10,Plaur,10.683937220510924,DEG
Cntn3,17.45775633883278,1.9489459386593426,0.5695549834748669,3.421874964149699,0.000621909063006651,0.0032160797763073345,Cntn3,3.206273114218639,DEG
Slc17a7,11.479990350417639,1.948216212799118,0.7343213197207472,2.6530840934047775,0.007975999699003696,0.02864161335956309,Slc17a7,2.0982148710856983,DEG
Hs3st1,15.95591750437222,1.9466246519287815,0.5646233224812965,3.447651867043209,0.0005654823981870064,0.00296122843630753,Hs3st1,3.247580908845028,DEG
Rab20,121.73260386287032,1.9459646329028575,0.3086007693452947,6.305767276702768,2.8676966020901993e-10,5.048668690440922e-09,Rab20,9.542466798265053,DEG
Inf2,97.53459517901801,1.9456380677201388,0.2682914150845011,7.251957976766943,4.1078935311582113e-13,1.0215304238607682e-11,Inf2,12.386380821021616,DEG
Hpn,143.85147213658945,1.9398067580407732,0.2055643149006682,9.436495624146229,3.854553599502289e-21,2.2754447866023306e-19,Hpn,20.414025910868162,DEG
Stk26,189.8025944135402,1.9396857589812595,0.23716167800610757,8.178748671744966,2.868066079006494e-16,1.0546637075000958e-14,Stk26,15.542410846931261,DEG
S1pr5,21.718764513467328,1.9391514888887549,0.5932353490595124,3.268772658208914,0.0010801505102335121,0.005211863752264247,S1pr5,2.9665157248745526,DEG
H2-Ab1,69.00757156436944,1.9389444892472636,0.2615537998670623,7.413176525184319,1.2330957628855336e-13,3.283963468118448e-12,H2-Ab1,12.90900319454961,DEG
AI838599,16.448077163957837,1.935391161762008,0.4739130883542873,4.083852523429678,4.429514847805952e-05,0.0003072551198823278,AI838599,4.35364383821462,DEG
Cadps,19.205347054473517,1.9351202977627078,0.57173427914686,3.3846497723562905,0.0007126912566080063,0.0036308015003737974,Cadps,3.1470985691533597,DEG
Ccdc103,34.67313105910729,1.9346654437962416,0.31197718757131626,6.201304200660466,5.599715664567271e-10,9.49828799682383e-09,Ccdc103,9.251834024501743,DEG
Nfatc2,71.96042741328996,1.9346585588424041,0.2399737821849088,8.061958024029796,7.508198485184639e-16,2.6343580364067582e-14,Nfatc2,15.124464254979697,DEG
Map3k5,63.592889630941954,1.9315240993210747,0.32442059720340116,5.953765315677759,2.6204249447475457e-09,4.003896609125013e-08,Map3k5,8.581628275018357,DEG
Scarf1,42.83714028439238,1.9291800295977422,0.382395438067977,5.044987041019039,4.535521069612085e-07,4.80162752368579e-06,Scarf1,6.343372811215251,DEG
Prrx2,24.762908092995417,1.9275108643262557,0.3206322604282123,6.011593661074582,1.8370832273178581e-09,2.8890856699020925e-08,Prrx2,8.735871167947803,DEG
Eras,259.66793491354844,1.9262671971202112,0.21082089553616573,9.136984226450958,6.421813910280426e-20,3.370859259396274e-18,Eras,19.192342283464207,DEG
Gm8378,12.521070326539219,1.921763580746431,0.6268851271942188,3.065575330121109,0.002172516428163981,0.009442875643848426,Gm8378,2.6630369308130177,DEG
Stbd1,185.04161118504885,1.920826956478677,0.1733201649014831,11.08253593902645,1.5249123068098126e-28,1.5244525342549955e-26,Stbd1,27.81675513058844,DEG
Hapln3,72.81711899612961,1.9194030420919685,0.3535893827207614,5.428339016637755,5.6880918241730126e-08,7.081282775350307e-07,Hapln3,7.24503340130611,DEG
Irf6,305.41830388903355,1.9184363378274272,0.1843375584401851,10.407191860740264,2.299033631056737e-25,1.8368263074796277e-23,Irf6,24.638454675674815,DEG
Fut1,63.602731556776774,1.9183430115471545,0.5371254565017607,3.5714989642105452,0.0003549439521840073,0.0019696037863449773,Fut1,3.4498402192799023,DEG
Wdr86,142.91779107449,1.9173792030628625,0.21792676723379978,8.798273050165648,1.389376458624975e-18,6.354081670778219e-17,Wdr86,17.857180064016354,DEG
Arhgap6,24.50568245054723,1.917010972800322,0.5157359016888624,3.717039993769588,0.0002015705445647762,0.0011966262212764886,Arhgap6,3.695572930895182,DEG
1700003E16Rik,35.168860907626865,1.915995596695281,0.3496880584667799,5.479156494780045,4.2735825572409864e-08,5.422107869499501e-07,1700003E16Rik,7.3692079019054075,DEG
Cutal,47.661286722628006,1.9127424836587001,0.34886632924058775,5.482737436491387,4.187943547441336e-08,5.320239395453253e-07,Cutal,7.3779991811479135,DEG
Gulo,66.59049926354204,1.9122509581799827,0.3343946814384218,5.718544774558923,1.074402075679081e-08,1.5084089550853662e-07,Gulo,7.968833161308161,DEG
Spaca9,19.06785547393735,1.912222477970175,0.3783158487770134,5.0545661360787335,4.3137026102426095e-07,4.5866809047657125e-06,Spaca9,6.365149798775087,DEG
Taf10,315.3383262884748,1.910589415337048,0.4885195184647151,3.910978667426666,9.19228918184958e-05,0.0005952845084105324,Taf10,4.036576321558018,DEG
Pnma2,364.9975825987967,1.9087388913857395,0.20582699836537457,9.273510795689855,1.8011748763737514e-20,1.0065329491735789e-18,Pnma2,19.744444119408605,DEG
Ly6e,2321.497998298157,1.908137495455747,0.21953592793737417,8.691686656409473,3.5709784587568814e-18,1.5892851332999867e-16,Ly6e,17.447212769597538,DEG
Col23a1,76.93930016966931,1.9073899930510503,0.4284224870010406,4.452123898544143,8.502507955610673e-06,6.892782936793754e-05,Col23a1,5.070452953035205,DEG
Lrrc3,210.66741912763712,1.9065735308868148,0.2825624748394463,6.747440657044575,1.5047574848139464e-11,3.1182963961342344e-10,Lrrc3,10.822533487773692,DEG
Slc16a3,3843.364595665649,1.905690268969867,0.11253155285123877,16.934719380342123,2.495455775845329e-64,1.6548199068222324e-61,Slc16a3,63.60285012224207,DEG
Sqor,38.2978688412325,1.9018414898254346,0.42505359614311844,4.474356897771244,7.664163496761412e-06,6.266784570677005e-05,Sqor,5.115535239187352,DEG
Ttc12,256.2363598865788,1.900804287766564,0.1850412674319525,10.272326352636826,9.391227190507971e-25,7.32663034227316e-23,Ttc12,24.027277652969016,DEG
H1f2,49.267372541033886,1.898998799784802,0.444713769097951,4.2701596661526695,1.953330792996727e-05,0.00014697262782101695,H1f2,4.709224203507828,DEG
Tcp11x2,48.80868723899154,1.8980437342204668,0.40631809027440513,4.67132470754288,2.9926342583766335e-06,2.6697518357015584e-05,Tcp11x2,5.523946356756414,DEG
Kif21a,715.8672625234972,1.8965250038207961,0.13667509704707512,13.876156262523628,8.835667767198332e-44,2.2535483918031232e-41,Kif21a,43.053760622540885,DEG
Tmc8,34.336944583542525,1.8949083023532767,0.42619017448512425,4.446156706081962,8.742018853273618e-06,7.069663539309975e-05,Tmc8,5.058388261234164,DEG
Mansc1,19.5851584050908,1.8927922478873482,0.4325882241651551,4.3755057168747875,1.2115126662918039e-05,9.545280389389761e-05,Mansc1,4.916672040980143,DEG
Proca1,24.4139603822929,1.8927885095388353,0.39878169975753436,4.746427708918641,2.0704067361323294e-06,1.9184290455806502e-05,Proca1,5.683944328018571,DEG
Spn,13.13208188809002,1.884672051633229,0.7448226663720765,2.5303634498842444,0.011394442740496639,0.038355506578585476,Spn,1.9433069096802023,DEG
Klhdc7a,19.39406239298632,1.8820918819888133,0.5881171689941513,3.2001988399823946,0.0013733280732955713,0.006383408572463106,Klhdc7a,2.8622257020916853,DEG
Kcns3,130.1856347144528,1.8819182101085568,0.2497972726025536,7.533782056551239,4.929137211610411e-14,1.3869908866729493e-12,Kcns3,13.307229092290427,DEG
Aldoc,519.3731018944023,1.8801184155726107,0.1708387863944917,11.005219922548166,3.6063494389407887e-28,3.432761518578376e-26,Aldoc,27.44293219440477,DEG
Hpse,20.148759246352363,1.8776045745701868,0.49238997488624947,3.8132469593921887,0.00013715294099366057,0.0008484205871044414,Hpse,3.862794875309734,DEG
5330417C22Rik,11.435741428928047,1.8725373529957012,0.6918340596352708,2.7066278783425144,0.006797039890560846,0.025036162114944912,5330417C22Rik,2.167680181276853,DEG
Dlec1,11.663415210989264,1.8711544787030734,0.6293793314908996,2.97301545360666,0.0029488960382821087,0.012296569118709846,Dlec1,2.5303405379928847,DEG
Masp1,142.49799393035784,1.8710618753728796,0.3614619255162776,5.176373341951393,2.2624051580261375e-07,2.534250462487161e-06,Masp1,6.645429617740101,DEG
Crnde,50.551139701839766,1.8685589730850343,0.2688019426421341,6.951434036221664,3.6159147976329124e-12,8.119075506107128e-11,Crnde,11.441781811425054,DEG
Slc31a2,446.17633248444326,1.8678547174932765,0.14693388179396594,12.71221242294834,5.0582796305612655e-37,9.065713060395118e-35,Slc31a2,36.29599716576803,DEG
Efcab10,34.67862570633715,1.8642181465337935,0.3152787345784091,5.912920670106809,3.3609407508013478e-09,5.0768834697374345e-08,Efcab10,8.473539143533747,DEG
Gad1,130.0593275532074,1.8608600332448828,0.3843612696619879,4.8414348169922174,1.2890496074318067e-06,1.2479003839536918e-05,Gad1,5.8897303690551785,DEG
Slc7a8,97.86766467377959,1.8608347768145215,0.2718396647817674,6.845339433111786,7.629475091129544e-12,1.640873269869526e-10,Slc7a8,11.117505340533688,DEG
Fam187b,47.58086994118378,1.8602452453193523,0.3779401995773855,4.922062398759082,8.563689779313756e-07,8.626128833907233e-06,Fam187b,6.06733907346219,DEG
Clic6,132.63160818467634,1.8587245647488275,0.22270598128733518,8.346091802315367,7.055896977199977e-17,2.824346367493286e-15,Clic6,16.151447768942024,DEG
Gngt2,55.171409873875405,1.8554254326346018,0.36634851685454467,5.064645678288038,4.091606479628842e-07,4.380969822698395e-06,Gngt2,6.388106142297119,DEG
Prokr2,18.15535472712155,1.8529985081235651,0.7885839226787885,2.349779718852246,0.01878452414259412,0.05775878258002588,Prokr2,1.7261998021903304,DEG
Trmt9b,213.15970566736618,1.8503326421075383,0.17589970820459033,10.519247933915855,7.043352651684767e-26,5.887414187084738e-24,Trmt9b,25.152220566492442,DEG
Sema3b,63.94128395657066,1.8499833883011267,0.34489812305991696,5.363854612742386,8.146448288945115e-08,9.822148015774189e-07,Sema3b,7.089031694905765,DEG
Drc3,131.37866564984975,1.8487043205295364,0.20030541405448996,9.229427618100354,2.72081909715805e-20,1.495247931460283e-18,Drc3,19.565300332794955,DEG
Ackr3,181.12649165705173,1.845844628125881,0.3771688441939903,4.893947781054001,9.883307313935585e-07,9.860507307093007e-06,Ackr3,6.005097700368022,DEG
Tnfrsf13c,15.998898421384418,1.8436890019390424,0.6929537523864194,2.660623447942491,0.007799612976751923,0.0280944234219632,Tnfrsf13c,2.1079269468263306,DEG
Aebp1,136.32444113116003,1.8412958880307835,0.16603292545020887,11.089944256767097,1.4037521063913277e-28,1.410416384068135e-26,Aebp1,27.852709579052163,DEG
Ctsc,425.061629502536,1.8396998690747763,0.18829657285247686,9.770224923403733,1.5111620764201227e-22,9.95465508221918e-21,Ctsc,21.82068895384756,DEG
Fads6,20.771270131084567,1.839521258684915,0.6034408472671714,3.048387040777293,0.0023007339185964317,0.009928590146758658,Fads6,2.6381336048720825,DEG
Gm10614,13.580483423939468,1.838517878082837,0.5760317898583484,3.191695164141802,0.0014144052062203237,0.006549855021542626,Gm10614,2.8494261537530914,DEG
Igfbp2,5817.378941261885,1.837324656713151,0.08947608681868935,20.534253587064327,1.0643720533708132e-93,2.265760206927414e-90,Igfbp2,92.97290653700131,DEG
Rgs16,71.1826299746358,1.8341410533511493,0.29838150433542526,6.1469663055565995,7.897889794025239e-10,1.3094678018789231e-08,Rgs16,9.10248893063754,DEG
Evpl,45.50837755451035,1.8339403363712816,0.3879911286923209,4.7267584249989545,2.2813240118899865e-06,2.092423231560138e-05,Evpl,5.6418130283653625,DEG
Pcbd1,184.00985758366505,1.8312192273438708,0.18460503377778162,9.91966031407465,3.419178142190108e-23,2.370074214659582e-21,Pcbd1,22.46607827148925,DEG
Tnni1,25.557833316935607,1.8308753679171161,0.5647635369596782,3.24184414909887,0.0011875894848957767,0.005667043706528324,Tnni1,2.9253336563706696,DEG
Fgf11,128.9011305707461,1.830774200345048,0.31518723770014867,5.80852896742838,6.302412652826289e-09,9.118559804750996e-08,Fgf11,8.200493164637383,DEG
Tmc4,55.473452553228185,1.8297619034944694,0.2598725668316118,7.040996769313054,1.9086943315298697e-12,4.420438304011086e-11,Tmc4,11.719263616267915,DEG
Dnaaf1,11.778224920125645,1.8289859883859327,0.6263430483667035,2.9201026388898645,0.0034991611934491575,0.014261895673525413,Dnaaf1,2.45603605071143,DEG
Gnao1,123.87878193491274,1.827709334482457,0.26288818946074927,6.95242086847475,3.5907025770169352e-12,8.071574809850272e-11,Gnao1,11.444820566611554,DEG
Orai3,440.4269898317277,1.8260332250212714,0.11588087042643976,15.7578487139551,6.066305512679721e-56,2.7427973152102355e-53,Orai3,55.21707572143554,DEG
Gm27252,16.23890058843807,1.8235763489743568,0.5837805146335745,3.1237362386426573,0.0017857045257200306,0.007988487932240678,Gm27252,2.74819040069121,DEG
Slc35f3,13.923649146879791,1.823310875845352,0.7258786048565584,2.511867499119441,0.012009417042822726,0.03997382016533369,Slc35f3,1.9204780734655325,DEG
Klc3,142.8299905965928,1.8226521876003314,0.23112822752983017,7.88589177133327,3.122971911655188e-15,1.0102179383815986e-13,Klc3,14.505431921843453,DEG
Tmod2,547.2521680579274,1.8225742182854752,0.18817536349399344,9.685509220996678,3.474725982581907e-22,2.2085047507183533e-20,Tmod2,21.45907943825224,DEG
Npy1r,33.792069571573165,1.8207371728086055,0.4788473791629885,3.8023329604334517,0.00014333990814804695,0.0008830609835810952,Npy1r,3.8436328781615052,DEG
Sparc,1150.951911837494,1.8167843946076851,0.1470400625581429,12.35571015817059,4.537315021764749e-35,6.99731356922387e-33,Sparc,34.34320106700583,DEG
Rhbdl3,21.490269552154707,1.8135686613564828,0.6414519636901026,2.8272867868756757,0.004694426511300656,0.01832272336978914,Rhbdl3,2.328417455195564,DEG
Retreg1,79.34442837519887,1.8128794683007567,0.38057176792010383,4.76356792887839,1.9019954135833702e-06,1.783143108285936e-05,Retreg1,5.720790534642473,DEG
Slc30a3,44.03006220317643,1.8115304682264999,0.341491527195405,5.3047596322643855,1.1282155995393126e-07,1.3312408740946078e-06,Slc30a3,6.947607899693938,DEG
Fam131a,33.743489356201934,1.8108189988584988,0.3665728215134289,4.93986158434324,7.81780461249601e-07,7.95234589638005e-06,Fam131a,6.106915187929761,DEG
Cobll1,142.2562966994833,1.8091195698423228,0.2058936344695046,8.78667072201436,1.5405748963767035e-18,7.013317388676919e-17,Cobll1,17.812317183233155,DEG
Nfe2l3,67.30334062634516,1.8084088899529307,0.32247997874849854,5.607817567376191,2.048938299949841e-08,2.743040278546577e-07,Nfe2l3,7.688471119390298,DEG
Comp,18.960204178786086,1.8081369816553523,0.45763999023713864,3.9510030159698606,7.782434358250256e-05,0.000512940103918219,Comp,4.108884533731849,DEG
Zdhhc1,90.84353587240011,1.8043401113151893,0.19990846500461038,9.025831453778494,1.7833589620570492e-19,9.050546732439524e-18,Zdhhc1,18.748761231390034,DEG
Kctd19,23.175011987310004,1.803503225869916,0.5601816114424331,3.2194973719790743,0.0012841553781329997,0.0060437632109245085,Kctd19,2.8913824250341467,DEG
Paqr7,55.087074100178505,1.8028945361444924,0.38292665674110044,4.7081980436881485,2.4991623215366434e-06,2.268172227401915e-05,Paqr7,5.602205535366844,DEG
Opcml,10.499645795169897,1.799032777671675,0.8700493171175533,2.067736555017152,0.038664802521174546,0.10344238587362109,Opcml,1.4126842036207623,DEG
Napsa,27.87204962806822,1.7982411698036374,0.6993747728011193,2.571212516861831,0.01013431166041359,0.03492326280482729,Napsa,1.9942057439848995,DEG
Fgd5,141.6809643611139,1.795921751896527,0.24116076544584863,7.446989764592497,9.549402507031869e-14,2.5811931178653802e-12,Fgd5,13.02002380077403,DEG
Atxn1,37.872967906152674,1.7953950665647649,0.3621809369393105,4.957177154979897,7.152475472983665e-07,7.319513737630505e-06,Atxn1,6.145543622787448,DEG
Pdlim2,166.55236499862482,1.7946252787374177,0.2421541838909404,7.4110851602946815,1.2527010598194516e-13,3.3272676747727863e-12,Pdlim2,12.902152555151465,DEG
Nphp3,279.1990888576829,1.7939211990269408,0.24064386605095764,7.454672452141657,9.009136653708741e-14,2.4451263927541842e-12,Nphp3,13.045316825502098,DEG
Mmp17,88.63196464156243,1.7930682207447761,0.28945210087244333,6.1946975521692655,5.839705526103066e-10,9.85369819646263e-09,Mmp17,9.233609052136385,DEG
Arhgef16,227.63265002725208,1.78618309630495,0.19392132188465283,9.210864895853986,3.2350761562827293e-20,1.7584318320516015e-18,Arhgef16,19.49011549123514,DEG
Klhl6,40.82238348215761,1.7857610419190186,0.5153720671523581,3.4649938476217397,0.0005302436095801121,0.002807736590094956,Klhl6,3.2755245568346316,DEG
Fbxo41,14.20033150042489,1.784228806475435,0.6670234388178159,2.674911708706478,0.007474893290122172,0.02711130849839389,Fbxo41,2.1263950028486027,DEG
Gamt,42.91218802198604,1.7825585494693146,0.24182354595111638,7.37131920904696,1.689477668091236e-13,4.399276011650137e-12,Gamt,12.772247544456617,DEG
Arc,196.90919875713925,1.782201353068784,0.26473107872291723,6.732119861658322,1.6720880388992587e-11,3.436417298126224e-10,Arc,10.776740859790811,DEG
Six2,19.467651792587453,1.7777724783287103,0.5465101902509435,3.252953943113856,0.001142120074656455,0.005476340507403112,Six2,2.942288234952351,DEG
Crabp1,817.0905028428399,1.7745689914950584,0.16723126388999865,10.611466721093098,2.635785379743341e-26,2.2504855941894433e-24,Crabp1,25.57908995530255,DEG
Slc44a5,89.86097099866939,1.773649194494273,0.45503390090225493,3.8978396795874506,9.705463225485985e-05,0.0006246537865021617,Slc44a5,4.012983731633531,DEG
C1qtnf12,60.48003944084187,1.7727964250340134,0.2630753743447484,6.738739532157211,1.5976650661307833e-11,3.300513896739959e-10,C1qtnf12,10.796514260802514,DEG
Car3,470.0057741123051,1.7725507784698842,0.20506625268332818,8.643795628367632,5.4375779505743516e-18,2.3932561006355343e-16,Car3,17.264594504150107,DEG
Crocc2,59.552400911341046,1.7697843591974876,0.3811466330512186,4.643316261328913,3.4286090639944375e-06,3.019422254055128e-05,Crocc2,5.464882031078992,DEG
Fam110c,30.759132230247797,1.7691057509718682,0.5176697035444763,3.4174411576702846,0.0006321275703816587,0.00326552736566417,Fam110c,3.1991952674107322,DEG
Atoh8,92.88526164689581,1.7675293454859253,0.25763636958891595,6.860558345493656,6.8591921214037806e-12,1.4848396960087793e-10,Atoh8,11.163727032671911,DEG
Frmd3,16.618839397817364,1.766807800061661,0.7789438339827117,2.268209494679528,0.02331644103343,0.06885220096764975,Frmd3,1.632337738539868,DEG
Tgfb1i1,148.03737606343705,1.7662762870734974,0.18267067569302914,9.669183520411645,4.076170078592635e-22,2.5825263548892318e-20,Tgfb1i1,21.38974770330809,DEG
Ripply2,79.70547779117055,1.7641921762567327,0.7352353928288814,2.3994929970235135,0.01641779385659901,0.05160895634447731,Ripply2,1.7846852016791805,DEG
Dennd1c,69.21122761666247,1.7627513167100204,0.2638333234748755,6.681306566938975,2.3682122032346523e-11,4.787928208450221e-10,Dennd1c,10.625579385325471,DEG
Anxa2,661.0655818523489,1.7618115327905957,0.21219857404407014,8.302654910511777,1.0181027210150007e-16,3.987034553518194e-15,Anxa2,15.992208401842676,DEG
Grik3,531.4747217776605,1.7607486310728728,0.2531396103620764,6.955642495279181,3.5095883494583926e-12,7.898161835308288e-11,Grik3,11.454743820298555,DEG
Rpl30-ps10,18.761593830079295,1.7601602179291274,0.6552108396794858,2.686402775006222,0.0072225964766254635,0.026354793526409938,Rpl30-ps10,2.141306648308794,DEG
Prr5,314.33819070838183,1.7597929628357072,0.21957486456055675,8.014546502659336,1.1054413049473783e-15,3.7916636759695074e-14,Prr5,14.95646431198549,DEG
Ttyh1,142.43674205966772,1.7574032431927298,0.278373597472104,6.313110363740011,2.7348231766850156e-10,4.8404423733960586e-09,Ttyh1,9.563070748260166,DEG
Ly6g6e,23.641255494266566,1.7568114442133331,0.8204462975066299,2.141287552338716,0.0322508563131198,0.08955870121345692,Ly6g6e,1.4914587496449772,DEG
Tyro3,1132.5031218012434,1.7543919132749457,0.10486278054103666,16.7303585144625,7.87627652076511e-63,4.6085483854147387e-60,Tyro3,62.10367904503083,DEG
Echdc3,10.33863779946811,1.7535120356611462,0.623275786073554,2.813380649211055,0.004902358098970949,0.018992699517220657,Echdc3,2.309594968333466,DEG
Ak8,74.7308495597484,1.753439017193708,0.24232404260868207,7.235926729834463,4.623609074337053e-13,1.14548043492978e-11,Ak8,12.335018892588254,DEG
Sp5,1283.1577760294044,1.7530202033423359,0.4134933832470704,4.239536288528399,2.239819852767933e-05,0.00016661939156278286,Sp5,4.649786910279679,DEG
Hivep3,11.407854652301854,1.7526391169691296,0.5605511715849376,3.126635364999073,0.0017681908283127955,0.0079261803376419,Hivep3,2.752470866466054,DEG
Thy1,200.65278403069962,1.7521353381536702,0.32553992114824054,5.382244156027191,7.356289112133278e-08,8.96728036744972e-07,Thy1,7.133341210736738,DEG
Grb7,1076.9072541372043,1.7495559337637496,0.12194844150943848,14.346685468943354,1.1175191889612263e-46,3.318198021670841e-44,Grb7,45.9517450108462,DEG
Fam163a,16.15779640648655,1.7491421476649827,0.5651027224027576,3.09526406142199,0.0019663774767197414,0.00867770929943712,Fam163a,2.7063331089248464,DEG
Tmcc3,140.33918915540372,1.7476811081605612,0.255070125726279,6.851767149070346,7.29432215589677e-12,1.5738963662625853e-10,Tmcc3,11.13701505985434,DEG
Rab3b,71.23119232834233,1.747249832745246,0.2903828695741843,6.017055466486032,1.7761823476505116e-09,2.7977333035755567e-08,Rab3b,8.750512450430614,DEG
Slc35d2,141.7730231540716,1.7470923199274793,0.21038213190602018,8.304375966243764,1.0034543065229704e-16,3.937420113208673e-15,Slc35d2,15.998502398838424,DEG
Rnf32,87.63309037841805,1.7443785407826131,0.20516785031815027,8.502202163144153,1.86027475622164e-17,7.742323431019521e-16,Rnf32,16.730422907234484,DEG
Kcnh8,65.27989286045502,1.742688607591713,0.537787794250528,3.2404763109589703,0.0011933018682829376,0.005688844324855202,Kcnh8,2.9232496794259997,DEG
Nat1,18.177121598348798,1.7419852817738481,0.5496004095090259,3.169548733287907,0.001526758529118297,0.006989588323526615,Nat1,2.816229645172827,DEG
Tdrd5,524.6379019900368,1.740696703559608,0.1786980121086546,9.740996461120137,2.015680030138839e-22,1.3104555071758845e-20,Tdrd5,21.695578406836567,DEG
Gprc5c,1257.0221880673826,1.7406393346421578,0.14537334162564364,11.97357999188423,4.887337943277796e-33,6.525416177420703e-31,Gprc5c,32.31092762990443,DEG
Eno2,87.164744071831,1.7366787957226155,0.2849937511215118,6.093743420297498,1.1030040190977248e-09,1.7854484911253163e-08,Eno2,8.957422905085844,DEG
Hkdc1,13.952238756842283,1.7351341717243416,0.5625063295602662,3.084648261790699,0.002037930084017297,0.00893813341811992,Hkdc1,2.690810719567245,DEG
Chst3,47.59966420443969,1.7331643418640597,0.3868283669839441,4.4804478931504965,7.448656353418783e-06,6.1031124174181746e-05,Chst3,5.127922061603959,DEG
Vangl1,946.8441674405151,1.7329796962526514,0.14855335649660661,11.665705421420332,1.9081493580593641e-31,2.2867905620019873e-29,Vangl1,30.71938763443155,DEG
Dapp1,86.66088312412637,1.7317417180719312,0.3250635702320894,5.32739401353249,9.96318801159737e-08,1.1911518167230655e-06,Dapp1,7.0016016741957685,DEG
Pitpnm1,77.0875828989158,1.7304747067339767,0.25500221594504796,6.786116349306108,1.1519226516859206e-11,2.4306978638133056e-10,Pitpnm1,10.938576681567117,DEG
Mfap3l,279.77589250470646,1.7295462154834222,0.2551322161605694,6.779019292471159,1.2099437182244268e-11,2.5390949715566186e-10,Mfap3l,10.917234830867885,DEG
Gstt3,101.57790825360368,1.7289175989668695,0.2518256702615593,6.8655335938195865,6.62431732190031e-12,1.4386917991472136e-10,Gstt3,11.178858871898074,DEG
Osr1,11.359202512350613,1.7281207873385838,0.7923075479551784,2.1811237212097656,0.029174266756075807,0.08281861627359761,Osr1,1.5350000503740024,DEG
E030044B06Rik,15.468004256952282,1.7275289319237104,0.569328767453303,3.03432573704508,0.002410739835681037,0.01034095522262084,E030044B06Rik,2.6178496556634667,DEG
Frat2,23.84078327100431,1.7258517683491097,0.3799857139064625,4.541885931990449,5.5753207333315985e-06,4.6686039032377414e-05,Frat2,5.253730143757931,DEG
Pfkfb3,716.2446377807831,1.725566120089879,0.19983831524926643,8.63481118692134,5.8824117129718964e-18,2.5833266803060245e-16,Pfkfb3,17.230444582274654,DEG
Itgb2,26.678532814924377,1.7251157898395388,0.5448076590342076,3.166467580315756,0.0015430254479904964,0.007056726271585643,Itgb2,2.8116269113764423,DEG
Cyb561,288.68377199136484,1.724694639474316,0.17606644946765931,9.795702955838362,1.174773921388652e-22,7.816372037493593e-21,Cyb561,21.93004570287337,DEG
Tagln2,2583.058759888588,1.7226223882248493,0.12244574086278712,14.068454942464863,5.935197584075178e-45,1.6174632977752272e-42,Tagln2,44.22656481870683,DEG
Sox21,37.44526819875182,1.7224834262192372,0.6037943957531288,2.852764845673564,0.004334068020194839,0.017127568062453167,Sox21,2.36310427701171,DEG
Slc2a10,24.217631599215412,1.721617084592362,0.7025348890209664,2.450578770531327,0.01426267519215768,0.04606104207805528,Slc2a10,1.8457990079886235,DEG
Shank2,32.923245189250004,1.7213409517348233,0.3827058680000246,4.497816980780427,6.8654757194533535e-06,5.6696460756664593e-05,Shank2,5.163329364446824,DEG
Myo6,434.94664808613214,1.719872645402052,0.15641728159382706,10.995413216987696,4.0206767065034338e-28,3.808921066627586e-26,Myo6,27.395700846127692,DEG
Hbegf,138.5530125417368,1.7159967645653853,0.2576001757700185,6.661473577942745,2.7109554213609517e-11,5.447651227530786e-10,Hbegf,10.566877623849292,DEG
Id1,296.8337603543157,1.7156951179195334,0.2471375353303222,6.942268464506405,3.858530395774367e-12,8.634601090386419e-11,Id1,11.413578074223128,DEG
Clnk,15.803989391065343,1.7155695290412674,0.5371547874901209,3.1938085054725853,0.0014040922214155409,0.006512709408449701,Clnk,2.8526043666103718,DEG
Slc22a18,37.32000158051022,1.7154250794907848,0.33044590278413616,5.191243301967604,2.0889444064732299e-07,2.359878479408202e-06,Slc22a18,6.68007311783835,DEG
Dlgap1,41.355269257341995,1.7144905170707692,0.3239152963490074,5.2930211582952404,1.2031199421103472e-07,1.4076550279273508e-06,Dlgap1,6.919691074571974,DEG
Tcerg1l,12.401834666579719,1.7122588956582998,0.7884098517307377,2.171787797805297,0.029871672486903325,0.0844129335872805,Tcerg1l,1.52474046097475,DEG
Tec,100.88456144131138,1.7093311218135419,0.2579798760311783,6.625831239669872,3.452994885282117e-11,6.821636568798652e-10,Tec,10.461804064944898,DEG
Atp2b4,38.2579083440273,1.7042026907541354,0.3586491608467359,4.751726413441699,2.0168714861972768e-06,1.8749365115144217e-05,Atp2b4,5.695321773881193,DEG
Gm11549,31.944197676483615,1.7001429749387074,0.6567646653622843,2.588663892264781,0.009634908556524796,0.03350408509412765,Gm11549,2.016152402812902,DEG
Sox18,41.508536739498915,1.6987223988093987,0.3877884298680756,4.380539149626766,1.1838601899519144e-05,9.353341786697135e-05,Sox18,4.926699583354315,DEG
Bhmt2,40.17711949776206,1.6975699964817272,0.4257598022525401,3.9871542299214306,6.687055796545485e-05,0.00044731771357254835,Bhmt2,4.1747650530479365,DEG
Stard10,99.88868400404607,1.6973390282578493,0.2470290386598587,6.871010134945971,6.374886406820197e-12,1.3921184432193302e-10,Stard10,11.195527549455685,DEG
Sdsl,10.665241611030087,1.6958464138954736,0.8057702447726078,2.1046277458086693,0.03532372447538923,0.09633038721225406,Sdsl,1.4519335113846092,DEG
Clcn2,237.11922736832435,1.6944289257107235,0.22468814386048516,7.541247600331059,4.654963212393554e-14,1.3172949949837463e-12,Clcn2,13.332083746845392,DEG
Gad1os,18.538284831880652,1.6910834841069111,0.4160346286109718,4.064766170433904,4.808064079128775e-05,0.00033063127131070807,Gad1os,4.318029752938223,DEG
Tmem35a,32.06049653481854,1.6909552642123393,0.5774323830270984,2.928403937700501,0.0034070709551948593,0.013937953852076194,Tmem35a,2.467618821780315,DEG
Klhl32,214.45260461416987,1.6895777492246185,0.22389734790481824,7.54621600048108,4.4808665630876566e-14,1.2698341795735875e-12,Klhl32,13.348637988864812,DEG
Igsf11,18.932559094795078,1.687951059546307,0.5569456051183123,3.0307287534619016,0.002439643061211619,0.010448710238911509,Igsf11,2.612673709679993,DEG
Hydin,21.474551790953058,1.687428011267317,0.513434624696872,3.2865489199595026,0.001014231555011829,0.004936902998631105,Hydin,2.9938628817053927,DEG
Sema6d,151.13875974683117,1.686688971703004,0.6661925241068273,2.531834133029891,0.011346765178668937,0.038234292227870496,Sema6d,1.9451279327695152,DEG
Sptb,393.66585244574935,1.6824313296444378,0.2287453406368226,7.355040871917135,1.9086870602603692e-13,4.931353295690881e-12,Sptb,12.719265270738294,DEG
Rasgrp1,98.3925285537234,1.6767315006487722,0.2672846212712854,6.273206040339086,3.536883602327838e-10,6.139857101632636e-09,Rasgrp1,9.451379232438153,DEG
Jun,393.94313115654387,1.6743933188955742,0.3322732181712497,5.039206373932345,4.6746620668898776e-07,4.9309505386377114e-06,Jun,6.330249778971059,DEG
Nfkb1,315.52856541502206,1.6729537121672422,0.15464334383863065,10.818142382597202,2.8244393696033798e-27,2.565725882141079e-25,Nfkb1,26.5490677435438,DEG
Rln3,28.44793808683292,1.6645165241523234,0.6841596745212535,2.432935740208721,0.014976958632536709,0.047840657520180685,Rln3,1.8245763697613806,DEG
Atp8a1,315.96719910070306,1.662949644915429,0.2162295557491911,7.69066762937957,1.463692185225698e-14,4.445601882882448e-13,Atp8a1,13.834550245896237,DEG
Gbp2b,72.25749270650014,1.6590988556070327,0.6749882382439886,2.457967060171672,0.013972598934429521,0.045259834210463326,Gbp2b,1.8547228066342476,DEG
H2ac4,45.066170508707636,1.6588271163588444,0.5977041449587662,2.775331458464759,0.005514547369538094,0.02099644121906045,H2ac4,2.2584901283695924,DEG
Sorcs2,141.05500049320176,1.6546603954707284,0.1996777068299011,8.286655639932201,1.1647724378181742e-16,4.499414151059176e-15,Sorcs2,15.933758914683768,DEG
H2-Oa,10.111529598304276,1.653513497231335,0.4665774986815978,3.543920360290943,0.0003942243081193922,0.002158738889547808,H2-Oa,3.404256600359369,DEG
Cass4,108.22253077890734,1.6518695369793084,0.307519360232863,5.371595257379771,7.80431229293451e-08,9.461242459210186e-07,Cass4,7.107665360448128,DEG
Vegfa,57.75159993120638,1.6511088703179937,0.4215564400995613,3.916697061793297,8.977043890822028e-05,0.0005828632870888167,Vegfa,4.046866651446251,DEG
Tubb4a,465.4018227275158,1.6482228294581187,0.1492271144829011,11.045062656136643,2.3160603094874276e-28,2.2586129312226904e-26,Tubb4a,27.635250135904627,DEG
Nos3,18.090304650727347,1.6480518596946343,0.5459503666790472,3.018684408473874,0.002538748417014987,0.010812644189273423,Nos3,2.595380334382556,DEG
Ptpn18,20.321350487516476,1.6475391278684284,0.5452301243532517,3.021731658394202,0.0025133324320745047,0.010711275793421208,Ptpn18,2.599750064584029,DEG
Vil1,12.432319995322704,1.647536317065756,0.593606632936425,2.7754681731162636,0.005512229421097049,0.02099402389346621,Vil1,2.258672715221802,DEG
Fggy,480.06272177427854,1.6452456956664114,0.12688507866209062,12.966423735669405,1.896755539053815e-38,3.8504137442792445e-36,Fggy,37.721988639001346,DEG
Rasal1,64.6858484512885,1.6415131131450023,0.4159493274487588,3.946425693757665,7.932652494666287e-05,0.0005218657034685553,Rasal1,4.100581570415005,DEG
Gm50399,16.312485186973806,1.6391627660143557,0.5943762589399983,2.7577864044193388,0.005819420948642126,0.021980550664949014,Gm50399,2.235120226917213,DEG
Ccdc189,87.84618895123842,1.6376936396008004,0.2086421004567259,7.849296168011266,4.183785510999482e-15,1.3338498230099952e-13,Ccdc189,14.37843058842785,DEG
Iqcg,130.45614583226728,1.637075257067107,0.17631483111654958,9.284954911053111,1.61775657285254e-20,9.091426344725545e-19,Iqcg,19.7910868269885,DEG
Stx7,1505.6197969140162,1.6365671463939568,0.1002693646603821,16.32170655451045,6.917446510461632e-60,3.7193427264628026e-57,Stx7,59.160054190380166,DEG
Cox4i2,11.277050044741518,1.6355462106601895,0.4603576624528126,3.5527728634859757,0.0003811934506029618,0.002097776626914335,Cox4i2,3.41885456971112,DEG
Igfbpl1,97.47283211520885,1.6301335784800297,0.22719579377282834,7.1750165415033615,7.229844397536244e-13,1.7476369920362827e-11,Igfbpl1,12.140871049596006,DEG
1700016H13Rik,12.147718712155335,1.629528923383326,0.7026385749193123,2.3191566497334044,0.020386544036494317,0.06183410688550357,1700016H13Rik,1.6906563903616891,DEG
Gm15541,10.97710304137673,1.6287044600275757,0.651120828193706,2.5013859018238045,0.012370829730260682,0.04101071265685819,Gm15541,1.9076011706062153,DEG
Creb5,41.98319966264499,1.627743157057568,0.4453641225710546,3.654859191756905,0.0002573231681096581,0.001487703314842644,Creb5,3.58952111029486,DEG
Lbh,340.0167958577161,1.6276403549202367,0.257104190124544,6.33066444437094,2.441076989443506e-10,4.359316483661499e-09,Lbh,9.612418523096862,DEG
Spa17,53.44905379544654,1.6266535727329123,0.23405416309787558,6.94990232689297,3.6553920502654e-12,8.19846329740472e-11,Spa17,11.437066037000001,DEG
Hapln1,87.5537745394262,1.6266293454421388,0.5041624203994042,3.226399429282137,0.001253582787089278,0.005916672827130271,Hapln1,2.901846979784095,DEG
Psmb8,48.01369372003193,1.6249306756564,0.4671860562228923,3.4781232316598785,0.0005049377308087148,0.0026902065390221135,Psmb8,3.2967621760072556,DEG
Emp3,52.795760346592026,1.6241488758250284,0.34367802127570896,4.725786274595915,2.292266466395429e-06,2.1005657192960194e-05,Emp3,5.639734898851847,DEG
Espn,174.09231342232835,1.623891167503861,0.21316976462904388,7.617830654031738,2.57974432984894e-14,7.547269661472767e-13,Espn,13.588423333431276,DEG
H2-K2,26.008081444845114,1.6221664423535973,0.4909207318216613,3.3043347677214987,0.000952020763607502,0.004672958566791919,H2-K2,3.021353579533776,DEG
Pcsk1,147.21958934874772,1.622064138893005,0.2639246457578577,6.145936595785739,7.949303535011747e-10,1.3167647337678908e-08,Pcsk1,9.099670919664423,DEG
Cd44,206.45702965681076,1.6193084694175042,0.23064934407079118,7.020650658865538,2.2083738721833474e-12,5.079004602683875e-11,Cd44,11.655927399746771,DEG
Tor3a,987.0725781432552,1.6174306060177912,0.12215314055983115,13.241007137475654,5.0862161173857215e-40,1.124279815991906e-37,Tor3a,39.29360519024879,DEG
Olig3,16.019159961706357,1.6152054457070426,0.773545185893731,2.0880557143418614,0.03679280922830145,0.0993807949948671,Olig3,1.4342370513704987,DEG
Hdac6,2356.1365069027033,1.6149187555443723,0.09634723619750904,16.761443496249704,4.67143346349298e-63,2.904171791335292e-60,Hdac6,62.330549832547604,DEG
Fgl2,15.350124520255184,1.6141897450649698,0.6021668336657786,2.680635423306783,0.007348252492474152,0.026754417109312003,Fgl2,2.1338159293661905,DEG
Trp73,375.6865478759427,1.613585516214278,0.23607587839602154,6.835029174422721,8.198834163631344e-12,1.7519614054917503e-10,Trp73,11.086247897896518,DEG
Kcnq3,70.59411182002135,1.6133278471850672,0.3611190702020698,4.467578647348379,7.910993083216259e-06,6.455344396944392e-05,Kcnq3,5.101768995201519,DEG
Panx2,12.032481398741881,1.612619114022749,0.7004515427881144,2.302256495294156,0.02132071166355241,0.0641394583146396,Panx2,1.671198303097835,DEG
Tmem63a,237.37946631225702,1.6122542214461375,0.21039031081784315,7.663158132990422,1.8141574518936915e-14,5.435368727104382e-13,Tmem63a,13.741325022942343,DEG
E230001N04Rik,14.75466443765603,1.6077537184020658,0.6292949017337246,2.5548494258775345,0.01062337422445344,0.036225815361891796,E230001N04Rik,1.9737375195715987,DEG
Stard8,62.01521060070059,1.6075027247392293,0.3961232581519624,4.058087203055753,4.9476294274692564e-05,0.0003385900922947141,Stard8,4.305602836050219,DEG
Pih1d2,71.00204901155958,1.6065710887909823,0.21518625872654848,7.465955764547955,8.269712712665386e-14,2.2475090806798525e-12,Pih1d2,13.082509577445194,DEG
Slc2a12,24.98985906939942,1.605352143850966,0.48098702388084874,3.337620484848356,0.0008449907790933452,0.0042120387269564035,Slc2a12,3.0731480302346013,DEG
Ppp1r3b,90.83346927359298,1.6030281734325933,0.2720701921792896,5.8919654541803865,3.816289709837913e-09,5.738568971089602e-08,Ppp1r3b,8.418358663682799,DEG
Cobl,607.8127607082207,1.6026181042030638,0.17547357514895462,9.13310225110901,6.656394436069129e-20,3.4763470756539324e-18,Cobl,19.176760951090408,DEG
1700003M07Rik,28.99763527762017,1.602395195186225,0.4552629067386725,3.519713931155,0.00043201247916305153,0.0023399009693628498,1700003M07Rik,3.3645037079226454,DEG
Ell3,21.878596430223357,1.6005535432131046,0.5960962481730143,2.685058911406788,0.007251702293920016,0.02644644645925661,Ell3,2.139560033418457,DEG
Tmem88,410.3601968476939,1.6002601333905113,0.16355323742766928,9.784337861842811,1.3145285183413092e-22,8.68811639331628e-21,Tmem88,21.88122998755388,DEG
Cdh20,14.979689327475306,1.6000028659927872,0.6971129772040238,2.295184451177582,0.021722555887332216,0.06506301216841119,Cdh20,1.66308907675998,DEG
Rnf43,63.062891293532054,1.598524816600331,0.3402483702646462,4.698111604052632,2.6257794748185796e-06,2.3744207669109467e-05,Rnf43,5.580741750786914,DEG
Dnah1,67.58911269034733,1.5983738462566388,0.2821351947427845,5.66527634992095,1.4678776929825481e-08,2.0139281947720562e-07,Dnah1,7.8333101293488605,DEG
1700013H16Rik,143.78192191856652,1.5955057333081042,0.2731661037707415,5.840789582909433,5.19539911292447e-09,7.616600586036803e-08,1700013H16Rik,8.284381084125506,DEG
Fam13a,98.96293611290724,1.5954305843291807,0.2708735610275817,5.889945767600131,3.8632237656656425e-09,5.8030021325356e-08,Fam13a,8.41305013591955,DEG
Capsl,124.28804525364663,1.5949769783869332,0.21720808239105874,7.343083005149672,2.0872898587407051e-13,5.385803430582048e-12,Capsl,12.680417236938114,DEG
Cyp2j9,17.408414936916547,1.594769312332367,0.6847544269176136,2.3289653190139097,0.019860903044348406,0.06055368661521336,Cyp2j9,1.7020010086975752,DEG
Frmpd1,21.42539241392556,1.594074026384029,0.4857039058126417,3.2819872504771177,0.001030782656499656,0.005009388824574321,Frmpd1,2.986832897309591,DEG
Vasn,116.98911928565047,1.5929611132206785,0.2822558056993415,5.643678822739606,1.6645446496394326e-08,2.258830236011383e-07,Vasn,7.7787045508636075,DEG
Myo1d,150.98238301220744,1.592849482790752,0.20589855819739122,7.736088570682054,1.0252205292352641e-14,3.171965351260707e-13,Myo1d,13.989182705995082,DEG
Rabgap1l,337.6994099710408,1.592793220527118,0.19901798114386968,8.003262877919012,1.2116488717783519e-15,4.1488025224025015e-14,Rabgap1l,14.916623217746244,DEG
Slc16a1,8248.310393039286,1.5899665290104998,0.13625906818731537,11.668702495637007,1.8421127306429922e-31,2.2210297371764657e-29,Slc16a1,30.73468379607287,DEG
Gm20276,10.822287166379112,1.5886095796202582,0.7329711564139579,2.1673561991067816,0.030207704364923857,0.08519309195290548,Gm20276,1.519882277690238,DEG
Cdh1,7391.315231669957,1.588531607320624,0.1430571880814939,11.10417189533812,1.1972194120967882e-28,1.221409383807872e-26,Cdh1,27.92182624998573,DEG
Wnt3,380.0808639571891,1.588524868261844,0.27518714761996194,5.77252565027355,7.809205195743414e-09,1.116065575891663e-07,Wnt3,8.107393165439989,DEG
Cntnap2,319.72403729107435,1.5871233845295385,0.15299755889076172,10.373520963577754,3.2724032759920615e-25,2.583380586213733e-23,Cntnap2,24.485133181239764,DEG
Arhgap23,58.729369246342095,1.5862917814998663,0.34242717361032937,4.632493866579097,3.6128704231528417e-06,3.161416004560769e-05,Arhgap23,5.442147614274448,DEG
Prxl2a,457.9682438978774,1.585234409002631,0.1370428225331066,11.567438408674574,6.025484916355865e-31,7.009999820232958e-29,Prxl2a,30.220007996384105,DEG
Rdh10,590.3063638794192,1.580442542069856,0.1768724383543197,8.935493606436491,4.053644436443434e-19,1.9621217133480702e-17,Rdh10,18.392154347913063,DEG
Irx5,38.6976768586559,1.5803202448469142,0.31018065174258463,5.0948382369071945,3.490391538149635e-07,3.786142271534833e-06,Irx5,6.457125852891789,DEG
Oas3,91.48902239655001,1.5799073509067534,0.3954122629218273,3.995595228211473,6.453191058150601e-05,0.00043298409076171355,Oas3,4.190225476645208,DEG
Rgs2,121.41054346864719,1.576613499459869,0.21656203106827654,7.280193539387349,3.3334160448481166e-13,8.394301113444106e-12,Rgs2,12.477110478507022,DEG
Tmc7,451.4013835359729,1.5740011251061217,0.1777725657732559,8.85401590655848,8.442534805503489e-19,3.9333908061050684e-17,Tmc7,18.07352714025051,DEG
Pcp4l1,15.36414946499533,1.573588999332606,0.5010119031538033,3.1408215841321785,0.0016847463217233747,0.007608704500423341,Pcp4l1,2.773465483142629,DEG
Esyt3,84.30152332020057,1.5734998510033527,0.30534370241336783,5.153208789199726,2.560665907088355e-07,2.8348295801678206e-06,Esyt3,6.591647080716612,DEG
Mmp14,191.35643159915665,1.571090690133265,0.22849908926882442,6.875697820768597,6.168713806590539e-12,1.3485757414100242e-10,Mmp14,11.209805378094758,DEG
Adrb2,117.81085464047428,1.5703083577185335,0.2573464781714935,6.1019228585366285,1.0479995563004173e-09,1.7047345194636552e-08,Adrb2,8.979638901222827,DEG
Fah,639.0042733870322,1.5701894636135838,0.14248971244424008,11.019668975948278,3.0718665002015193e-28,2.9665879686897584e-26,Fah,27.512597662171004,DEG
Rimbp2,43.73734962458406,1.56953930767604,0.4099622355860346,3.828497289347659,0.0001289280507923892,0.0008023303544815239,Rimbp2,3.8896525831973845,DEG
Cnn1,157.7496694726206,1.568424406504904,0.28457819142613683,5.511400570243604,3.559895114588961e-08,4.58088961252476e-07,Cnn1,7.448562797483945,DEG
Angpt2,32.007773955907275,1.5672280368552727,0.4494057455270494,3.487334224036845,0.0004878612663522227,0.0026090086109707305,Angpt2,3.3117036612426385,DEG
Vsir,45.03142910194296,1.5667941231123756,0.48667265505763807,3.219400364556779,0.0012845899346093689,0.006044378467152031,Vsir,2.891235485218333,DEG
Vldlr,614.7096435426799,1.5643399012329637,0.162574304746758,9.622307188517498,6.437083378934039e-22,4.0018542731410554e-20,Vldlr,21.191310865459126,DEG
Eppk1,22.11213624263776,1.5623093208049321,0.6954400689185979,2.2465046100008403,0.02467170459179054,0.07203094968433826,Eppk1,1.607800843650349,DEG
Asah2,13.279781479550849,1.5600262347370495,0.7615309167557676,2.0485395936162227,0.040507156653603264,0.10724934829990286,Asah2,1.392468240474485,DEG
Trabd2b,24.4929122140932,1.5595252423024843,0.6074071563600356,2.5675121308219957,0.010243120534671702,0.035200663312620284,Trabd2b,1.98956771674553,DEG
B230311B06Rik,25.704477542503298,1.5593564350204498,0.49011995171817074,3.181581222217031,0.0014647344511314621,0.006754619186557558,B230311B06Rik,2.83424110354311,DEG
Kcnip3,131.8054694538082,1.5581545642734291,0.2628218818964921,5.928557215365659,3.056079304099866e-09,4.619881586304159e-08,Kcnip3,8.514835380172888,DEG
Tcta,136.4392439693401,1.5580753711018736,0.21402876113779343,7.279747650825173,3.3444518294175136e-13,8.411444335579268e-12,Tcta,12.475675054867223,DEG
Klhdc8b,148.97549383302476,1.554583970423753,0.19870154453296862,7.823713570408688,5.128742940145558e-15,1.6298915663139894e-13,Klhdc8b,14.28998906784281,DEG
Mctp2,130.94509521052566,1.55432681879137,0.2740204637251685,5.672301979425512,1.4089133474667087e-08,1.9410610896470014e-07,Mctp2,7.8511157165246335,DEG
Ppm1e,64.10626500395068,1.5532999734588204,0.4310835425706126,3.603245821439323,0.0003142680560700982,0.0017721226495063871,Ppm1e,3.5026997608135697,DEG
Epcam,6124.716724824115,1.552920406194535,0.11134389396797888,13.947063919294358,3.278255267631735e-44,8.695681372568764e-42,Epcam,43.48435723227634,DEG
Gmfg,120.589469717068,1.551850462591984,0.2828702688999205,5.486085436363157,4.109382053164231e-08,5.223772943491963e-07,Gmfg,7.386223480089371,DEG
Srrm4,38.44575422484975,1.5506519403597607,0.36666153485718656,4.229109936398795,2.3461768297025634e-05,0.0001739003049556736,Srrm4,4.629639258516333,DEG
Dsp,554.0387168111328,1.5487304921735594,0.16630235313031555,9.312739495393457,1.2457692551333488e-20,7.101241708201387e-19,Dsp,19.904562391466932,DEG
Dnajc22,137.6494851648451,1.5474720844736916,0.1951032286952072,7.931555488972315,2.1641785997342176e-15,7.151855326098425e-14,Dnajc22,14.664706901754741,DEG
Rbm20,77.2973657520944,1.5473870312591989,0.29375940507493176,5.267531879922256,1.382701545655283e-07,1.6067444246066706e-06,Rbm20,6.8592715516787175,DEG
Nova2,24.250460624568753,1.5467450502050646,0.5612579459312219,2.7558541690465566,0.005853909018510878,0.022098228845209754,Nova2,2.2325540316572208,DEG
Hdac11,186.2319837939157,1.5448966040156145,0.14404835253520254,10.724847433698159,7.78153829869454e-27,6.880263240632408e-25,Hdac11,26.10893454072293,DEG
Parm1,116.1001102075356,1.5422674638544818,0.25846878376693067,5.9669389911518,2.4174574609445512e-09,3.7178417464686154e-08,Parm1,8.616641159288225,DEG
Emp1,87.2904755950095,1.5409878540317379,0.32438018846034455,4.750560943151198,2.028531460636994e-06,1.884015167036058e-05,Emp1,5.6928182524037805,DEG
Tuft1,135.44838060685709,1.540899520604022,0.21338610729041196,7.221180142280326,5.15383251956885e-13,1.2689399027760235e-11,Tuft1,12.287869698514816,DEG
Trpv4,17.73440418218283,1.5372687972743386,0.47010709186008864,3.2700395801130657,0.0010753243718114077,0.0051930161498703956,Trpv4,2.968460510968399,DEG
Parvb,169.37728648208113,1.5360652280664064,0.2465110166542355,6.231223451651828,4.6280641223769407e-10,7.916505823005433e-09,Parvb,9.334600632477082,DEG
Bst2,1521.0656229436984,1.5357752103900275,0.18026627899646605,8.519481396851459,1.6026934940852992e-17,6.72657898129387e-16,Bst2,16.795149526027167,DEG
Gpr157,40.679459713404796,1.535093655435651,0.38707995957106184,3.9658308767437793,7.314071175435755e-05,0.0004863172859763333,Gpr157,4.135840817726633,DEG
CT010467.2,3474.1444870702057,1.5327907642037424,0.5675381367370279,2.7007713931195605,0.006917887063789199,0.025429498382672267,CT010467.2,2.1600265322282075,DEG
Col22a1,69.25490511634028,1.5324477634714733,0.3087341697026365,4.963648063145978,6.918125567540811e-07,7.112619640344026e-06,Col22a1,6.160011559581679,DEG
n-R5-8s1,28.24279071025973,1.5314877596679557,0.6461358664189333,2.370225581433657,0.01777723517956498,0.05506444820672757,n-R5-8s1,1.7501357821524817,DEG
Cxcr4,190.94718344502255,1.5312118344927497,0.3240781747807763,4.724822446092037,2.3031649916375977e-06,2.1085671580137305e-05,Cxcr4,5.637674949403925,DEG
Card19,432.2104602137204,1.5308559512242543,0.17973019521879954,8.517522330405441,1.6300293085853453e-17,6.826905908420392e-16,Card19,16.78780458673564,DEG
Gpx7,258.76650364625783,1.5291784347479025,0.15974678092615247,9.572514863099553,1.043362838610172e-21,6.406376639293444e-20,Gpx7,20.981564635577943,DEG
Casc1,15.336040627709494,1.5289861773789046,0.5547663140368613,2.756090517199845,0.005849680622073256,0.022086457827960784,Casc1,2.2328678446627093,DEG
Kcp,37.90419356353789,1.5286364274690605,0.3424924559607057,4.463270360747571,8.071809932803313e-06,6.570400442029015e-05,Kcp,5.093029072998419,DEG
Cdkl4,19.146054315963372,1.5280956614232117,0.5630232725360951,2.7140896939126904,0.006645816971615992,0.024556799702410172,Cdkl4,2.1774516235315424,DEG
Coro2a,99.91434456546773,1.5248120303805603,0.35568544306698374,4.286967769140339,1.811285614545806e-05,0.00013722228778209912,Coro2a,4.742013062087419,DEG
Col6a2,37.49831746677481,1.5242014390110308,0.36336522150783096,4.194681683310692,2.7325505390077708e-05,0.00019861658905013003,Col6a2,4.563431796950366,DEG
Adgrf5,20.716326374123174,1.523170786421193,0.6611499656263036,2.303820412330056,0.02123272679075225,0.06393277838280993,Adgrf5,1.672994228437299,DEG
Jph4,151.70625220935827,1.519353394872954,0.3258586738157813,4.66261455336277,3.1221719146022602e-06,2.7741173769136834e-05,Jph4,5.5055431872737435,DEG
Dmrt3,25.21165216025581,1.519121905620478,0.45042469475154095,3.3726434703107073,0.0007445028777813647,0.003772577751039855,Dmrt3,3.1281336191983713,DEG
Clstn2,24.804176983135005,1.5176264209372938,0.5120803828992055,2.9636488169007116,0.003040150212491069,0.012634319025029157,Clstn2,2.517104957560883,DEG
Fgr,30.195494844029792,1.5175330207817073,0.563232177349152,2.6943294112278267,0.007053042018578631,0.02582135037129247,Fgr,2.1516235288333396,DEG
Gm11992,29.82937535070347,1.5140755362240743,0.5334612776284651,2.838210756280175,0.00453672162876232,0.017801487195778617,Gm11992,2.3432578680342706,DEG
Fam167a,60.78250104044391,1.5135553863553957,0.36613957972773287,4.133820734379221,3.567818035582449e-05,0.00025331253390391593,Fam167a,4.447597303443235,DEG
Syt13,244.95286309189424,1.512329908620855,0.2271571108391178,6.657638420537715,2.7826230141380574e-11,5.580393371296624e-10,Syt13,10.555545627287794,DEG
Tmem100,165.90913445424917,1.5118535160202318,0.26423561726393036,5.72161138485023,1.055184447097696e-08,1.4835222184142446e-07,Tmem100,7.976671618702619,DEG
Gm13688,10.08146498817955,1.5115695013592632,0.6080292456600861,2.486014467475622,0.012918271374921278,0.04242960058323987,Gm13688,1.88879559644615,DEG
Smim1,67.86178244420562,1.5080055627430504,0.297386340101209,5.070863585159404,3.9601456557787483e-07,4.247069416499322e-06,Smim1,6.4022888402518525,DEG
Gbp2,96.61584733868692,1.5061177590281205,0.4763012123398966,3.1621119577443557,0.0015662933248813636,0.007148391696533574,Gbp2,2.8051269029113297,DEG
Spata17,10.539931600947721,1.5058751990208306,0.6521918324044372,2.308945197104227,0.0209466225103947,0.06328202099040124,Spata17,1.6788859938599445,DEG
Susd4,451.64659904241233,1.505716796227148,0.12759177199936492,11.801049335960652,3.854743401011131e-32,4.884475491701621e-30,Susd4,31.414004526363723,DEG
Prdm1,217.76214470412935,1.5045115015202128,0.35999639367293074,4.179240481189692,2.9248427557986332e-05,0.00021105122155915128,Prdm1,4.533897477316716,DEG
Ppp1r1b,11.119163662839702,1.5042102026010906,0.5462103871721627,2.753902594911603,0.005888929175787393,0.022213567884549562,Ppp1r1b,2.2299636687656905,DEG
Ripk2,354.66813194321156,1.503441994471694,0.16593650447372923,9.06034509549233,1.3003848392420448e-19,6.66748865770135e-18,Ripk2,18.885928102442524,DEG
Gbp4,38.9366439559508,1.5028024791487447,0.5259963978614083,2.8570584993715284,0.004275870244347845,0.0169180912173938,Gbp4,2.3689754823731635,DEG
Tmem220,68.63004619665811,1.5018006481607706,0.2754225117574074,5.452715678824247,4.960634989482234e-08,6.242053920351649e-07,Tmem220,7.304462727788587,DEG
Thsd4,176.68681914671762,1.5015284347447562,0.3696954954437772,4.061527536174989,4.875266645070373e-05,0.0003343280063324026,Thsd4,4.312001626259637,DEG
Scn1b,34.45376684412388,1.500064734019558,0.4532651850308179,3.309463827268285,0.0009347484361253998,0.0046029419277917585,Scn1b,3.0293052527666045,DEG
Zfp296,153.73826038624142,-1.5009816222136694,0.21951383048995382,-6.837754226526345,8.044425040730075e-12,1.7208149651643452e-10,Zfp296,11.0945049907895,DEG
Gm42462,11.685025442652835,-1.5072783941282857,0.6160466692939501,-2.4466951438204743,0.014417272701893151,0.046425578363784775,Gm42462,1.8411168868108883,DEG
Tspan11,12.79752646108,-1.5082380008582337,0.5787829433479504,-2.6058784526957237,0.009163897456050386,0.032118847073760816,Tspan11,2.0379197792077206,DEG
Pygo1,75.45029700683743,-1.5117730161475873,0.4142133027751904,-3.6497452061989546,0.0002625005564564232,0.0015128001361946937,Pygo1,3.5808697716267943,DEG
Gm21060,26.107514692144072,-1.5123145786479926,0.6154385035210068,-2.4572960092614236,0.013998728759057751,0.04531988770263546,Gm21060,1.8539114013213143,DEG
Zfp711,145.22877213759978,-1.5125083181338181,0.20949658762024992,-7.219727706856545,5.20917737245148e-13,1.2796595936281009e-11,Zfp711,12.2832308545916,DEG
Elk3,139.61246022236767,-1.512740444419691,0.251279489641661,-6.0201508948340585,1.7425454798887304e-09,2.7469254973776864e-08,Elk3,8.758815878132705,DEG
Serinc2,92.0800681403249,-1.5157577334089867,0.25809883358104474,-5.87278025389847,4.2854637202011805e-09,6.367066112746996e-08,Serinc2,8.368002177188137,DEG
Lrriq4,14.080833516485947,-1.516004975879313,0.594427451377848,-2.550361650299464,0.010761122537376152,0.03658892014331929,Lrriq4,1.9681424232458267,DEG
Gm24336,19.18491950633965,-1.5163390398020613,0.5978111568370701,-2.5364850128003393,0.01119715354283152,0.03782580617780443,Gm24336,1.950892366415247,DEG
Evx1os,410.73203020445425,-1.5166978343522122,0.4201221600763006,-3.6101352855958773,0.000306037343350145,0.0017306159490073296,Evx1os,3.514225576716509,DEG
Robo4,14.733794027846209,-1.5196584406760298,0.6445513479606686,-2.3576995773636353,0.018388567796821614,0.0567606156322683,Robo4,1.7354520946966168,DEG
Gm13241,17.677322396706483,-1.5207862844026983,0.6641968370468266,-2.289662039290141,0.02204091558452766,0.06585791148071392,Gm13241,1.6567703687563198,DEG
Gm14409,65.70623484943205,-1.5229869184310754,0.32353576804515133,-4.7073216282489465,2.5099273577117515e-06,2.2769035501284805e-05,Gm14409,5.6003388476828935,DEG
Filip1l,42.48765316573719,-1.5251052395986757,0.42344965589492095,-3.601621157007459,0.0003162389811426004,0.001782226144716967,Filip1l,3.49998459787094,DEG
Gm45203,10.357010999558604,-1.5301173282461848,0.7490750818670135,-2.042675514492462,0.04108457024975525,0.10845759561420264,Gm45203,1.3863212514464975,DEG
Dusp14,240.66647983836722,-1.5312668773512037,0.17042909269627896,-8.98477397917073,2.5926663292822014e-19,1.2862469814149655e-17,Dusp14,18.58625337242309,DEG
0610040F04Rik,15.171527658820152,-1.533339934159329,0.6696319959214522,-2.2898247746500897,0.022031476381609395,0.06583959608468339,0610040F04Rik,1.6569563987683418,DEG
Fut9,362.91227990301553,-1.5394688647568813,0.21281066492363349,-7.233983622528106,4.690283611550222e-13,1.1605535095544793e-11,Fut9,12.328800895620258,DEG
Cbs,309.3927779939071,-1.5404519126663347,0.24639707176071998,-6.25190835937487,4.054673027442497e-10,7.002054271522659e-09,Cbs,9.39204416194676,DEG
St3gal1,67.86282153607003,-1.5409277209084458,0.3214427188673281,-4.793786359007393,1.6366256411271522e-06,1.555615408723534e-05,St3gal1,5.786050648984926,DEG
Cpt1a,239.2327531381953,-1.5411481333674615,0.27506073822922134,-5.60293753041246,2.1074919622531248e-08,2.811968148696423e-07,Cpt1a,7.67623407305234,DEG
Gm47572,20.115922853046893,-1.5413179415498044,0.5091784606119336,-3.027068230061106,0.002469382129032487,0.010548827158035708,Gm47572,2.6074116991774647,DEG
Mpv17l,362.99230114474653,-1.5422561871981093,0.2294042946787997,-6.722874082882792,1.781745514798028e-11,3.6504681021001e-10,Mpv17l,10.749154325782541,DEG
Tbx4,26.627033682356807,-1.5426749327987226,0.45658389148903067,-3.378732718247431,0.0007282076952460484,0.003700373918065105,Tbx4,3.137744736023831,DEG
Foxd2,19.231575490385957,-1.543596325300376,0.639326639940167,-2.414409519122865,0.015760736937333146,0.04994331007188684,Foxd2,1.80242347971862,DEG
Gdf11,152.62404870408247,-1.551447077119151,0.23340239926265413,-6.647091383894752,2.9894144399700684e-11,5.965036195462844e-10,Gdf11,10.524413872008212,DEG
Nefl,958.3878091895172,-1.5529363599552817,0.15681824233432995,-9.902778763739018,4.048665038977947e-23,2.7966716071328915e-21,Nefl,22.392688152532912,DEG
Cttnbp2,165.359894207053,-1.5548534235658424,0.29552072203848695,-5.261402357305242,1.429608031999788e-07,1.6573789154198006e-06,Cttnbp2,6.844783020488851,DEG
Gbp7,23.95587359112051,-1.5550224976290525,0.711568471267201,-2.1853448549508965,0.02886357089490561,0.08204198876743138,Gbp7,1.5396499406015636,DEG
Ednrb,153.7551799303324,-1.5551955567964537,0.36574797245986745,-4.25209618070296,2.1177886401165505e-05,0.00015844786463512094,Ednrb,4.674117385593721,DEG
Gm43788,11.556497031741175,-1.5551996967196116,0.6480964421022608,-2.3996423922262826,0.01641109564039032,0.051601444076169595,Gm43788,1.784862423536086,DEG
Sox11,1263.5573965001636,-1.5566757219923655,0.12113013072860555,-12.851267579989063,8.461230721534133e-38,1.603121180706667e-35,Sox11,37.07256646241052,DEG
Ptprb,12.868662580801256,-1.5577359708863665,0.5495260189673962,-2.834690109511972,0.004587015677238942,0.01797755907860353,Ptprb,2.338469775558724,DEG
Gm28791,18.679938493597206,-1.5582475554554138,0.5867312198865712,-2.6558115584111226,0.007911781170254236,0.028446950045371004,Gm28791,2.1017257332745456,DEG
Ntrk1,15.53348804003682,-1.562828528333964,0.6052478536792725,-2.582129814808272,0.009819264204331523,0.03402027901096679,Ntrk1,2.007921054368953,DEG
Rassf5,33.41319457700037,-1.5632531896353752,0.4069995747094872,-3.8409209413823384,0.00012257358944317706,0.0007677830567955178,Rassf5,3.9116030958429056,DEG
Ncf2,13.807044949252443,-1.5671213657154794,0.5017329615771001,-3.1234172074115643,0.0017876415093114884,0.00799535525769846,Ncf2,2.747719569509761,DEG
Slc5a11,106.00065103768073,-1.5696075626005592,0.4165221035319229,-3.768365590423611,0.0001643199242641219,0.000998466882501662,Slc5a11,3.784309773915258,DEG
Dpysl4,88.16984550272836,-1.5709292025795205,0.2293565184919561,-6.849289538002015,7.421764879251992e-12,1.5996597021434357e-10,Dpysl4,11.129492808173826,DEG
Gm17096,13.098993575954646,-1.572899331730055,0.5073425374971036,-3.1002709520272282,0.001933436867242436,0.008555114109635458,Gm17096,2.7136700044318145,DEG
Fam181b,37.399063951970994,-1.5733996210879209,0.3374751558523688,-4.662268003444428,3.1274354954547483e-06,2.7775264144619593e-05,Fam181b,5.5048116390308515,DEG
Ets1,414.1901190143075,-1.5734381408805755,0.17599423737394415,-8.940282161269913,3.8817793940590145e-19,1.888120275437898e-17,Ets1,18.41096914969604,DEG
Gm26631,28.85372416023787,-1.5762362673931156,0.4389714188597958,-3.5907491915699272,0.0003297288140916004,0.0018503878780079827,Gm26631,3.481843099401603,DEG
Dppa4,967.6170192490371,-1.5769554032587652,0.13769598804512953,-11.452442628480371,2.2861132259650358e-30,2.5694879388332443e-28,Dppa4,29.640902263794594,DEG
Acot7,1127.658793969516,-1.580828690662924,0.12731296081396407,-12.416871625292796,2.116780350762178e-35,3.3688982638450214e-33,Acot7,34.67432420452239,DEG
Rps6kl1,79.96659800956361,-1.5811875556720367,0.2625829544234992,-6.0216686918750435,1.7262797494654758e-09,2.7277688114270195e-08,Rps6kl1,8.76288882402961,DEG
Gstm3,71.80874774617355,-1.581778391118636,0.3228671067493672,-4.899162404755362,9.62460672376856e-07,9.612044486076893e-06,Gstm3,6.016617007397296,DEG
3110053B16Rik,20.306185666711208,-1.585759861902123,0.47494286410842124,-3.3388434309439825,0.0008412796690448705,0.004195642450734183,3110053B16Rik,3.075059606422931,DEG
F3,166.84378625782045,-1.5859671503397808,0.2420322501368376,-6.552710018781066,5.650217121451475e-11,1.0902562503797832e-09,F3,10.247934863182948,DEG
Lix1,96.78474532202301,-1.5860550125606077,0.39448952438444235,-4.020525044449463,5.806857526222471e-05,0.0003931981743589852,Lix1,4.236058829440149,DEG
Trim2,773.0273703836114,-1.5862913921476343,0.15794185833713928,-10.043514802526706,9.811448106707778e-24,7.046532441691138e-22,Trim2,23.008266888813836,DEG
Gm43984,22.50341984011756,-1.589703222293676,0.4192301622718387,-3.7919581302999736,0.0001494641174329348,0.000916596532740692,Gm43984,3.8254630579839537,DEG
Eaf2,32.63678070822721,-1.5898736177270623,0.429867478531404,-3.69852035133873,0.0002168599648884782,0.0012760166049959733,Eaf2,3.6638206168786187,DEG
Bcl2l14,44.55104280590866,-1.5935311720141865,0.36605123395413436,-4.3533009158326,1.3410287700216813e-05,0.00010433487035905877,Bcl2l14,4.872561904827275,DEG
Gm13212,47.54774749981431,-1.5974395709899576,0.36143009095100087,-4.419774697747905,9.880385602560345e-06,7.900337265970076e-05,Gm13212,5.005226105837849,DEG
Hoxd3,34.041703543282054,-1.5988645970861954,0.25579284662280954,-6.250622791824474,4.088191672248993e-10,7.053814841953292e-09,Hoxd3,9.38846875077729,DEG
Gm10522,18.0736622271549,-1.6023375711697032,0.6344385687549653,-2.5255992464552746,0.011550115253960104,0.03873322256795956,Gm10522,1.9374136821000485,DEG
Psd2,38.381970901968344,-1.6032754650180512,0.4261220047533621,-3.7624798699283817,0.00016823685331681355,0.0010200865467493718,Psd2,3.7740788632409243,DEG
S1pr3,479.07612937122786,-1.6096124492508286,0.20189348628765863,-7.972582369286775,1.5539259811564712e-15,5.248523509189616e-14,S1pr3,14.80856967198356,DEG
Gm46339,106.07546276698812,-1.6128833064975758,0.2398268137252419,-6.725200078525744,1.753513249410406e-11,3.600040514321013e-10,Gm46339,10.756090948274586,DEG
Tdgf1-ps1,100.03298169962677,-1.6134872325946208,0.39813671749972074,-4.0525959090817905,5.0652448151895275e-05,0.00034640075748841684,Tdgf1-ps1,4.2953995593231555,DEG
Cyp1b1,30.612116332957,-1.6160385603283396,0.8044395881295012,-2.008899840553576,0.044547756848998345,0.11553031870081777,Cyp1b1,1.351174159475114,DEG
Insrr,30.550710973042825,-1.6167309345224516,0.41855088598705176,-3.8626866855383186,0.00011214680331567972,0.0007105308682905055,Insrr,3.9502131012352435,DEG
Phactr2,299.75910159787725,-1.6171277511671962,0.20974631777419345,-7.709922006393205,1.2589465255187267e-14,3.8590881631231973e-13,Phactr2,13.899992716409495,DEG
Kyat3,243.0974910067139,-1.6200270622758326,0.18216361550484497,-8.893252682683745,5.934565641931473e-19,2.8312289899420794e-17,Kyat3,18.226611062086903,DEG
Olfm2,96.6480642538284,-1.6201393543221503,0.2840686754517409,-5.70333688410283,1.1748446189092916e-08,1.6424707553465528e-07,Olfm2,7.930019567956081,DEG
Cpsf4l,95.76083266296006,-1.621133022573323,0.31893637033080974,-5.082935573926042,3.71645786705721e-07,4.005157790207808e-06,Cpsf4l,6.429870786366556,DEG
Angptl4,142.99079686178675,-1.6240012072171448,0.2538845239026523,-6.3966136346295785,1.588606193742055e-10,2.918165431053042e-09,Angptl4,9.798983748532974,DEG
Gm50105,12.031941055540416,-1.6259698232375563,0.6846203525404873,-2.3749948671609196,0.017549194227647374,0.05446547113335676,Gm50105,1.755742819398733,DEG
Zfp979,1392.9560997529534,-1.627619068824237,0.18332207244616566,-8.878467535883892,6.778777534726036e-19,3.218544159327918e-17,Zfp979,18.168848618491538,DEG
Kynu,23.424872594490328,-1.628177589167354,0.5377728331666095,-3.027630792689972,0.0024647902528675157,0.010542764930972257,Kynu,2.608220032126292,DEG
Gas7,111.01956930748781,-1.6311079601652818,0.33278624120686023,-4.901368380645832,9.517140296245501e-07,9.50949216742883e-06,Gas7,6.021493528520194,DEG
Prkg2,19.387780532676732,-1.6377786102240492,0.41347755923930973,-3.960985484283917,7.464107067109841e-05,0.0004948048850152722,Prkg2,4.127022139582898,DEG
Piwil2,79.63715099838325,-1.639035162654053,0.334664463287178,-4.897547670747416,9.704009711832222e-07,9.68648114436479e-06,Piwil2,6.013048777496694,DEG
Iigp1,25.99736881795886,-1.6395614808228038,0.7245187975640413,-2.2629661043099167,0.023637778840526532,0.06960479163017093,Iigp1,1.6263933350083428,DEG
Fbln5,13.773161052987248,-1.6439336098151467,0.7501166994905482,-2.191570472876615,0.02841053594479231,0.08097774212742422,Fbln5,1.5465205735396306,DEG
Dppa3,166.94585477595578,-1.6451606621465513,0.3719775033105309,-4.422742363462644,9.745592880895061e-06,7.805105667170948e-05,Dppa3,5.0111917350924,DEG
Nfatc2ip,248.93270229414216,-1.64652717109805,0.20743582179494155,-7.937525721693848,2.062542817997754e-15,6.86157639151293e-14,Nfatc2ip,14.685597026813369,DEG
Dync1i1,12.163665690623716,-1.6540249310146518,0.6789779554431536,-2.43605100541903,0.014848590622680508,0.04751453463850829,Dync1i1,1.8283147661339978,DEG
1700019A02Rik,13.396976616140293,-1.6541301439970004,0.7721905740397762,-2.1421268267278726,0.03218327769683395,0.08945802102123877,1700019A02Rik,1.4923697273855714,DEG
Hsf2bp,556.016743226222,-1.663254269411805,0.22101578935235883,-7.52549975857213,5.2519051141393283e-14,1.4736445746218306e-12,Hsf2bp,13.27968312888453,DEG
Bmerb1,832.1107167210661,-1.6659509931128056,0.21846910415636983,-7.625567924334037,2.4296233841074104e-14,7.150137219442726e-13,Bmerb1,13.614461041167194,DEG
Gm14058,20.359345378037776,-1.6753604977268168,0.5103346562161375,-3.282866404074401,0.0010275735079671637,0.004996956090808789,Gm14058,2.9881871008751197,DEG
Zfp951,57.45253421263612,-1.6761098512546673,0.4531139743151748,-3.6990910593474813,0.00021637296690316156,0.0012735277525359457,Zfp951,3.6647969998416166,DEG
Mobp,30.85595075503937,-1.6847905772482867,0.5452481868446638,-3.0899517282177924,0.002001890281804908,0.008807077679395587,Mobp,2.6985597287110723,DEG
Ism1,74.79841164706075,-1.6882146089489594,0.36700906770204816,-4.599926153103977,4.22640740031736e-06,3.647728799215339e-05,Ism1,5.37402864188335,DEG
Sema3c,358.3585572471996,-1.6883237720997684,0.2528218205568595,-6.6779195260168045,2.4235804878448404e-11,4.889930043122237e-10,Sema3c,10.615542552649938,DEG
Gprc5a,69.11820668734238,-1.6889568510339947,0.37462835014208773,-4.508353012774962,6.533280725944404e-06,5.4132897443539346e-05,Gprc5a,5.184868680382172,DEG
Kirrel2,75.87738983391495,-1.6937223456475445,0.37969035711777965,-4.460798948133816,8.165466755989259e-06,6.641201784286603e-05,Kirrel2,5.088018984992621,DEG
Cnpy1,440.7340987877266,-1.6979461341880502,0.2575077260213456,-6.593767730476958,4.2880239583007876e-11,8.363328296709398e-10,Cnpy1,10.36774279679272,DEG
Tmem151b,59.65916275318089,-1.699615530296965,0.371341961609044,-4.576955221899628,4.717923965029942e-06,4.0213530145803636e-05,Tmem151b,5.326249062567426,DEG
Mme,299.0431973336323,-1.7000908841321893,0.2742786501868571,-6.198407652123025,5.703725532613599e-10,9.648802359338005e-09,Mme,9.24384138121708,DEG
Aim2,120.92207477185777,-1.7052939553865858,0.31475240685022604,-5.417890120211359,6.030645781783727e-08,7.484321096868712e-07,Aim2,7.219636179659454,DEG
Tmprss13,14.404349611851316,-1.7077197335990733,0.6074103923860016,-2.8114759888958876,0.004931477135201665,0.01908883307805865,Tmprss13,2.3070229761424703,DEG
Stk31,168.52913436179105,-1.713506105052942,0.24261200211613015,-7.062742527604816,1.6324804161856074e-12,3.8162826556517594e-11,Stk31,11.787152019972362,DEG
Prss35,15.589979300542113,-1.71737182499463,0.773419049618689,-2.2204933093402968,0.026385299354553762,0.07609584594947703,Prss35,1.5786379741685583,DEG
Fbxo15,714.7282698000059,-1.7187748632056763,0.1995158021815653,-8.614730484563525,7.010631524991715e-18,3.0451856672092834e-16,Fbxo15,17.15424285857178,DEG
Fcrl6,10.234917156307064,-1.7231786208963182,0.7059518052584147,-2.440929547967578,0.014649512378598557,0.04702878800384697,Fcrl6,1.8341768309281898,DEG
Crabp2,1857.3684936033121,-1.7256733457011182,0.2032960060617676,-8.488476380479435,2.0936377563259267e-17,8.67725615090583e-16,Crabp2,16.67909845830085,DEG
Morc4,306.84747375960006,-1.7284029068315294,0.18127810867231728,-9.534537399415571,1.5055529410321486e-21,9.048782540451228e-20,Morc4,20.82230396841832,DEG
Cysltr1,89.71917366802984,-1.7287588569174663,0.4996914394968673,-3.4596527382140683,0.0005408724285216492,0.0028553890467994387,Cysltr1,3.266905156561443,DEG
Gjb3,289.6673568169092,-1.7321195114169223,0.16966547558568496,-10.209027531603873,1.806664216808339e-24,1.382376074199427e-22,Gjb3,23.743122557089396,DEG
Smim40,89.39047536370366,-1.739910751196229,0.35265856038221316,-4.933697765086164,8.068726356216838e-07,8.16891817458411e-06,Smim40,6.093195013000455,DEG
4930426D05Rik,24.290005052034807,-1.7525332760876924,0.46359288129512743,-3.780328272495655,0.00015662171681820502,0.0009575391623790322,4930426D05Rik,3.8051480197978345,DEG
Ahsg,13.112617544557507,-1.7564810477550874,0.6735919901125702,-2.607633513369934,0.009117050795755135,0.03200718794204781,Ahsg,2.040145625516869,DEG
Rbm44,60.05062727402623,-1.7613368509807084,0.41010698711860544,-4.294822829905405,1.7483290115434482e-05,0.00013285430617129625,Rbm44,4.757376835744987,DEG
Tex14,99.91636833350171,-1.7618733211693498,0.3391930630315122,-5.194308236798067,2.0548245105491683e-07,2.32529458548721e-06,Tex14,6.687225262524903,DEG
Gm47586,25.00244004996045,-1.7643573924656883,0.54975412369956,-3.2093572679227553,0.0013303207814258536,0.006206707698331597,Gm47586,2.8760436245927723,DEG
Acp5,90.21974550718186,-1.7651779781399797,0.3021557235520181,-5.841947845267583,5.1593960857274855e-09,7.571329185972891e-08,Acp5,8.287401130152908,DEG
Col1a1,32.57506185697693,-1.7677908988982802,0.7182176160150797,-2.461358311853442,0.013841205628222414,0.044890274660557006,Col1a1,1.858826079324365,DEG
Rerg,272.7393758581902,-1.7679763521816172,0.2413656356911374,-7.324888429618876,2.39097550491266e-13,6.137556992868703e-12,Rerg,12.621424873125445,DEG
Msc,37.09478441741747,-1.7717375133063653,0.6881117965146871,-2.5747814850439776,0.01003034329697515,0.03462496087975423,Msc,1.9986842026295786,DEG
Ubap1l,25.60626662156111,-1.771805519265163,0.5623225800830239,-3.1508703047342776,0.0016278475743638388,0.007390323971792381,Ubap1l,2.7883862632747283,DEG
1700097N02Rik,109.22925585205644,-1.7720878201445187,0.2744911546172398,-6.455901366350333,1.0757666031326318e-10,2.0285593177934194e-09,1700097N02Rik,9.96828194239322,DEG
C330002G04Rik,23.663192227998525,-1.7722069679764756,0.5694069600507816,-3.1123732098715906,0.0018558971482952292,0.008257932871434866,C330002G04Rik,2.7314460955554845,DEG
Scube3,91.25075984404114,-1.7756476210383942,0.2732668282352525,-6.497852785519061,8.147447050702019e-11,1.551055613652306e-09,Scube3,10.08897845328229,DEG
Utf1,3065.3022341460437,-1.7761702579309104,0.20658166997603955,-8.59790831459984,8.118211345057439e-18,3.4882007883061054e-16,Utf1,17.09053964668744,DEG
Eva1c,33.35371550388446,-1.777070736834131,0.3657253066425353,-4.859031367416593,1.1796144560140623e-06,1.1571622282023548e-05,Eva1c,5.928259913868062,DEG
Foxr1,13.982144977105936,-1.7775417423872395,0.6089577321180079,-2.918990347991469,0.00351167096685656,0.014301163196447166,Foxr1,2.454486182963223,DEG
Zbtb16,109.9520016625198,-1.779326517852776,0.3907717847038758,-4.553364873057909,5.2794587717167115e-06,4.454179508249884e-05,Zbtb16,5.277410597258759,DEG
Platr12,12.755624325450544,-1.779897940739629,0.660739961547581,-2.693794903173047,0.00706436200721046,0.02585803454856392,Platr12,2.15092705380965,DEG
Ccn3,31.587039379140606,-1.7809506433862852,0.5099743316392419,-3.492235849717506,0.0004789951023252294,0.0025671143765242763,Ccn3,3.3196689271783413,DEG
Mc5r,13.077331015325514,-1.7817906291684638,0.7728501025010095,-2.3054802262462486,0.02113969294390303,0.06371050619997075,Mc5r,1.6749013251523874,DEG
Gpnmb,18.32692352393731,-1.78193594321766,0.5254737546973139,-3.391103603726317,0.0006961178094002866,0.003558213694812256,Gpnmb,3.1573172551555597,DEG
Rasl11b,321.15737659832274,-1.7822544328942362,0.1612484548429331,-11.052846581570487,2.12372147401518e-28,2.091550247725643e-26,Rasl11b,27.672902441559508,DEG
Myc,1113.207310813101,-1.7883122415408443,0.14171898778908407,-12.618720112525313,1.6650538345686218e-36,2.880398346513753e-34,Myc,35.77857172030894,DEG
Tril,97.06162644413449,-1.7910010318733873,0.2890271468042567,-6.196653330582614,5.767634166917292e-10,9.740349245895807e-09,Tril,9.239002294115215,DEG
Tmem40,65.83927454211857,-1.7931169238073514,0.33851194089233716,-5.2970566387720055,1.1768420088416522e-07,1.3820599128628e-06,Tmem40,6.929281837321237,DEG
Folh1,14.474384125045969,-1.7932332081792661,0.7324983132405997,-2.448105580265347,0.014360956669278648,0.04629668967406084,Folh1,1.842816628175213,DEG
Mapt,22.70276741431021,-1.7968982276849657,0.4282858631870733,-4.19555811231642,2.722004824287971e-05,0.00019806716888948387,Mapt,4.565111109419316,DEG
Dclk2,354.8579627293177,-1.7985725596587203,0.13059319087439106,-13.772330300043349,3.739533227986185e-43,9.072472443604533e-41,Dclk2,42.427182603457545,DEG
Wfikkn1,122.79886284981151,-1.799021379542395,0.2523718293239398,-7.128455598081847,1.0150133026414167e-12,2.4387288215879642e-11,Wfikkn1,11.993528265902587,DEG
Platr10,1922.8422611299964,-1.802198006121343,0.22576126591031478,-7.982760013567954,1.4309695401955736e-15,4.8536541557998444e-14,Platr10,14.844369610590869,DEG
Wnt16,34.4044654990438,-1.8068783909970378,0.35623452451275944,-5.07215967758431,3.933261292524967e-07,4.220512413888441e-06,Wnt16,6.405247201789486,DEG
Bin2,105.97503313317362,-1.8080793350235296,0.23775352681630457,-7.604847588319921,2.852398449701529e-14,8.271955504134435e-13,Bin2,13.544789808266213,DEG
Jam2,345.86310465246385,-1.8099051495743608,0.27839017136621147,-6.501325606044838,7.961529623582494e-11,1.5171137004937754e-09,Jam2,10.099003484616405,DEG
Tdrd12,591.8005388515144,-1.8106270643280535,0.16684832050043305,-10.851934612811124,1.9524831705936843e-27,1.7982731572125348e-25,Tdrd12,26.70941270083084,DEG
Ccdc3,81.36812262574676,-1.8114658096517289,0.36670566460262394,-4.939835907947321,7.818834107429063e-07,7.95234589638005e-06,Ccdc3,6.106858001218829,DEG
Six1,312.94332403044984,-1.813204209921676,0.2895184860558102,-6.262827063734184,3.7805982237673615e-10,6.545798177861435e-09,Six1,9.422439474045088,DEG
Dhrs3,201.95268883537855,-1.815347966233154,0.2521907515296328,-7.198313004035153,6.096207603683506e-13,1.4844302823461404e-11,Dhrs3,12.214940251707997,DEG
Gm38042,15.859706170575016,-1.8153886208293941,0.6002398077815432,-3.0244388947460537,0.0024909478496936816,0.010627260673773559,Gm38042,2.6036353647265793,DEG
Gstp2,49.28692128178796,-1.8188176746822526,0.3625377194990201,-5.016906039999429,5.251023189021601e-07,5.524265220644935e-06,Gstp2,6.279756063822658,DEG
Ankrd31,12.735031982684605,-1.8202612334191224,0.7298232003850239,-2.494112591184864,0.01262724836374288,0.04164874252626178,Ankrd31,1.8986912773653508,DEG
Tdgf1,3541.6263886055435,-1.8217725320871025,0.24754795023697887,-7.359271326396001,1.8491683352804392e-13,4.790020164331908e-12,Tdgf1,12.733023551925886,DEG
Oasl2,41.74539838957949,-1.8221035769084168,0.5026537516139866,-3.624967626438214,0.0002889976515119833,0.0016473694209683083,Oasl2,3.5391056864459802,DEG
Sncaip,64.40662850626882,-1.824597961178684,0.44260391105418895,-4.122417167152629,3.7491744460737825e-05,0.0002643958753285779,Sncaip,4.426064351735116,DEG
Cdh6,120.2016783108787,-1.8273814556375598,0.458077358257348,-3.9892420411028833,6.62847594125609e-05,0.00044369751135716235,Cdh6,4.178586315696227,DEG
Mov10l1,89.90959520540716,-1.829377478516556,0.3505055519608649,-5.21925392702713,1.7964532227635376e-07,2.0504096622867363e-06,Mov10l1,6.7455840867588925,DEG
Gm49957,13.68102209955291,-1.8296603943883416,0.4880558411740953,-3.748875108198285,0.00017762950970399445,0.0010692167824663437,Gm49957,3.750484882943727,DEG
Hes5,98.02792822068837,-1.829724343582697,0.4098890857595104,-4.46394990047681,8.046238590283944e-06,6.55226649672979e-05,Hes5,5.094407093700195,DEG
Gm43061,16.875337475264285,-1.8324088461460808,0.7259989681848675,-2.5239827140904123,0.011603363406188377,0.038828816081196225,Gm43061,1.9354161058572577,DEG
Gm32885,796.6498136616376,-1.8336019851865755,0.15654352801642293,-11.713048814092222,1.0927813838121836e-31,1.341962521577752e-29,Gm32885,30.961466712067107,DEG
Gm11620,10.33870399699762,-1.8474743218618093,0.750566894983448,-2.4614385928952425,0.013838108420474947,0.04488754751621206,Gm11620,1.8589232710565937,DEG
Syt9,104.33458033559297,-1.8487688286409367,0.37166766590058486,-4.9742525332710885,6.549987743923702e-07,6.77263285746456e-06,Syt9,6.183759512642001,DEG
Pde4c,14.941033444850849,-1.8494935206770913,0.434984474434066,-4.251860995920288,2.1200143800826905e-05,0.00015855475968934226,Pde4c,4.673661193236635,DEG
Hoxb5,64.53786312533612,-1.8548198054349248,0.20846566058010402,-8.897483644421143,5.712710283092637e-19,2.7319389031693492e-17,Hoxb5,18.24315780038276,DEG
Gm13230,59.333026894575525,-1.8571193727161104,0.34194092125151093,-5.431111801181955,5.600403253034267e-08,6.98085352856289e-07,Gm13230,7.251780700804091,DEG
1700067K01Rik,15.480915438991888,-1.8580262105378924,0.7297300377409729,-2.5461829915756087,0.01089080804248566,0.03698149065373417,1700067K01Rik,1.9629398966102678,DEG
Mfap5,16.59880215289155,-1.8580797081821383,0.7636467514595795,-2.4331665192456304,0.014967415703541473,0.04783321574397656,Mfap5,1.8248531791211366,DEG
Ttn,52.620426743836134,-1.8641832381930132,0.3856154507565504,-4.834306391343024,1.3361066743197218e-06,1.286568546898187e-05,Ttn,5.874158866546882,DEG
Gm19784,19.235841407351636,-1.8642195559807242,0.8145882062754073,-2.2885422862977753,0.02210596049166918,0.06598289242629657,Gm19784,1.6554906104948393,DEG
Wnt7b,24.42417280143921,-1.8648146957280727,0.5015953263111423,-3.7177672875112036,0.00020099128554346664,0.00119430126481533,Wnt7b,3.6968227720443374,DEG
Itih5,119.65103725001727,-1.8789367975477382,0.3190115395045873,-5.889870944686375,3.864973271141887e-09,5.8030021325356e-08,Itih5,8.412853505170165,DEG
Gm4779,57.295816481376995,-1.880876295553775,0.33337053812667256,-5.641999158423197,1.680869214855693e-08,2.277875487761523e-07,Gm4779,7.774466076849732,DEG
1700028B04Rik,11.285904892132722,-1.8856883490540928,0.8113137599289982,-2.32424056165289,0.020112604482929737,0.061189807857991156,1700028B04Rik,1.6965316867714981,DEG
Pax3,162.62268570520897,-1.8936992012638059,0.7414123851918527,-2.554177997409336,0.010643882860839558,0.03628331145194348,Pax3,1.9728999136368954,DEG
Inpp5d,411.8457204576132,-1.8945683917176632,0.20534552896776717,-9.226246128860451,2.8028264340751116e-20,1.5340771084667868e-18,Inpp5d,19.552403795231974,DEG
H2-M6-ps,29.868660452415945,-1.895505916462766,0.4624831156169108,-4.098540795233858,4.1576296617784537e-05,0.00029001362023639744,H2-M6-ps,4.381154197786901,DEG
Soat2,10.966203177056661,-1.8956845409931484,0.7555636490144975,-2.5089673695468835,0.01210846690219358,0.04027517815620115,Soat2,1.9169108410077715,DEG
Rhd,70.19250325850726,-1.8982162979620032,0.3733405504488383,-5.08440965140252,3.687712538022772e-07,3.976333508478321e-06,Rhd,6.433242940117373,DEG
Angptl1,13.75141636250255,-1.9073698337146747,0.7263352747509939,-2.62601845183489,0.008639013412421405,0.030635389095670488,Angptl1,2.063535851734797,DEG
Nrtn,69.58075886744564,-1.9085054621060642,0.37046130222012097,-5.151699922957317,2.5813584277037e-07,2.8534249025033946e-06,Nrtn,6.588151688456411,DEG
Ttpa,206.93899675724694,-1.9087520836186664,0.2171418794952749,-8.79034522522958,1.4910108869616844e-18,6.803250134223795e-17,Ttpa,17.826519185433575,DEG
Atcay,70.30942598180981,-1.9096265709111522,0.4802134851617483,-3.9766200448701285,6.990171896004954e-05,0.0004666526164400086,Atcay,4.155512144344662,DEG
Itga9,188.46657153561378,-1.9106373022718108,0.2499149277423322,-7.645150770032113,2.0870064188330098e-14,6.187616348176437e-13,Itga9,13.680476215208877,DEG
Nfib,56.25666347941813,-1.9113191904553959,0.4345168203828131,-4.398723135209144,1.0888963389872881e-05,8.658075047087574e-05,Nfib,4.96301346234581,DEG
Aqp3,233.2374969902767,-1.9124103765564564,0.228568949990073,-8.366886126219308,5.916082072584435e-17,2.3824805010525254e-15,Aqp3,16.227965809755723,DEG
Steap1,197.50770062364685,-1.9141059458274625,0.20957944342222484,-9.133080585442958,6.657727132925244e-20,3.4763470756539324e-18,Steap1,19.176674008382307,DEG
Gm44997,10.301299495272403,-1.914247652397875,0.5743126210807978,-3.3331108914086824,0.0008588070558427848,0.004268945959606314,Gm44997,3.0661043961163217,DEG
Gm40723,14.088452700233969,-1.9166195780760378,0.570678593114878,-3.3584921551284137,0.0007836894565153035,0.003943024291329147,Gm40723,3.105855996039307,DEG
Ntrk3,60.6936124233096,-1.9172269973458396,0.25947876628726113,-7.388762574982091,1.4820152515939237e-13,3.8844810823727955e-12,Ntrk3,12.829147326957907,DEG
Gsc2,12.469238130038256,-1.9223497678361177,0.8599980889062063,-2.235295394994505,0.0253979621957474,0.07377238427831782,Gsc2,1.5952011275787,DEG
Gm31659,11.49562622690548,-1.9234351768549938,0.5640090772309152,-3.410291171727908,0.0006489355864007463,0.003346273861030702,Gm31659,3.187798409299859,DEG
Gm48023,14.95888869603499,-1.9301685253717187,0.8785262676431896,-2.197052719379416,0.028016681277662922,0.08008101398531986,Gm48023,1.5525833104549378,DEG
Coro6,22.52052081242972,-1.9355974817009185,0.6185043403322446,-3.129480838665037,0.0017511549315830164,0.007863990114878674,Coro6,2.7566754284711155,DEG
Spp1,1708.640853213796,-1.9364883178540364,0.28041183043811413,-6.905872390720734,4.989583586792704e-12,1.1053761233369049e-10,Spp1,11.301935697563843,DEG
Sybu,19.507250603937052,-1.9386397616740012,0.5859387547552556,-3.3086047747153438,0.0009376209427876201,0.004612520038530394,Sybu,3.027972700776154,DEG
Gdf3,616.1773211971115,-1.9392510688656355,0.20659576617503167,-9.386693177548795,6.191355236643471e-21,3.5805471243542215e-19,Gdf3,20.20821427709063,DEG
Sema3d,52.686657968859194,-1.943706666629539,0.6619294140548424,-2.9364258867464357,0.003320181462834741,0.013638589721584625,Sema3d,2.4788381795025463,DEG
Lipo2,23.57429454453146,-1.9454961889574558,0.5931571827687517,-3.279899907603289,0.001038439212079988,0.005041168786022275,Lipo2,2.983618921017093,DEG
Gm40881,43.86496743200898,-1.946049814926901,0.37079784714711883,-5.248277005650414,1.535283300251772e-07,1.7726596619389874e-06,Gm40881,6.813811474008489,DEG
Styk1,44.13459515146977,-1.946758584774195,0.8535139746538359,-2.280874880301464,0.022555851776682716,0.06700404886446558,Styk1,1.6467407679930786,DEG
Mfsd2a,95.47225755216105,-1.952443236535137,0.3482043565621865,-5.607176359915664,2.0565407957728212e-08,2.7495176472516466e-07,Mfsd2a,7.686862670933173,DEG
Gcnt4,22.647683950911375,-1.9537619135730486,0.6370295235102222,-3.0669880146327273,0.002162275269325572,0.009406583032574443,Gcnt4,2.665089018828934,DEG
Nefh,63.87430228152289,-1.9570530626774383,0.47249266478192575,-4.141975544912843,3.4432706463435086e-05,0.00024473178363114596,Nefh,4.463028839742614,DEG
Gpr21,17.95028688345143,-1.962075873020648,0.7828760635538324,-2.5062407248905894,0.012202251282911948,0.0405261414060518,Gpr21,1.9135600357558282,DEG
Bnc2,60.962814371771856,-1.9642037146695916,0.36596074956953845,-5.367252408844356,7.994514088307308e-08,9.668259165518881e-07,Bnc2,7.097207927812672,DEG
AI504432,15.05443460414871,-1.9668537248294828,0.6376089688793173,-3.084733466479448,0.0020373463989728706,0.00893813341811992,AI504432,2.6909351239833645,DEG
Qpct,36.72484193141112,-1.9675393733015791,0.41232587326800396,-4.7718067209978745,1.8258067106771717e-06,1.7214501754602678e-05,Qpct,5.738545201023821,DEG
Gm48168,17.544693869237044,-1.9685557500097173,0.5595150655585793,-3.5183248337459045,0.00043428041552141865,0.0023515445254172845,Gm48168,3.3622297553091,DEG
Gata2,18.743885623866976,-1.984658722878386,0.5592306537749205,-3.548909040449654,0.00038683067903235433,0.0021270341428053226,Gata2,3.412479089899006,DEG
8030474K03Rik,55.34622235959886,-1.9884522193900103,0.2940221395099108,-6.762933644059768,1.3522518167958335e-11,2.819884448987035e-10,8030474K03Rik,10.86894242639625,DEG
Enpp4,111.55606331227766,-1.991336078163165,0.2991384539382734,-6.656904359658399,2.7965503170278338e-11,5.59222704065591e-10,Enpp4,10.553377362207021,DEG
Adap1,20.891997185496777,-1.9976948488849677,0.7085965613144534,-2.819227410840415,0.004813939924249195,0.01869383580968446,Adap1,2.317499333822075,DEG
Rpp25,555.7832473941805,-1.9991310508139495,0.18743819171681736,-10.665548106835386,1.4752662988818473e-26,1.2816134388626842e-24,Rpp25,25.831129578535872,DEG
Trap1a,819.9100472330434,-2.00048190256676,0.15599965183932238,-12.823630559299135,1.209039046520729e-37,2.2691153576871118e-35,Trap1a,36.917559673155225,DEG
Fam181a,15.67414085013076,-2.002725827237221,0.7729448762414503,-2.591033188518886,0.00956882628512932,0.03332672095874697,Fam181a,2.01914132963723,DEG
Snca,48.78292316591303,-2.016121007795967,0.5374479748277282,-3.7512858959831554,0.00017592995074855753,0.0010605910424823647,Snca,3.7546602188850353,DEG
Tdh,2239.368210005423,-2.0170414136132764,0.1860656686925248,-10.840481362235908,2.2130353959666707e-27,2.0195470718972912e-25,Tdh,26.65501163977809,DEG
Gm37602,18.16984152852636,-2.0176630809956033,0.6890263749358833,-2.9282813465353263,0.003408414710681522,0.01394058434504486,Gm37602,2.467447568951373,DEG
Epp13,195.88983469842444,-2.0182487811782335,0.29588819045375025,-6.8209845688102995,9.041865514416622e-12,1.9238382090246446e-10,Epp13,11.043741956799746,DEG
Gm44639,10.74847723031887,-2.024301185179519,0.7195200969884203,-2.813404647976215,0.004901992192701473,0.018992699517220657,Gm44639,2.3096273847749584,DEG
Gm43279,21.208264448738557,-2.0252851763721424,0.6188731429311777,-3.2725368672160426,0.0010658697083292675,0.005155461215050437,Gm43279,2.97229588012367,DEG
Trim9,64.77311224745624,-2.0272075274985717,0.3159666295004968,-6.415891230992748,1.4000138110964672e-10,2.5981226453314478e-09,Trim9,9.853867679997906,DEG
P2rx7,21.52147634157704,-2.0277601445499838,0.6427116055191053,-3.155007824873806,0.0016049380086757938,0.007301334495274901,P2rx7,2.7945417377201482,DEG
Slc2a4,55.42604497700082,-2.0286568601255723,0.327133505632499,-6.201311773929267,5.599446163059554e-10,9.49828799682383e-09,Slc2a4,9.251854926604864,DEG
Kank4,17.95482955448347,-2.0348930157413094,0.683542750426959,-2.976979880878352,0.00291103112524078,0.012174070465743132,Kank4,2.5359531509857676,DEG
Gask1b,95.94428188219271,-2.0386400360313224,0.2829455977006738,-7.2050600984716,5.801825469099458e-13,1.4214472399293672e-11,Gask1b,12.236435339812413,DEG
Lrrn1,364.2229929617038,-2.038897331928103,0.1658461031968531,-12.293911600129722,9.766334296976715e-35,1.4286136360592264e-32,Lrrn1,34.01026841410396,DEG
Gm5953,17.2422917045296,-2.046879865288951,0.42387473739547127,-4.828973478971998,1.3723868312997482e-06,1.3183130672079764e-05,Gm5953,5.862523457856677,DEG
Spic,11.34748857324154,-2.051765917388755,0.7938692801488495,-2.584513557451236,0.009751647058044315,0.0338276387602492,Spic,2.010922025551857,DEG
Pou3f2,34.682259694532505,-2.057195881470257,0.8509095715860829,-2.4176433667747728,0.015621378848466101,0.04958859275752108,Pou3f2,1.8062806350008949,DEG
Meis1,430.83825017065493,-2.061552124250699,0.2565576319870934,-8.035434799906513,9.324763572066479e-16,3.2374667801516674e-14,Meis1,15.030362170848882,DEG
Gm14444,13.587439076766538,-2.066073112103505,0.5696799553412536,-3.6267260112142643,0.0002870375846984587,0.001637134664561679,Gm14444,3.542061233027532,DEG
Hoxb8,218.8770295931001,-2.069013970397343,0.5611662590502507,-3.686989260364759,0.0002269229299214167,0.001330113367076212,Hoxb8,3.6441216176664355,DEG
Rab3il1,211.02426275144052,-2.069280009063169,0.281005723147685,-7.363835817591661,1.7869946038627583e-13,4.63500269220935e-12,Rab3il1,12.747876758919183,DEG
Dnajc6,115.5840747231409,-2.0747214535793725,0.3350019131891715,-6.193162999662639,5.896869045602546e-10,9.924899559493828e-09,Dnajc6,9.229378516686106,DEG
Enox1,315.05170664459826,-2.0791899639373894,0.28452957024430603,-7.307465308973446,2.7222857545790225e-13,6.93433454565878e-12,Enox1,12.565066289447442,DEG
Platr7,35.22442249184644,-2.0868397980961233,0.45634779161231126,-4.572915299366653,4.809846108836431e-06,4.0891913884270063e-05,Platr7,5.317868818668231,DEG
Nmnat3,17.48288277616526,-2.093933068216923,0.7702411519733159,-2.7185421901340643,0.00655702928873013,0.024282490817199777,Nmnat3,2.1832928764363566,DEG
Bpifb4,17.52223489389086,-2.0949887665643883,0.8436830573135915,-2.483146660826797,0.013022745863474662,0.04269520537375823,Bpifb4,1.8852974345370477,DEG
Itgal,11.200914574550197,-2.0950638583289276,0.7209715420507123,-2.9058898113645144,0.0036621038485157137,0.014831818803414417,Itgal,2.4362693443058006,DEG
Dusp27,145.75501748883576,-2.095726613480821,0.3398455460094386,-6.1667031923455475,6.972846284359804e-10,1.1656958317735626e-08,Dusp27,9.156589908664312,DEG
Sstr5,14.08790864953839,-2.0970216202335803,0.7205216152435432,-2.91042152777716,0.0036094159196764656,0.014648249756434844,Sstr5,2.4425630704999977,DEG
Trim16,11.320131568877127,-2.0981040214191005,0.665016610635666,-3.1549648352596735,0.0016051745098352049,0.007301334495274901,Trim16,2.794477745478076,DEG
Vsnl1,17.150118958573184,-2.098367444193425,0.5716002231595588,-3.6710402816054852,0.00024156526118122718,0.001406408927696615,Vsnl1,3.6169655202249515,DEG
Disp3,18.592200556382533,-2.101722275607464,0.5353657320438902,-3.9257691514614184,8.645303899312646e-05,0.0005642705898061869,Disp3,4.063219735822702,DEG
Itga11,12.273485752437612,-2.1125751344649695,0.6382551402342943,-3.309922633274013,0.0009332176191394111,0.004596541548690132,Itga11,3.030017070325362,DEG
Gm14820,10.756799082540738,-2.122442314128251,0.8288607454127492,-2.5606741854704853,0.010446927892702055,0.03575897857835765,Gm14820,1.9810114028927113,DEG
Hoxaas3,264.9788177033551,-2.1295228419906125,0.44061223733839794,-4.833099631672511,1.3442346912178896e-06,1.2925183638032238e-05,Hoxaas3,5.871524900774186,DEG
Csgalnact1,13.94204346980135,-2.1380121367061,0.9137509919126287,-2.339819223868523,0.01929307590645276,0.05911234438363949,Csgalnact1,1.7145985270110655,DEG
Zbtb32,59.28647729422825,-2.141929855527923,0.3370825191566722,-6.3543189984657085,2.0935198885176852e-10,3.779354325060874e-09,Zbtb32,9.67912290893924,DEG
Olfr985,17.244253669557107,-2.1460472820469576,1.06004943004399,-2.0244785018731632,0.04292094176281356,0.11203109894421508,Olfr985,1.367330757397931,DEG
Gm17771,23.719936424683347,-2.1492269369756754,0.49002996562466217,-4.385909205033949,1.155022963781477e-05,9.15424178724793e-05,Gm17771,4.937409381187908,DEG
Anxa1,35.94951151038786,-2.155765417904999,0.7811767269084968,-2.759638560196782,0.0057865342645508555,0.021889582175123545,Anxa1,2.2375814708894657,DEG
Msx2,20.10900639732053,-2.1561684282005524,0.46086189356013546,-4.678556544443841,2.889015042595839e-06,2.5877562024944446e-05,Msx2,5.539250196854537,DEG
Dock2,12.403493505596618,-2.1581172447245014,0.6116158529692771,-3.52855020720483,0.0004178426757050614,0.0022761670839201785,Dock2,3.3789872061060073,DEG
Gm7896,20.71451023957015,-2.163955945086505,0.49624445626666736,-4.360665228114222,1.296676243575236e-05,0.00010135983178658446,Gm7896,4.887168445797667,DEG
Taf7l,22.062583640147235,-2.1704934567297167,0.594130515560707,-3.6532266898988133,0.0002589654129510586,0.0014954594848326152,Taf7l,3.58675823579344,DEG
Platr3,122.7957843117529,-2.1711828383746616,0.28900425900050575,-7.512632671516659,5.79499634385625e-14,1.6123868148905767e-12,Platr3,13.236946833702724,DEG
Zfp981,342.4273575835583,-2.1749258781668517,0.25250070959994714,-8.613543627709896,7.083625326016347e-18,3.0701882840036863e-16,Zfp981,17.149744417999592,DEG
Tshr,25.87944151458328,-2.1791126470720323,0.37301402878075074,-5.841905341187223,5.160712966813732e-09,7.571329185972891e-08,Tshr,8.287290295240355,DEG
Prdm14,45.863252110968205,-2.1810868681543045,0.5647841392273618,-3.8618061603820593,0.00011255185276552891,0.000712637351660545,Prdm14,3.9486473514922253,DEG
Rhox5,257.33295328333685,-2.1894754993449776,0.20284072836281317,-10.794062499266664,3.671907605603865e-27,3.305381443705126e-25,Rhox5,26.435108255270695,DEG
Ebf3,28.048409919937342,-2.196430906775945,0.5771293112035961,-3.805786440122605,0.00014135431467727773,0.0008727817306610065,Ebf3,3.849690930634425,DEG
Foxd2os,71.43421618582346,-2.197687874706613,0.36979962850307185,-5.9429153122806815,2.799971094455478e-09,4.258610470420281e-08,Foxd2os,8.55284645208038,DEG
Gm48170,19.475342817964595,-2.198931680684508,0.45358892377317994,-4.847851359316036,1.2480585545217458e-06,1.2142411692544733e-05,Gm48170,5.903765038604609,DEG
Steap3,139.62027831406994,-2.2054863108947993,0.27165719246214676,-8.118637651024521,4.714457871673275e-16,1.699083784403408e-14,Steap3,15.32656824075855,DEG
Epha5,99.68538432138833,-2.2063348639003353,0.3647343426639033,-6.049155798672452,1.4560679735977054e-09,2.3196587182359447e-08,Epha5,8.83681835038745,DEG
Hspb1,866.9835854026372,-2.2088403450524723,0.21480590823052742,-10.282958989572895,8.410506623445657e-25,6.61338414098134e-23,Hspb1,24.07517784282992,DEG
Plch1,813.2018312660849,-2.2193348181869994,0.15031191602360275,-14.76486280594353,2.468240285749887e-49,8.183862040784709e-47,Plch1,48.607612563562796,DEG
Prom2,58.168848259925774,-2.223248960176729,0.5758557095895372,-3.86077436266358,0.00011302824484859038,0.0007151984424357052,Prom2,3.946813016259082,DEG
Galnt18,48.25373712509922,-2.224068304644599,0.390417134641862,-5.696646246545465,1.2218708414489034e-08,1.7058174399848763e-07,Galnt18,7.912974699012115,DEG
Fetub,28.45585852900868,-2.2248153124038614,0.6166384146605759,-3.6079739106563684,0.0003085975123865422,0.0017436066206810196,Fetub,3.5106075791191187,DEG
Gm3333,37.818460331726456,-2.231175773220758,0.6926114132353548,-3.2213961979032346,0.00127567663394845,0.006013817762030916,Gm3333,2.8942593991960512,DEG
Ccdc80,25.979258940425773,-2.2327106843603923,0.31547680903751457,-7.077257726715793,1.4703493326045825e-12,3.457580333668506e-11,Ccdc80,11.832579471239091,DEG
Zfp988,42.55316390042314,-2.2356047567704795,0.383809553419249,-5.82477621219722,5.718918021576409e-09,8.316678005938675e-08,Zfp988,8.242686128848007,DEG
Aire,46.694910463440564,-2.2389264512405895,0.46481289303694096,-4.816833794372935,1.4585407932725862e-06,1.3953945825792105e-05,Aire,5.836081419785011,DEG
Gm10800,12.444609576124716,-2.2389836633692592,0.8866616865353573,-2.525183728326098,0.011563781566271789,0.038755032088849554,Gm10800,1.9369001205173595,DEG
Gm21411,285.9016365775348,-2.2410378190975453,0.2425021041605794,-9.241312882025884,2.434909959150743e-20,1.3418309896771435e-18,Gm21411,19.613517093984044,DEG
Nr5a2,118.49297801825871,-2.2466498885700945,0.3960900999452422,-5.672067766603317,1.4108414256855956e-08,1.942372271459463e-07,Nr5a2,7.850521796890477,DEG
Hoxb4,33.58638843650645,-2.250731732386325,0.3747540055197922,-6.005891062497143,1.902839273702828e-09,2.9830641852674596e-08,Hoxb4,8.720597893526888,DEG
Dmrt2,201.33680825484646,-2.2526152494940113,0.37491365530460713,-6.008357438098175,1.874123051323962e-09,2.9426838187086742e-08,Dmrt2,8.727201897569612,DEG
Slc6a13,34.09127214214327,-2.2534542398633843,0.3399794065656423,-6.628208051267051,3.397863453342835e-11,6.73277844031896e-10,Slc6a13,10.468794077689239,DEG
Gm48035,39.20027019117246,-2.257339909814152,0.3533322935458999,-6.388716658645612,1.6728368737020523e-10,3.0565481549066935e-09,Gm48035,9.776546407098065,DEG
Tex11,72.40088882960536,-2.258948313821325,0.3292101248213958,-6.861721871545894,6.803543034892105e-12,1.4743974415701909e-10,Tex11,11.167264863796888,DEG
Psma8,135.48072284027182,-2.2633324046361794,0.282220883468131,-8.019719791188875,1.0598666286634537e-15,3.6669542105444775e-14,Psma8,14.974748781980296,DEG
Sh3bp5,208.24943460763535,-2.2652214894468674,0.23346410952659857,-9.702654056934566,2.937560205027235e-22,1.873071240987558e-20,Sh3bp5,21.532013223803382,DEG
Clgn,137.9666298878335,-2.2672160210366163,0.23547326788193595,-9.628337184216498,6.07038038518045e-22,3.7857099493034443e-20,Clgn,21.216784094096266,DEG
Nanog,3769.6731363463814,-2.2694373351019848,0.218719136042574,-10.37603465414309,3.187406886994613e-25,2.526305681668161e-23,Nanog,24.49656249332037,DEG
Podn,35.500919469787746,-2.272750601075792,0.3592063777815779,-6.327144342792767,2.497397240879378e-10,4.451901497316698e-09,Podn,9.602512372426174,DEG
Lonrf2,20.874567445694776,-2.273194489411221,0.5886833525857724,-3.861489337903456,0.00011269793123331203,0.0007133352351115207,Lonrf2,3.9480840561118633,DEG
Gm26510,11.682430118255287,-2.2755093582059214,0.6871548049895865,-3.3114945012141854,0.0009279906372958904,0.004573060623820769,Gm26510,3.0324564054527356,DEG
Syce1,96.05025517587846,-2.2764394406339403,0.31025887878898084,-7.337225769394454,2.180665919710624e-13,5.619451788435642e-12,Syce1,12.661410863692062,DEG
Notum,241.4589741637687,-2.277197095702735,0.5533461140856123,-4.115321383372746,3.86640309898362e-05,0.00027131648413114686,Notum,4.412692869775097,DEG
Nphs1,229.66237396597276,-2.2778163975797,0.2640885774510929,-8.62519848288983,6.398159075358024e-18,2.7974720141796157e-16,Nphs1,17.193944966394557,DEG
Pecam1,290.87451901499446,-2.282835144236808,0.300581973618738,-7.594717396900137,3.0846487956301224e-14,8.893623643516761e-13,Pecam1,13.510794275651,DEG
Gna15,96.05730630368731,-2.28496520166601,0.32125121787091565,-7.112705180729148,1.1379018440874251e-12,2.713346801542623e-11,Gna15,11.943895198757929,DEG
Sox15,31.83409531087852,-2.2875550643340783,0.4165074641864371,-5.492230658584603,3.968885620499464e-08,5.058104454466132e-07,Sox15,7.4013314168655,DEG
Lrrc15,14.532700244422045,-2.287844642177606,0.7374310904390492,-3.102452109546232,0.0019192459848927782,0.008501776803263623,Lrrc15,2.7168693592743174,DEG
Vwa3b,26.304487614165083,-2.288066567915016,0.7198775810213566,-3.1784106468057045,0.0014808485365549492,0.006814712187421735,Vwa3b,2.8294893595087083,DEG
Tex19.1,566.8338162062463,-2.2898127067109546,0.1829164267853084,-12.51835467679751,5.925064865779685e-36,9.822770036651755e-34,Tex19.1,35.227306890770016,DEG
Zfp819,179.87068987273278,-2.2926074654117423,0.33118200407191917,-6.9225001274944935,4.437413965659801e-12,9.885544617338867e-11,Zfp819,11.352870054128719,DEG
Ssc5d,35.2194739543222,-2.29485498168253,0.5083258458918543,-4.514535312789816,6.34557486248516e-06,5.2731356021002407e-05,Ssc5d,5.197529027896124,DEG
Zyg11a,48.194461861350064,-2.2959775169886716,0.526060928470216,-4.364470715712282,1.2743091807336491e-05,9.980750725005991e-05,Zyg11a,4.894725188016489,DEG
Gtsf1l,126.53011002528737,-2.296232217050725,0.30554994122811224,-7.515079884556231,5.68761939322312e-14,1.5869495120446108e-12,Gtsf1l,13.24506947362736,DEG
Npbwr1,15.888513816733104,-2.2970829596045164,0.6720692592050493,-3.4179259475751036,0.0006310027268644617,0.0032605631813614547,Npbwr1,3.1999687639577203,DEG
Zfp980,125.55260321806134,-2.298200363566061,0.3310799378480968,-6.94152710823723,3.8788377770909656e-12,8.670291992971648e-11,Zfp980,11.4112983833253,DEG
Lrrc2,159.04241196506584,-2.300371918288755,0.38386561717559126,-5.9926490296641965,2.0645009379286096e-09,3.211194813068941e-08,Lrrc2,8.685184915483816,DEG
Atl1,116.21253872711851,-2.3092193440867104,0.1817865138683037,-12.702918907172828,5.696471461243965e-37,1.0118357433034592e-34,Atl1,36.24439407405108,DEG
AU022751,10.88239686120302,-2.313381574472819,0.868622726768728,-2.663275439589966,0.00773840428435811,0.02791438165603268,AU022751,2.1113485847880336,DEG
Tfap2c,236.28599537308935,-2.3198547993884198,0.3210514083966005,-7.225804773678681,4.981429393983416e-13,1.2310628119739883e-11,Tfap2c,12.30264602092572,DEG
Uba1y,60.975502273867235,-2.320228104190218,0.3493818623777668,-6.640951789539341,3.116639759215413e-11,6.194049087895247e-10,Uba1y,10.506313393304271,DEG
Boc,355.78454476308633,-2.32460601174707,0.26357917937702086,-8.819384054694163,1.1509105264084044e-18,5.300049539900184e-17,Boc,17.938958437792888,DEG
Trf,51.86564441422813,-2.332001024440992,0.48876233655432233,-4.771237163814908,1.8309779510857965e-06,1.7249458955298384e-05,Trf,5.7373168855068375,DEG
Dnm3,11.270063080373214,-2.332204460877526,0.6922655381199645,-3.368944909797564,0.0007545650874560894,0.003814820292211294,Dnm3,3.1223032927951513,DEG
Slc24a1,16.425565351401737,-2.344074807758962,0.745523338423717,-3.144200438734905,0.0016654132498705031,0.0075333631634660735,Slc24a1,2.7784779844581013,DEG
Pcdhb11,17.214135097710074,-2.373004047370193,0.7173529541426483,-3.3080006622490505,0.0009396458740249258,0.0046190548598596184,Pcdhb11,3.027035788882982,DEG
Zfp534,214.987969252863,-2.387478971033784,0.249281373590471,-9.577446307544927,9.947400260041939e-22,6.126736246850599e-20,Zfp534,21.002290406715936,DEG
Twist2,21.19843670622211,-2.3961823198522687,0.44041158398474983,-5.44077950487161,5.304793904954747e-08,6.641508492458761e-07,Twist2,7.275331484086781,DEG
Hsd17b14,781.6896092154748,-2.4021218308112373,0.2800565319622015,-8.577274787989754,9.71473426216103e-18,4.1562349120737967e-16,Hsd17b14,17.012569074637593,DEG
1700030C10Rik,36.87694046701908,-2.4248285826530553,0.4477274543027291,-5.415858597345512,6.09952923879584e-08,7.555668410747474e-07,1700030C10Rik,7.214703682510993,DEG
Gnal,107.2483567363947,-2.42572004298421,0.35632112757413276,-6.807679520714185,9.918550540893446e-12,2.1058660027805146e-10,Gnal,11.003551789346352,DEG
Radx,39.728689242053896,-2.4302197518054958,0.49042852702317213,-4.955298515273094,7.221932550986188e-07,7.382997233777966e-06,Radx,6.14134657197002,DEG
Tfcp2l1,832.3186104088095,-2.436099828488233,0.2073428296981122,-11.74913949054884,7.134162125148025e-32,8.926227755829861e-30,Tfcp2l1,31.146657025463448,DEG
Btla,182.92289744657728,-2.44112517964985,0.47790718240635455,-5.107948299413111,3.256757272294636e-07,3.5598862184082137e-06,Btla,6.487214608408192,DEG
Gm13147,85.66461598332148,-2.446063642049188,0.3469117673842308,-7.050967629299208,1.7767783090408267e-12,4.129349028044183e-11,Gm13147,11.750366756306374,DEG
Gm7765,11.356460871217447,-2.450142615353658,0.9425743988413059,-2.599415619993059,0.009338263344271562,0.03265519616293522,Gm7765,2.029733882884188,DEG
Adgre5,95.37798323325474,-2.4522996011390075,0.3089200725272953,-7.938298023422642,2.049743598783287e-15,6.830418618793085e-14,Adgre5,14.688300461187104,DEG
Naa11,60.27857388951359,-2.4581647984039576,0.49472591487532064,-4.96874071984577,6.738910578453107e-07,6.953521112434964e-06,Naa11,6.17141030643317,DEG
Nup62cl,473.4942609006169,-2.482049109270007,0.20063103299007165,-12.371212330810422,3.741314219405357e-35,5.907119450861124e-33,Nup62cl,34.42697581545239,DEG
Esrrb,1154.1890553266321,-2.48281762549512,0.30971782794633074,-8.016385888917423,1.0890200463538572e-15,3.741790121271785e-14,Esrrb,14.96296412580829,DEG
D630023F18Rik,108.40765296047607,-2.4840584469165825,0.31226599049343046,-7.954943934148482,1.792126454108006e-15,6.012236707929961e-14,D630023F18Rik,14.746631349370473,DEG
Gm2381,168.4969266909543,-2.497137026956977,0.32925504866513405,-7.584202693568014,3.345378270385072e-14,9.603601054984218e-13,Gm2381,13.475554768343772,DEG
Hormad1,72.76690514630442,-2.5017856366885987,0.3985554597914053,-6.277133019324275,3.448730213950338e-10,5.992055797059215e-09,Hormad1,9.462340778139243,DEG
Zic1,11.35654073898846,-2.5067404852463993,0.6149523678503918,-4.076316502380311,4.575473102218543e-05,0.00031567681007948096,Zic1,4.3395639933877,DEG
Rbms3,40.509155227227446,-2.524592764121631,0.5655117123639197,-4.464262558892853,8.034499162640214e-06,6.545386009073072e-05,Rbms3,5.095041190173929,DEG
Upk1a,48.663226243804814,-2.5275355307537746,0.3345128662967838,-7.555869401182659,4.160711717465141e-14,1.1875638293723317e-12,Upk1a,13.38083237405357,DEG
Vstm2a,32.46071784828162,-2.5328646950756477,0.5560103091833922,-4.555427576146286,5.227912621792731e-06,4.416309711165375e-05,Vstm2a,5.281671679735407,DEG
Tuba3a,106.03927343321145,-2.535166829627084,0.310257686477101,-8.17116526076525,3.054249117048639e-16,1.1210559397521333e-14,Tuba3a,15.51509554300087,DEG
Gm40987,14.34789557499168,-2.5391994013379477,0.5432559756656066,-4.674038602570136,2.953337833031515e-06,2.6363972461704443e-05,Gm40987,5.529686871142115,DEG
Dlk1,33.7512002746945,-2.544571289877654,0.3876967158202467,-6.56330370117819,5.262850368077557e-11,1.0174844044949942e-09,Dlk1,10.278778977549136,DEG
Phlda1,218.03197958042517,-2.5483642540068274,0.22439411327682235,-11.356644863776147,6.87339689624648e-30,7.513151530435575e-28,Phlda1,29.16282857754111,DEG
Ooep,155.15438060858284,-2.56224759559611,0.22945541015095994,-11.166647122900235,5.938022076119659e-29,6.217421641174973e-27,Ooep,28.226358192135876,DEG
Zfp936,367.3625790445,-2.562262035731737,0.2879506587045567,-8.898267665922134,5.672508433888492e-19,2.7192501875609072e-17,Zfp936,18.246224849733284,DEG
Alox8,12.230699835244678,-2.563181182870449,1.049248549702285,-2.4428732196939698,0.014570854928468881,0.04680648925350556,Alox8,1.8365149657438251,DEG
Zfp600,39.53575494595775,-2.5639638000673624,0.41557519191351033,-6.169674826501614,6.843057628594536e-10,1.1459241453136338e-08,Zfp600,9.164749802590972,DEG
Grhl3,218.37489902339857,-2.571024832732181,0.18639459373946762,-13.79345173672699,2.7908037143937958e-43,6.85435174001854e-41,Grhl3,42.55427070767238,DEG
AU018091,109.192142028949,-2.5772340313767512,0.5412821751464296,-4.761350271103143,1.923019460866455e-06,1.7986153810285496e-05,AU018091,5.71601632069956,DEG
Rex2,18.309980246510143,-2.5793553120476913,0.6621324274328556,-3.8955278508984583,9.798510150825245e-05,0.000630234597285863,Rex2,4.008839953130281,DEG
Xkrx,14.152042479084606,-2.5819652151958477,1.0422109266643025,-2.477392194936661,0.013234638358443804,0.04330425912876333,Xkrx,1.8782879214633592,DEG
Slc47a1,60.64247763348971,-2.5857309463696465,0.5645544247282562,-4.580126969360426,4.646937375708097e-06,3.971055504825468e-05,Slc47a1,5.33283318023636,DEG
Tgfb3,56.510482956781075,-2.5910699397644925,0.28662642536225647,-9.03988505766604,1.5683664338266562e-19,8.000277393473718e-18,Tgfb3,18.804552461041467,DEG
Olfr814,37.62520945541004,-2.596012379161434,0.5092357088525898,-5.0978600558290985,3.4351461187008864e-07,3.7343604855429196e-06,Olfr814,6.464054784893854,DEG
Phf11d,37.93525468257721,-2.608929708821169,0.510955651604726,-5.105980725778195,3.2908323481537357e-07,3.59318434325853e-06,Phf11d,6.482694242326212,DEG
Plagl1,220.23523734865807,-2.6131549714514994,0.335521828637592,-7.78833073860614,6.79002531440498e-15,2.1339773081322696e-13,Plagl1,14.1681286065905,DEG
Il1rap,122.16446473823582,-2.6180987162734284,0.29106927528562204,-8.99476151752646,2.3674563528946035e-19,1.1863520575437089e-17,Il1rap,18.625718019028707,DEG
2410141K09Rik,192.04191911768478,-2.6268194785470578,0.26751413183911565,-9.819367150767347,9.292506090115772e-23,6.24544311340416e-21,2410141K09Rik,22.031867145604547,DEG
Heyl,96.74992445253646,-2.6306922904570005,0.4185866457154243,-6.284701906724167,3.2848336783129963e-10,5.735143812554742e-09,Heyl,9.48348661527301,DEG
2610528A11Rik,16.324084619240768,-2.6311237694702476,0.5328249264631209,-4.938064341200373,7.890181265600868e-07,8.01671430530458e-06,2610528A11Rik,6.102913019382983,DEG
Mageb16,71.25853097816574,-2.6357248305119265,0.3113613849674387,-8.465162855013519,2.557950156684314e-17,1.0514020747330111e-15,Mageb16,16.592107922284207,DEG
Zfp42-ps1,225.19654172598536,-2.6408565547074954,0.2418413283147335,-10.919790149641717,9.270976180578622e-28,8.699849063039204e-26,Zfp42-ps1,27.03287453473165,DEG
Aoah,106.07791609871296,-2.641277142691652,0.34552196893916454,-7.644310290315279,2.100682750754159e-14,6.218896226711792e-13,Aoah,13.677639530649833,DEG
Gm35963,11.52839072335768,-2.658038913565984,0.8850847281775508,-3.0031462852591138,0.002672039591245081,0.011301047201615323,Gm35963,2.5731571112668936,DEG
Zfp42,2009.590645137497,-2.6643797056501297,0.19210847991768015,-13.86914157455119,9.743588840612801e-44,2.453657675887988e-41,Zfp42,43.01128105065747,DEG
Dnmt3l,376.46093259543085,-2.6649563725930676,0.27182368333777773,-9.803988894085798,1.0822541502076055e-22,7.249280829707106e-21,Dnmt3l,21.965670740087404,DEG
Nexmif,91.8786925991661,-2.6816595734860265,0.32520081952015173,-8.246164869581001,1.6355897126572032e-16,6.221495553270058e-15,Nexmif,15.786325629684258,DEG
Triml2,412.45969279441357,-2.689844476531708,0.2236794461387302,-12.025443208865138,2.6118281761947934e-33,3.5543179828149477e-31,Triml2,32.58305539729933,DEG
Cyct,15.999272792206105,-2.704194875797424,0.5740154268552314,-4.71101428512553,2.4648695611259245e-06,2.23909201137165e-05,Cyct,5.60820605828619,DEG
Uncx,68.159886661474,-2.717037099794174,0.4248809372398773,-6.394819964022537,1.6073662956685058e-10,2.9471838788967057e-09,Uncx,9.793885142489826,DEG
Gpa33,265.4435223528528,-2.729092956529005,0.3278789765851472,-8.323476500239362,8.542021771066134e-17,3.3919157906904123e-15,Gpa33,16.068439326020663,DEG
Ptger3,26.423250836382604,-2.733681108357309,1.1713793752961277,-2.3337282233317684,0.01960995727239345,0.05996318628604293,Ptger3,1.7075233526037084,DEG
Tmem252,18.978656508637506,-2.7346100993638296,0.5919245319015588,-4.619862756116712,3.839939618144673e-06,3.341721730681108e-05,Tmem252,5.415675604724332,DEG
Islr,150.38532314584305,-2.7388000917381845,0.2834632970872369,-9.661921384112414,4.375787295528063e-22,2.763552776420168e-20,Islr,21.358943796963377,DEG
Otop1,16.49011007502832,-2.739982651681529,1.2375429049469486,-2.214050632692196,0.026825296080205778,0.07719693913201414,Otop1,1.5714554758749677,DEG
Serpinb1a,10.155064886735001,-2.7437816445937866,0.6286545776997555,-4.364529810048107,1.2739647689724146e-05,9.980750725005991e-05,Serpinb1a,4.894842582088923,DEG
Zfp989,27.760866623299812,-2.7476167409653365,0.4580948567495018,-5.997920955632568,1.9985975643017954e-09,3.1208869657943416e-08,Zfp989,8.69927464620114,DEG
Cdh18,13.48511486748495,-2.748353152657958,0.7954366540134732,-3.455150248345742,0.000549986241602586,0.002893571988186062,Cdh18,3.259648174634508,DEG
C78283,40.38606626587819,-2.7547785835127603,0.5173097559960074,-5.325201296868682,1.0084130215675904e-07,1.202719943109451e-06,C78283,6.996361554944781,DEG
Rpl39l,30.346166749185283,-2.773501986462164,0.5863274268737868,-4.730295495897363,2.241932684054054e-06,2.0581914543872336e-05,Rpl39l,5.64937743160847,DEG
Lncenc1,1455.0598728572343,-2.7804721074628245,0.2479726051766702,-11.212819680149158,3.527729890932126e-29,3.773153680118479e-27,Lncenc1,28.452504675061906,DEG
Morc1,297.48409627393323,-2.7858280413939647,0.29273991757732865,-9.516392791420648,1.7929477839521506e-21,1.0679312339504217e-19,Morc1,20.746432358219,DEG
Nlrp4a,12.50718875031047,-2.7877130294667722,1.196579793460655,-2.3297343350620734,0.019820196646059277,0.060448105484700795,Nlrp4a,1.7028920409771424,DEG
Fgf17,205.50917076418952,-2.794886865151191,0.35017958607794253,-7.981295815824938,1.4480496275975785e-15,4.899234573371808e-14,Fgf17,14.839216553731108,DEG
4933402E13Rik,35.115372395197674,-2.8068650351118727,0.39547065549058064,-7.097530489664174,1.2700579353736326e-12,3.018701620827126e-11,4933402E13Rik,11.896176467674602,DEG
Scn3a,24.247789847909825,-2.8197975520932332,0.5646937227777852,-4.993499021420613,5.929508635457634e-07,6.185718132868074e-06,Scn3a,6.22698129411482,DEG
Ccbe1,32.890486406221335,-2.820223018993138,0.3377309606448903,-8.350501871690948,6.797351585227682e-17,2.726340976542732e-15,Ccbe1,16.16766026611197,DEG
Klhl14,55.01223662387819,-2.8212569302861237,0.37506773224462936,-7.5219931968075135,5.394739227594481e-14,1.5115907351234451e-12,Klhl14,13.268029543521184,DEG
Hoxb9,131.7209009913018,-2.8358115281882488,0.4417027186375281,-6.420181286036828,1.3611215513020148e-10,2.5283055220917167e-09,Hoxb9,9.86610308956333,DEG
Trpc3,19.0009173790192,-2.8494399282920573,0.5223463377942078,-5.455077832697795,4.8951399095629455e-08,6.171350656580814e-07,Trpc3,7.310234890973649,DEG
Gm13110,35.4490325787561,-2.854695554250398,0.5236808714746359,-5.451212197634496,5.002763297626493e-08,6.287111373530097e-07,Gm13110,7.3007900449811824,DEG
Zfp640,98.90665017983288,-2.86114902364478,0.3212086332626468,-8.907447457382837,5.222093923513906e-19,2.5093801090431313e-17,Zfp640,18.28215532131105,DEG
Psors1c2,111.97072006067445,-2.890279639396971,0.3771490554557912,-7.663494307055914,1.809412934859402e-14,5.429330456424275e-13,Psors1c2,13.742462309389067,DEG
Hoxc8,81.73695289542249,-2.9007555724657035,0.43575282572361373,-6.656882987846818,2.7969568238929483e-11,5.59222704065591e-10,Hoxc8,10.553314237700611,DEG
Gimap6,18.507545372685218,-2.9057165636803175,1.145513902747117,-2.536605236053413,0.011193309485048158,0.03781924233959715,Gimap6,1.9510414882174854,DEG
Necab1,12.142529563643977,-2.9084600077298433,0.8881152065690371,-3.2748679295401253,0.001057113819118969,0.005119333572919369,Necab1,2.9758782498220944,DEG
Plcxd3,27.282243824572898,-2.9096837890103244,0.5145371791441654,-5.654953435726508,1.5588852909610233e-08,2.1241413683820957e-07,Plcxd3,7.8071858407672154,DEG
Gm10323,54.359969423968174,-2.9135958505108186,0.33410954317913066,-8.720480782402296,2.7702296390944484e-18,1.2440394681748298e-16,Gm10323,17.557484228459806,DEG
Col3a1,119.77964435001918,-2.9155920329598195,0.892337474653327,-3.267364775969458,0.0010855371123094468,0.005236584702299742,Col3a1,2.9643553243093446,DEG
Hoxc4,140.43286271961358,-2.9266050938282486,0.2852554371270298,-10.25959442983369,1.0715583758222127e-24,8.294779116189533e-23,Hoxc4,23.96998416469972,DEG
Zfp978,102.0960697752394,-2.92714103837623,0.3414054444704295,-8.573797183922068,1.0012769498220912e-17,4.2745501372877e-16,Zfp978,16.999445781517935,DEG
Gcm1,22.128324439190315,-2.9286464848083087,0.5793224865092416,-5.055295716993698,4.2972438724655916e-07,4.574070069493338e-06,Gcm1,6.366809999013159,DEG
Galnt6,19.10757021931618,-2.930302913143401,0.6938173001554154,-4.223450341303123,2.405904001848173e-05,0.00017773135615583942,Galnt6,4.618721705466402,DEG
Aurkc,18.660825192073357,-2.93224818553561,0.5104629572526751,-5.744291811725274,9.230648462943988e-09,1.3060776708521176e-07,Aurkc,8.034767788249725,DEG
Rny1,10.19672691070397,-2.941227797511664,1.216745415412927,-2.417291045648608,0.015636508823471507,0.049620785856459106,Rny1,1.8058602057487132,DEG
Slc6a1,33.75071974229292,-2.97351977301812,0.5029884555291873,-5.911705806229133,3.385828724305309e-09,5.110597620738226e-08,Slc6a1,8.470335014912983,DEG
Mest,1925.5692689594887,-2.987990036468728,0.21623403746516037,-13.818314967874349,1.976422235951935e-43,4.914867995253475e-41,Mest,42.70412026867814,DEG
Prkcg,20.3588456498938,-3.003866065498425,0.9513078102787371,-3.157617369522363,0.0015906418967694994,0.007244558125991855,Prkcg,2.79842758261747,DEG
Slc22a3,15.140989272984914,-3.0048947277636984,0.888723353869655,-3.3811362272408707,0.0007218674486337063,0.0036719077021526345,Slc22a3,3.141542541504978,DEG
Dazl,64.51402588030538,-3.0054178816282073,0.38182598906797144,-7.871171600876002,3.513353340789681e-15,1.1309814136192543e-13,Dazl,14.454278170663871,DEG
Pramef12,142.1481669963383,-3.0306120354465738,0.28994489477725643,-10.452372468136653,1.429049165527923e-25,1.1603879224086735e-23,Pramef12,24.844952829326477,DEG
Tcl1,481.68294147257706,-3.0384636549782784,0.43626345022521673,-6.964744934304493,3.2899927487467917e-12,7.437626789041895e-11,Tcl1,11.482805059248422,DEG
Adap2,11.353480800017907,-3.0408360686493836,0.4969181695717958,-6.119389981794653,9.393425804677178e-10,1.5342595480972724e-08,Adap2,9.027175990616655,DEG
Klf14,36.265084113732605,-3.0428230113121066,0.3455593640979758,-8.805500088978578,1.3027043154007087e-18,5.985219318841039e-17,Klf14,17.88515414818789,DEG
Pgm5,19.07625637797626,-3.048016107192276,0.6676508244668594,-4.565284719937573,4.988168618191435e-06,4.2263469544420955e-05,Pgm5,5.302058874216679,DEG
Tmeff2,63.8157550776632,-3.0480726931260866,0.34533522941289996,-8.826416865455855,1.0808262221065663e-18,4.9888531003684525e-17,Tmeff2,17.966244127366817,DEG
Tfeb,52.517073194833,-3.0544915792831984,0.37103882393135457,-8.232269461506018,1.8369945194463875e-16,6.934567166957577e-15,Tfeb,15.735892139381585,DEG
Gabrb2,17.687896069672284,-3.0571419077539845,0.6257849925858071,-4.8852911846312645,1.0327610910267773e-06,1.0267740702092308e-05,Gabrb2,5.986000132351508,DEG
Nr2f1,24.137721547784793,-3.060126509390329,0.6165289795816109,-4.963475539247146,6.924276550761523e-07,7.115266410167858e-06,Nr2f1,6.159625595032458,DEG
Triml1,135.37183423358422,-3.0610755039974507,0.27500208819015504,-11.131099127803044,8.85369877541723e-29,9.126190851717636e-27,Triml1,28.052875257871005,DEG
Bmp3,175.11594232725457,-3.0635034969763186,0.6175614548163094,-4.96064557313983,7.025928471407012e-07,7.204836134544903e-06,Bmp3,6.153296275926197,DEG
Tbx3,262.1563039856214,-3.0876924141595814,0.21040769342124468,-14.674807579292724,9.348036433041189e-49,3.048685849162646e-46,Tbx3,48.02927960365701,DEG
Shisa3,53.266878247091086,-3.0885080773274867,0.3641881834496775,-8.480527973402102,2.2417432819571777e-17,9.252539595696285e-16,Shisa3,16.64941412305817,DEG
Hoxb7,112.19044579927039,-3.0914082659730937,0.33392224681817756,-9.257868547034489,2.085536963528348e-20,1.1557011797335086e-18,Hoxb7,19.680782108424655,DEG
Pax7,11.407119806962246,-3.097632340832981,0.7229415186424886,-4.284761991052325,1.8293492182590056e-05,0.00013842933947525544,Pax7,4.737703380862651,DEG
Spta1,193.60441935390648,-3.1290687500951258,0.5794509702490168,-5.400057831899773,6.661941737219219e-08,8.206357208683539e-07,Spta1,7.176399169800777,DEG
Sfn,442.4215015444972,-3.132378805581783,0.2570853583022607,-12.184197599845337,3.773489517007268e-34,5.362128603667327e-32,Sfn,33.42325685216847,DEG
Mylpf,266.9273027488912,-3.1561684084299206,0.28005514779842944,-11.269810368569203,1.849678362101989e-29,1.9998642030248353e-27,Mylpf,28.732903783871816,DEG
Sec1,27.102278283123,-3.167627613520659,0.44979506355586546,-7.042379675043351,1.889840163355433e-12,4.381874150325522e-11,Sec1,11.723574925513612,DEG
Gm8756,17.668432311544905,-3.1710876224560627,0.6996897288889956,-4.532134018161569,5.839078361393202e-06,4.878732672051926e-05,Gm8756,5.233655696406136,DEG
1700029P11Rik,23.408676030471856,-3.19102850982591,0.5490531409505643,-5.811875521377309,6.177677108006064e-09,8.957631806608793e-08,1700029P11Rik,8.209174794946174,DEG
Sting1,18.694069587403835,-3.2172776510196193,0.6762934593957545,-4.757221301377288,1.962759606514608e-06,1.8314793439025146e-05,Sting1,5.707132888355847,DEG
Myh13,19.660505704047548,-3.2173694243828783,0.4876009240176289,-6.598366134897965,4.157135956423082e-11,8.123974726628761e-10,Myh13,10.381205771943437,DEG
Hoxa7,106.33835528428673,-3.2236891860585324,0.306743502612107,-10.509396804192635,7.81920536345459e-26,6.508588765714042e-24,Hoxa7,25.106837380418686,DEG
Col6a5,20.440900690762536,-3.2270739080463593,0.684668342701095,-4.713338863186201,2.4369044279677296e-06,2.2177390983526996e-05,Col6a5,5.613161502912174,DEG
Hoxb6,110.53119000817458,-3.232957522288363,0.3164298885015385,-10.216978988925831,1.6644747505887303e-24,1.2784965516684247e-22,Hoxb6,23.778722788529638,DEG
Scube2,25.417292791434804,-3.239267598124423,0.5365988208526401,-6.036665516665355,1.5733136621942237e-09,2.495973045908444e-08,Scube2,8.803184686035092,DEG
Gm10479,12.815838039595704,-3.24303769698796,0.6911417128505745,-4.692290505245641,2.7016312787682333e-06,2.4363668476797476e-05,Gm10479,5.5683739241975605,DEG
Sohlh2,46.59974647025115,-3.248597387115818,0.5592206632185417,-5.809151200563338,6.27903634530451e-09,9.091350003892862e-08,Sohlh2,8.202107003082835,DEG
Henmt1,10.53293266743543,-3.2539676716375032,1.180547979006325,-2.7563197172014897,0.005845582739766321,0.022075175213536673,Henmt1,2.23317218800089,DEG
Dppa5a,7890.721151223857,-3.261444373673572,0.2755841020896927,-11.834660812952446,2.5838591937004906e-32,3.359692470554089e-30,Dppa5a,31.58773115672381,DEG
Nr0b1,533.2772179585614,-3.29694858708272,0.39845378792947966,-8.27435624144758,1.2915148807383933e-16,4.96011525818718e-15,Nr0b1,15.888900585553118,DEG
Hoxd9,40.802020577475254,-3.3076085770399275,0.5627788940336158,-5.877279002652786,4.170649484053915e-09,6.213915742142381e-08,Hoxd9,8.379796308245243,DEG
Nr2f2,343.1252373830997,-3.3489478670697803,0.49993792416802174,-6.698727392291705,2.1024237603398467e-11,4.272279702574148e-10,Nr2f2,10.677279743955276,DEG
Cpa5,11.315721583711845,-3.3815420963211476,0.6195261581509532,-5.458271699799968,4.807915491990615e-08,6.065229600358991e-07,Cpa5,7.318043174467192,DEG
Wdr64,17.96167429866252,-3.3860386241518095,0.7979145072104254,-4.2436108048588785,2.199516895915598e-05,0.0001639460064718805,Wdr64,4.657672697576762,DEG
Zp3,31.478012056033563,-3.3887960970848363,0.530857091011951,-6.383631592120044,1.7293685188277963e-10,3.156335533354145e-09,Zp3,9.762112451121824,DEG
Mymx,71.38785999586696,-3.4047451788905,0.4781947441406197,-7.119997073596627,1.0792935499240546e-12,2.5807050339169644e-11,Mymx,11.96686041836304,DEG
Gsta3,27.94083921615652,-3.454986074538413,0.5062814916118125,-6.824239344675664,8.839240646821742e-12,1.8827393300628668e-10,Gsta3,11.053585042346663,DEG
Krt42,77.65319597715458,-3.4569346667681224,0.6963268051552776,-4.96452907050913,6.886797070939437e-07,7.09140481000358e-06,Krt42,6.1619827139174905,DEG
Nlrp9b,60.33606789826269,-3.463789908758735,0.45441126385982755,-7.622588135991303,2.4863923868847875e-14,7.306394408373111e-13,Nlrp9b,13.604430332648722,DEG
H2-M5,101.85838848285758,-3.47626342877954,0.5047907137292817,-6.886543936392328,5.716411093177237e-12,1.2565998042836238e-10,H2-M5,11.242876546662275,DEG
Gm46332,41.605863325477046,-3.482596358564985,0.5665261188411121,-6.147282963209174,7.882144287152348e-10,1.3089096698548315e-08,Gm46332,9.10335561938915,DEG
Pkd2l1,15.53317806386313,-3.535734221792768,0.7228181122083865,-4.891596048956539,1.0002156244762221e-06,9.969082982630242e-06,Pkd2l1,5.999906365574388,DEG
Ano5,10.154817657750819,-3.610573821555394,1.2196372258021295,-2.960367021579549,0.003072727410126143,0.012761761815667952,Ano5,2.512475965460829,DEG
Ppp1r17,16.697233100045434,-3.655335408995244,0.8908850383270693,-4.103038272883493,4.077597645469999e-05,0.00028493054990860614,Ppp1r17,4.389595630194236,DEG
Dppa2,781.8118843452258,-3.661124565145859,0.22397680717486243,-16.345998549249604,4.644986971228023e-60,2.5668714112669525e-57,Dppa2,59.33301549982571,DEG
Abcb1a,80.07074588919126,-3.6681178985804754,0.40045793883014547,-9.159808166860467,5.1989654363013044e-20,2.7654603847534265e-18,Abcb1a,19.284083069828107,DEG
Mep1b,10.478556462907335,-3.6692967565419456,0.8739845732412886,-4.198354145924874,2.688619346991418e-05,0.0001957810881736723,Mep1b,4.570470680559602,DEG
Tnfaip6,33.78808983855913,-3.6828117588962628,0.5390017740543572,-6.83265238849633,8.33587784692588e-12,1.7793342691710673e-10,Tnfaip6,11.079048658103419,DEG
Gm364,13.633048008708682,-3.6880268293861436,1.2583259036592507,-2.930899553653984,0.0033798204572942935,0.013852111285004671,Gm364,2.4711063696860713,DEG
Stra8,32.39113605249447,-3.7012724028530477,0.4065462385315025,-9.104185581011697,8.691607326702293e-20,4.526461679513492e-18,Stra8,19.06089990265738,DEG
A830082K12Rik,26.195695063947834,-3.712692550799609,0.9304618213896291,-3.9901610850134235,6.602843623203912e-05,0.000442130498283469,A830082K12Rik,4.180268988109973,DEG
Accsl,35.84823251865687,-3.7323925757392535,0.815431488582031,-4.577199468013653,4.712420808478598e-06,4.0183840361711626e-05,Accsl,5.326755934978137,DEG
Hoxc5,52.07934075166227,-3.7695632875607,0.35005153170573006,-10.76859532421522,4.8433394861766834e-27,4.301490881160667e-25,Hoxc5,26.3148550887057,DEG
Gm46426,36.302886049738206,-3.770992615428678,0.5408073303122927,-6.972894789075979,3.1048482916480986e-12,7.027059375887061e-11,Gm46426,11.507959615361706,DEG
Topaz1,12.322810899501595,-3.787717739395902,1.2318893154389914,-3.0747224543027434,0.0021069852702348684,0.009194201571847438,Topaz1,2.676338500499198,DEG
Nanos3,15.948320787096955,-3.815264557730348,0.5632028341566983,-6.774228264392644,1.2507206994230275e-11,2.6136384027648854e-10,Nanos3,10.902839662522466,DEG
D1Pas1,115.13236219734206,-3.8216116985156496,0.3780536783163706,-10.108648368493244,5.057721285324831e-24,3.6940624855693463e-22,D1Pas1,23.29604510689762,DEG
Fam25c,34.08784997528646,-3.8348511607893094,0.689383930116007,-5.562722009119062,2.6559880969953587e-08,3.4815061592543946e-07,Fam25c,7.575773875622099,DEG
C130073F10Rik,11.776486442294006,-3.8722289521721764,0.7486680440048995,-5.172157384277024,2.3140654341954618e-07,2.5877469223094164e-06,C130073F10Rik,6.635624364784341,DEG
Pcdh11x,62.008553675494205,-3.8904652815392198,0.6190150240243619,-6.28492868597339,3.2800422440263514e-10,5.73402112501408e-09,Pcdh11x,9.4841205629257,DEG
Calcoco2,78.81102508242482,-3.942352230436781,0.3415198606000305,-11.543551884538422,7.95703009499675e-31,9.150124665310134e-29,Calcoco2,30.099248999351726,DEG
Hoxd8,25.547860802980374,-3.9899075268484725,0.4324591737086292,-9.226090621762797,2.806896890931489e-20,1.5340771084667868e-18,Hoxd8,19.551773540526213,DEG
Hoxa9,85.57372541288403,-3.991493476395636,0.4719658629984393,-8.457165632779748,2.7395466966342335e-17,1.1214103288650504e-15,Hoxa9,16.56232129244857,DEG
Sema3a,258.6298537204994,-4.000451109320291,0.5810857170870983,-6.884442332146786,5.801434911486471e-12,1.2738824076060912e-10,Sema3a,11.236464575908249,DEG
Clca3b,27.85387477557552,-4.0362295152631695,0.6046052085912214,-6.675810029271675,2.4587029379777438e-11,4.955768616831736e-10,Clca3b,10.60929393982184,DEG
Nlrc4,53.508229198757746,-4.084896201490369,0.7052912668822209,-5.791786164527285,6.964177516244823e-09,1.0024988965859227e-07,Nlrc4,8.157130167287187,DEG
Gm26564,32.29840658211959,-4.129106419331109,0.5740274001020947,-7.19322181937085,6.328000879664248e-13,1.5389883801960947e-11,Gm26564,12.198733469138492,DEG
Lrrc32,28.43032204546736,-4.134508972090267,0.5371872883241109,-7.696587506731395,1.3974810885120705e-14,4.2575021094730676e-13,Lrrc32,13.854654060515188,DEG
Myo1f,29.086608121855914,-4.150064211163909,0.6959729047061292,-5.962968074046289,2.476968329333876e-09,3.796364248364263e-08,Myo1f,8.606079546294046,DEG
Hoxb5os,113.1877301261731,-4.169404556652193,0.3671237819965054,-11.356944881037101,6.849839219102418e-30,7.513151530435575e-28,Hoxb5os,29.16431962224131,DEG
Rpl10l,85.25875092472207,-4.177131037696677,0.39773967485836925,-10.502173410746884,8.44138155579293e-26,6.939373746733246e-24,Rpl10l,25.073586468900995,DEG
Eprn,109.71008421883641,-4.183337573599548,0.4119651091984684,-10.154591930706886,3.1612988687951458e-24,2.346674615515322e-22,Eprn,23.500134444074103,DEG
Arl14epl,58.948226790663725,-4.20531746346169,0.5055990831684137,-8.317494242885939,8.984245770036174e-17,3.5462814553392787e-15,Arl14epl,16.04651837616884,DEG
Meox2,54.50079204160579,-4.20800026582959,0.40331457684254607,-10.433543708667866,1.7426529148711775e-25,1.3979168180825486e-23,Meox2,24.758789102945315,DEG
Cpne4,13.852949332472866,-4.27031540412051,0.7430131983292018,-5.747294144603459,9.06828983409275e-09,1.2858485955769152e-07,Cpne4,8.042474607718923,DEG
Hoxd3os1,16.92258558605807,-4.316333547307715,0.591759629788443,-7.294065580057946,3.0073893323155824e-13,7.602160530760635e-12,Hoxd3os1,12.521810345118283,DEG
Cxcl12,1431.5013557726002,-4.332617772764871,0.21547738931697485,-20.10706453469898,6.400111147567694e-90,1.1574891924519245e-86,Cxcl12,89.19381248377296,DEG
Gm40977,16.135716812417478,-4.453527264228036,0.5932706088217988,-7.506738405720932,6.061869019105251e-14,1.6795936248757644e-12,Gm40977,13.217393451817683,DEG
Hoxc9,53.31587868591516,-4.489623215105553,0.48278474400924354,-9.299430586438733,1.411998272717102e-20,8.002932660237614e-19,Hoxc9,19.85016583455184,DEG
Lrrn3,24.061728514274876,-4.641051848686875,0.45466587093382627,-10.207609907369427,1.8332494622264064e-24,1.3920101069287072e-22,Lrrn3,23.73677843373022,DEG
Folr1,128.9279682945765,-4.710394099032321,0.3812857443981438,-12.353973806357844,4.636345929529065e-35,7.095035840157786e-33,Folr1,34.333824167686714,DEG
Hoxc6,82.3365902707416,-4.74258931677705,0.3851909080010532,-12.312308567688422,7.776645713181471e-35,1.1632224798348283e-32,Hoxc6,34.10920768609247,DEG
Nlrp4f,37.398760441569145,-4.748173887651409,0.631971969458177,-7.513266595862263,5.76699173445499e-14,1.6068422067961845e-12,Nlrp4f,13.239050671041532,DEG
Prss44,17.164344282428342,-4.769963016968399,2.002474248118341,-2.3820346361260705,0.017217277975790635,0.053627763903300284,Prss44,1.7640355087207857,DEG
Ct55,10.488828087849702,-4.978906433620037,0.8870858152464992,-5.6126547714400346,1.9924586133154766e-08,2.6746269671591153e-07,Ct55,7.700610690858016,DEG
Cdx4,332.0477722494673,-5.080712307221559,0.5591131191912231,-9.087091919021663,1.0172338021943275e-19,5.242707062397397e-18,Cdx4,18.992579216857944,DEG
Fkbp6,14.165333556000256,-5.156718577479333,1.111892304151079,-4.637786014191767,3.5216110126865486e-06,3.0876566543140676e-05,Fkbp6,5.453258616674666,DEG
Hoxa10,14.445637588905726,-5.303788549116177,0.8691255614732416,-6.102442252562225,1.0445985667325044e-09,1.700592789408874e-08,Hoxa10,8.981050574383183,DEG
Gm53,22.959947388863448,-5.332763671757167,0.540833749911442,-9.860264217294821,6.188632381501251e-23,4.2163237190954074e-21,Gm53,22.2084053145971,DEG
Mir100hg,12.233776611996065,-5.53437749043811,0.9258604424224021,-5.977550435093737,2.2651781037083707e-09,3.504156547058657e-08,Mir100hg,8.644897645122759,DEG
Klb,11.849742355046052,-5.660764696543162,0.9437171517475728,-5.998370047699752,1.993079248607925e-09,3.114714734627342e-08,Klb,8.700475432584579,DEG
3830417A13Rik,18.359917773146265,-5.706222073103505,0.9388609902866951,-6.077813576385814,1.2183227466151213e-09,1.9593623865126295e-08,3830417A13Rik,8.914237647247898,DEG
Nlrp4c,24.517811505968766,-5.870857984729964,1.0997324637194263,-5.338442010590487,9.374868123113952e-08,1.126229628268291e-06,Nlrp4c,7.028034832806295,DEG
Adra1a,10.026113108529104,-5.9098511234194655,1.041864021379721,-5.672382385940499,1.4082520183084345e-08,1.9410610896470014e-07,Adra1a,7.851319617660808,DEG
Pax1,62.258868134123006,-6.073095714365171,0.5601694698663038,-10.841532859358871,2.1877428704415608e-27,2.0056662057402953e-25,Pax1,26.660003722791302,DEG
Wt1,148.81881545209356,-6.101128893386695,0.511738110729475,-11.922365689531366,9.050167423594743e-33,1.1845002021381171e-30,Wt1,32.04334338648864,DEG
Agmo,20.346898103042992,-6.379054703015236,2.7176792107124137,-2.3472434413416394,0.01891289318696827,0.058099613505489,Agmo,1.7232420301700428,DEG
Cp,10.882432524568005,-6.467652700858954,1.1986190384579867,-5.395920215967481,6.817323717154182e-08,8.382190236654221e-07,Cp,7.166386083259015,DEG
Hoxc10,12.264557671877995,-7.664782398501329,1.856878400013707,-4.127778317871945,3.662849705414665e-05,0.0002591348934549052,Hoxc10,4.436180901004628,DEG
Zscan4a,12.025263051650107,-7.855498301333075,1.5927385921228456,-4.932070046009906,8.136272755362953e-07,8.233113438209083e-06,Zscan4a,6.089574500822346,DEG
Fmod,38.04063881091805,-8.24247529241344,0.6563149678714432,-12.558719053970972,3.560503203056628e-36,6.054072711248596e-34,Fmod,35.44848861919928,DEG
