Gene,baseMean,log2FoldChange,lfcSE,stat,pvalue,padj,Symbol,-log10P,Category
Cbln4,25.968827242370878,6.534171247865361,1.9387495530798575,3.37030187188712,0.0007508587941577824,0.004822439058064992,Cbln4,3.1244417283541286,DEG
Cer1,923.8301875004659,5.936483284709132,2.1656849502654194,2.74115738024664,0.006122317481703231,0.026272320386713698,Cer1,2.2130841531808993,DEG
Msc,37.09478441741747,4.564525823051181,1.4641371995454908,3.1175533443642696,0.001823589416767133,0.00995741822397455,Msc,2.7390729368983338,DEG
Sez6,22.18862698597029,4.526407218487517,0.938346909727383,4.823810012655735,1.408415805371551e-06,2.157659446818959e-05,Sez6,5.851269109881935,DEG
Eomes,265.25017408676905,4.147212333715696,0.29616591718213375,14.003003361002126,1.494202967369018e-44,1.7731591675078338e-41,Eomes,43.8255904054515,DEG
Ccdc187,12.2008494358704,4.1194019525782215,1.0321066022376006,3.9912562749306937,6.572421053338764e-05,0.0006180900441143176,Ccdc187,4.182274621852297,DEG
Ajap1,15.161870600892911,4.076082499822335,1.984367603265662,2.0540964754284188,0.039966355131044004,0.11210199283756651,Ajap1,1.3983054569101172,DEG
Creg2,19.865547132399502,4.074308330361661,2.030219493094891,2.0068314505988396,0.044767612840158885,0.12150457397703489,Creg2,1.3490360630431106,DEG
Dll4,19.623584691903737,4.0739505173763755,2.048282938261728,1.9889588695367093,0.04670574301686842,0.1250051175435859,Dll4,1.3306297145690902,DEG
Pld5,13.708442533959122,4.042838177523508,2.016342630030408,2.0050353135977383,0.04495927192889048,0.1217940041490315,Pld5,1.3471807303532644,DEG
Tal2,27.05459392422274,4.013986636805225,1.1725615126541764,3.4232631665687885,0.0006187414289033675,0.004112591134723072,Tal2,3.208490804067673,DEG
Tceal6,11.97643600822117,3.959985378876168,0.957363591117354,4.136344243313459,3.528826867682148e-05,0.00036341263075922894,Tceal6,4.452369648598024,DEG
Rassf4,31.96328181228009,3.924252065753328,0.8579994970195682,4.573723037583353,4.791331161385818e-06,6.35016029438995e-05,Rassf4,5.31954381106794,DEG
Aqp4,12.886083694158117,3.759641633689281,1.8662266786290949,2.0145685820176267,0.043949872184362825,0.1199691622296016,Aqp4,1.3570423836097005,DEG
Corin,49.25213257742761,3.68563460167674,1.477792310086506,2.494013926396053,0.012630758872644553,0.04664944149587922,Corin,1.898570555675772,DEG
Car4,704.3880641848411,3.6561724472920187,0.2588871929142759,14.122647034543228,2.754472777341775e-45,3.541104294670963e-42,Car4,44.55996151543394,DEG
Kcnc2,14.29533614344004,3.5565086909990957,1.5063557478155993,2.3610018391448833,0.01822564022768397,0.06178135613985511,Kcnc2,1.7393172069075653,DEG
Gad2,54.31300055815753,3.461955768556899,0.5033161644259188,6.878292439714504,6.0574224716529935e-12,2.6775890106071844e-10,Gad2,11.21771213564671,DEG
Snord13,14.42961044271296,3.347843397414904,1.0216536796647788,3.276886741614229,0.0010495846200086001,0.006349781150146147,Snord13,2.9789825418159137,DEG
Cyp2j13,29.274307835423237,3.324283698765353,0.622777154715057,5.337838219653919,9.406132914612764e-08,1.9451529822215965e-06,Cyp2j13,7.026588888690615,DEG
Dhrs3,201.95268883537855,3.1851799703049952,0.31509481354073454,10.108639791664562,5.058164020830117e-24,9.754037043668277e-22,Dhrs3,23.29600709191797,DEG
Shisa3,53.266878247091086,3.1607342696980267,0.43325210035509354,7.295369756101558,2.978399734046828e-13,1.640991882040729e-11,Shisa3,12.526017015569547,DEG
Miat,60.34275816774655,3.133208020911605,0.42862660733459873,7.3098775654534425,2.6738590657083096e-13,1.489156094104047e-11,Miat,12.572861487350107,DEG
Tmc5,11.016802891477703,3.1104598425924164,0.9394015280213771,3.3111079233007534,0.0009292736157410023,0.005745853334683945,Tmc5,3.0318563933146345,DEG
Otx2,1122.2724691484623,3.1072845847913837,0.23597217219827732,13.168012803562554,1.3408045038714128e-39,8.993300470097516e-37,Otx2,38.87263453988085,DEG
Piwil1,14.298087658164427,3.0424057002244695,0.9240910147538401,3.2923225652560935,0.0009936357490245564,0.0060636149921684465,Piwil1,3.002772791840598,DEG
Ntng2,12.746462774625485,3.0405338135396938,1.1985750642500559,2.536790480821612,0.011187388702279677,0.042425724068355104,Ntng2,1.9512712722325651,DEG
Calcr,564.625554372601,3.0004880822894364,0.23542139414420243,12.745180161712707,3.316238275896254e-37,1.9676772262404425e-34,Calcr,36.479354272395234,DEG
Slc35d3,269.3672149239923,2.9741176022314555,0.305022618275323,9.750482174233136,1.8359416470723677e-22,2.999279733525906e-20,Slc35d3,21.73614112637944,DEG
Zscan4a,12.025263051650107,2.9654938332250724,1.2276747304311009,2.4155370797472817,0.015712022632355823,0.055201405864120534,Zscan4a,1.8037679039779397,DEG
Foxq1,20.292001891351866,2.8294250675683537,0.935611287583437,3.0241459301719127,0.0024933613740621354,0.01284310047334109,Foxq1,2.6032147726846224,DEG
Pdzd4,479.5402310246364,2.7922953330102,0.22990380501865953,12.145494211300985,6.061521837424966e-34,2.5273269563771607e-31,Pdzd4,33.2174183258962,DEG
Eras,259.66793491354844,2.785152499525351,0.20376610481694504,13.66837974366451,1.5684881869095715e-42,1.5123167037158724e-39,Eras,41.8045187478488,DEG
Ptchd1,33.12136655242569,2.7760364325884237,0.5724069050726716,4.84976056016652,1.2361059673076935e-06,1.9203833592805425e-05,Ptchd1,5.907944297010697,DEG
Myocd,52.865924027556154,2.739356163238245,1.0993089930763402,2.4918891599097592,0.012706568334888651,0.046853007496850174,Myocd,1.8959717235965394,DEG
Foxi3,188.15200968328716,2.733516651275291,0.28008694768018755,9.759528867430516,1.6793353944006015e-22,2.7857104440234493e-20,Foxi3,21.774862558542726,DEG
Fut1,63.602731556776774,2.718919300025705,0.4370837112078226,6.220591686000684,4.952835399350758e-10,1.5819335756891127e-08,Fut1,9.305146104955465,DEG
Mab21l2,55.22881235848795,2.6999049768018932,0.4158648449195447,6.4922654794834385,8.455508391026762e-11,3.062045257003987e-09,Mab21l2,10.07286027514136,DEG
Fgf4,603.9731801248296,2.69173640805915,0.3873738816528685,6.948678100273304,3.687248019896649e-12,1.7353337774804778e-10,Fgf4,11.433297648927706,DEG
Cyp24a1,15.430721972608895,2.661007024472261,0.9075306175881837,2.932140219736106,0.003366347178320134,0.01640841640440591,Cyp24a1,2.472841096365721,DEG
Fzd7,1099.566356853135,2.6599580062948354,0.265596372481149,10.015038915803073,1.3091037956222673e-23,2.4331981030198455e-21,Fzd7,22.883025917942067,DEG
Gmnc,17.941570172039558,2.658887741267898,0.6960155418406697,3.8201557026101076,0.00013336745557828727,0.0011151543291090717,Gmnc,3.874950134340789,DEG
Stk32a,16.84828538044525,2.6526259337776135,0.7722872563969325,3.4347659006485576,0.0005930659180487943,0.00395967934498501,Stk32a,3.226897033020514,DEG
Gm33460,10.106189925247195,2.6495214215599017,0.6837868719806924,3.874776674031721,0.0001067225280650941,0.000926510095925834,Gm33460,3.971743895649076,DEG
Gm5724,14.884797044417194,2.639799010749388,0.9127510111192616,2.8921348523211523,0.003826336735281966,0.01811768496713206,Gm5724,2.417216812709237,DEG
Ssc5d,35.2194739543222,2.614223521965759,0.7902416279714554,3.3081318794562264,0.0009392057015108739,0.005795650542883301,Ssc5d,3.02723927967483,DEG
Sned1,150.21579463475732,2.596499753606259,0.24754493303355715,10.489003841796583,9.704612862586459e-26,2.201662685751784e-23,Sned1,25.013021784850164,DEG
Kcnb1,26.566388841699414,2.593859161620101,0.5415818150791867,4.78941332481934,1.6726962823016837e-06,2.4932063330500557e-05,Kcnb1,5.776582908347087,DEG
Zic2,145.0808098440069,2.587906284986179,0.34179754848566807,7.571459469068405,3.6905421998993793e-14,2.305020020965495e-12,Zic2,13.432909824321683,DEG
Tcerg1l,12.401834666579719,2.57444752322653,0.9371892048034919,2.7469880255037036,0.0060145330370647045,0.02591069566121117,Tcerg1l,2.2207980852482314,DEG
Clec12a,10.249601064817684,2.5646704197492034,0.811211666956153,3.1615304910152715,0.0015694238657818526,0.008839540700042585,Clec12a,2.804259747484048,DEG
Ubxn10,20.974204094608886,2.5366517216856015,0.9066596828346832,2.797799184976139,0.005145209092669551,0.02302072308397959,Ubxn10,2.2885969715434475,DEG
Gm4987,19.220478107968592,2.5264269770154804,0.5264230617145884,4.799233089801899,1.5927434216768323e-06,2.3892561791021954e-05,Gm4987,5.797854179958275,DEG
Gm37127,10.866164339608623,2.5205688188086053,0.8531769808851901,2.95433289373731,0.0031334580058459674,0.015478660472681953,Gm37127,2.503976121277263,DEG
Pou3f1,137.4253909140626,2.476591018774104,0.3036967030710705,8.15481693982874,3.4970916623608683e-16,2.7809089214041816e-14,Pou3f1,15.456292984237564,DEG
9430069I07Rik,22.870054935188676,2.471373298533879,0.4867868570896721,5.076910484620217,3.836214919589989e-07,6.810274748505726e-06,9430069I07Rik,6.416097069964005,DEG
Pax8,11.784673740707852,2.441443802316898,0.8807342442705243,2.7720550418009973,0.005570361671378235,0.02446867013221869,Pax8,2.2541166061216833,DEG
Skida1,235.84893008021604,2.4071760616967315,0.2611729409340579,9.216789660857346,3.0612826799785313e-20,3.993349577813198e-18,Skida1,19.51409656563739,DEG
Dnah17,11.345514385035235,2.3853700258540744,0.6707291935835378,3.556383185156502,0.0003759955508330058,0.0026991546592372174,Dnah17,3.4248172940619845,DEG
Otx1,24.52892383788522,2.370322167135942,0.5857269533427981,4.046803981971964,5.192168485410036e-05,0.0005085687823772738,Otx1,4.284651223161341,DEG
Samd5,14.844066828709293,2.3689900540210598,0.6826687057730557,3.4701899090839525,0.000520090494750679,0.00355333749447242,Samd5,3.2839210833815833,DEG
Irx3,116.94106460208947,2.3665335110809678,0.4951319361330619,4.779601836155818,1.7564268929441937e-06,2.6054228536009688e-05,Irx3,5.755369921961722,DEG
Six1,312.94332403044984,2.364717520340858,0.37374800785596973,6.327037122970146,2.4991324828881707e-10,8.345046929332426e-09,Six1,9.602210720639377,DEG
Ptges,162.50083173856092,2.356348689622566,0.413949129189886,5.692362958303666,1.2529315328425498e-08,3.1429227247417913e-07,Ptges,7.902072660626838,DEG
Hk3,10.496092518266218,2.339099957074726,0.7230042599935965,3.235250587728823,0.0012153601487886194,0.007158977096358164,Hk3,2.91529500811125,DEG
Prob1,169.89940822030488,2.3165370045600335,0.2909178375333677,7.962856537782189,1.6811233599063707e-15,1.229132230960928e-13,Prob1,14.774400417101313,DEG
Mmp25,736.3193757077232,2.310274021301401,0.1845960519561055,12.51529486584444,6.157877661296937e-36,3.166585956027595e-33,Mmp25,35.210568943485995,DEG
Aadat,83.66196599161,2.3091788790964354,0.30697051481453086,7.522477787456632,5.3747751142962175e-14,3.3166662275299098e-12,Aadat,13.269639702326481,DEG
Spta1,193.60441935390648,2.306185392644154,0.3391729324156634,6.799438198735377,1.050279068917703e-11,4.525881339718828e-10,Spta1,10.97869528951304,DEG
Sncb,47.237952039145625,2.304699355360441,0.41662388139633505,5.531846488578931,3.168771746514138e-08,7.362144839378555e-07,Sncb,7.499109042854365,DEG
Faim2,12.286926335907898,2.3032018727574277,0.9075309446799986,2.537876957539505,0.011152718760358449,0.0423652002191217,Faim2,1.9526192493251036,DEG
Timp4,79.15188420361514,2.297329377612816,0.4481243720645863,5.126544148957183,2.951088792180968e-07,5.432750214436252e-06,Timp4,6.53001772327737,DEG
Cyp26a1,760.1451713478873,2.270972542119813,0.6010749667685567,3.77818519764482,0.0001579753840497837,0.001284705455843971,Cyp26a1,3.8014105801608467,DEG
Myh3,18.2714313069573,2.260262908479313,0.5950396050551792,3.798508350162196,0.0001455695257980176,0.0012009096655005442,Myh3,3.836929532735754,DEG
Mapk15,15.214862316062627,2.2540746170604757,1.0811428048017286,2.0848999845805305,0.037078380084751984,0.10603650594101802,Mapk15,1.4308792479801071,DEG
Slc6a1,33.75071974229292,2.243486107037119,0.6255051525168497,3.586678859494582,0.0003349163693363652,0.002441755590620088,Slc6a1,3.475063625411101,DEG
Atcay,70.30942598180981,2.241486565204508,0.4412395574378201,5.07997646045228,3.774816392006852e-07,6.716735003401351e-06,Atcay,6.423104167710955,DEG
Cdh11,680.2998437127533,2.2267345149683506,0.48174387510518063,4.622237313307161,3.7962337118000973e-06,5.155325481684868e-05,Cdh11,5.420647058462684,DEG
Nefl,958.3878091895172,2.2148055114507184,0.1530307148938376,14.472947558189226,1.7960735600212797e-47,3.2812658943883076e-44,Nefl,46.74567588033179,DEG
Trim47,13.958748337464582,2.2126594048088335,0.8725268076464936,2.5359214014032885,0.011215190275225937,0.04248099714494647,Trim47,1.9501933538438603,DEG
Gm42463,12.01597032401835,2.211244507751585,1.007677346706992,2.194397358418102,0.02820685565495677,0.08628736113206782,Gm42463,1.5496453239053163,DEG
AI661453,67.16236087914302,2.2109089766157326,0.3593495030887512,6.152531052950108,7.625603444988055e-10,2.3717779101982e-08,AI661453,9.11772578313413,DEG
Scube2,25.417292791434804,2.2042214760441086,0.7193584390629743,3.064149047747734,0.0021829012555880088,0.011580336200122493,Scube2,2.6609659093312517,DEG
Wnt7b,24.42417280143921,2.2015103477419755,0.7836942810874228,2.8091443320056486,0.004967337154863056,0.022357151350627352,Wnt7b,2.303876361541474,DEG
Fgf15,480.10544922929364,2.2006047870552323,0.2726254963250531,8.071896490676856,6.921454323051911e-16,5.3388637920860924e-14,Fgf15,15.159802642809726,DEG
2610528J11Rik,33.01737777487277,2.1987121537753818,0.5206097225451164,4.223340553508083,2.407076801383374e-05,0.00026169114739211635,2610528J11Rik,4.618510052689289,DEG
Pla2g10,158.72524469010787,2.1969682974299887,0.2308928264946183,9.515099844304586,1.815384798798536e-21,2.61737769075374e-19,Pla2g10,20.74103130545862,DEG
Gfra1,38.36038468929043,2.1896625501696487,0.5859298822469582,3.737072671174583,0.0001861751282668036,0.001478190274715378,Gfra1,3.7300783382739264,DEG
Gm38042,15.859706170575016,2.182641375746062,0.7031534253926499,3.1040755785655842,0.0019087456530479027,0.01033563327117234,Gm38042,2.7192519389909036,DEG
Ttbk1,11.467486311341233,2.174786852257528,0.7292970208856028,2.9820317236681326,0.002863423260380773,0.014365783061349032,Ttbk1,2.5431144514679764,DEG
Tdgf1-ps1,100.03298169962677,2.170091401058598,0.29443144921862213,7.370447032128199,1.700568231138036e-13,9.609767802844866e-12,Tdgf1-ps1,12.769405938378556,DEG
Hsbp1l1,24.101813864438125,2.1577556005388163,0.5136447734917815,4.200871325664021,2.658896855071305e-05,0.0002844577100082179,Hsbp1l1,4.5752985096568555,DEG
4930519F16Rik,12.921648503286043,2.150914771028176,0.8328531488694174,2.5825858663655206,0.009806295636698202,0.03835525645262382,4930519F16Rik,2.0084950179375585,DEG
Gm40689,13.779894898549317,2.1402290419936354,0.5558833664737626,3.850140463043794,0.00011805010440394168,0.0010106320536290834,Gm40689,3.927933624493465,DEG
Fgf5,2859.9705746374902,2.135380449560344,0.17163585398434025,12.441342528322622,1.5586196978404847e-35,7.514008149557862e-33,Fgf5,34.80725983944717,DEG
Cdh9,41.07052179557117,2.1342204397607887,0.3984384101965147,5.356462592821222,8.486706043944642e-08,1.7764506667562279e-06,Cdh9,7.071260840324077,DEG
Arhgef19,19.222232717013252,2.128359908740069,0.542545552303376,3.922914674545062,8.748414054629936e-05,0.0007810288403980093,Arhgef19,4.0580706703777105,DEG
Derl3,72.68550549864153,2.120601069348751,0.3064915706741623,6.918953968894653,4.549906609415015e-12,2.0960220691080004e-10,Derl3,11.34199751750376,DEG
Enpp3,2084.301081549032,2.115950819030126,0.1497853231928954,14.126556420385583,2.6057836778313563e-45,3.541104294670963e-42,Enpp3,44.584061640589525,DEG
Rab25,235.41510553772972,2.115832428807652,0.25459020309181857,8.310737817529342,9.51088517643055e-17,7.931050033340223e-15,Rab25,16.021779061469584,DEG
Gm16196,21.038919634935603,2.1088328246456394,0.4816598728501877,4.378261390484478,1.1962981962227221e-05,0.00014229215322380826,Gm16196,4.922160552093318,DEG
Gm36371,12.095433140867284,2.1031879634129487,0.6616264537733013,3.1788148001312866,0.0014787854284982534,0.008411955311741355,Gm36371,2.8300948374835535,DEG
Gm47585,30.871462420685866,2.093326095036011,0.4824865409057332,4.338620702468463,1.4337973129866173e-05,0.00016656017430304628,Gm47585,4.843512237840469,DEG
Dbx2,17.352051758529402,2.0921915170850265,0.6445321700294526,3.246062205071039,0.0011701326853688738,0.006917893417904509,Dbx2,2.9317648893168418,DEG
Cxcl12,1431.5013557726002,2.0900412484085473,0.22104084551262082,9.455452649764732,3.2162735006103433e-21,4.510677390355979e-19,Cxcl12,20.492647027474764,DEG
Elavl3,59.18877597300962,2.0887205281397567,0.40065904747206604,5.213211934981657,1.8559864700811522e-07,3.6106309298791847e-06,Elavl3,6.731425194060321,DEG
Fbxo32,26.296904318526874,2.080075766809773,0.45506305762970817,4.570961610560712,4.854912241852896e-06,6.428903961808122e-05,Fbxo32,5.313818616059477,DEG
Lhx3,12.08949594924744,2.071017658990758,0.7141352802050668,2.900035492429469,0.003731204082838869,0.017749945278289592,Lhx3,2.4281509960337333,DEG
Rtn4rl1,158.01467089989598,2.064989455463006,0.2833635882341667,7.287419912810165,3.1594699915899745e-13,1.7284093461084585e-11,Rtn4rl1,12.50038576517696,DEG
mt-Tq,79.18311302462648,2.054711192756977,0.7492809189259501,2.742244118137005,0.006102097259641611,0.026214718581033455,mt-Tq,2.2145208745387377,DEG
2610509F24Rik,17.11616218570961,2.0441849394490883,0.5253782074586771,3.890882625941181,9.988024193871038e-05,0.0008754843706752757,2610509F24Rik,4.000520414333108,DEG
Tbx20,33.870576429175806,2.0403046254393127,0.7368973998081721,2.7687770725889944,0.005626712020602812,0.024667032208536395,Tbx20,2.249745311798838,DEG
Rbbp8nl,37.259797693502705,2.037481835704394,0.43321307506426204,4.703186383287617,2.561324018522905e-06,3.64180144089888e-05,Rbbp8nl,5.59153547793323,DEG
Myb,181.13752222590483,2.0373750161441424,0.2903647874738051,7.016604988054695,2.2732410517288183e-12,1.1028078523591346e-10,Myb,11.643354509772161,DEG
Ebf3,28.048409919937342,2.033826789713886,0.928248229963557,2.1910376169462062,0.028449070411189874,0.08690768499671805,Ebf3,1.5459319198448824,DEG
H3c11,11.615001984572714,2.032166939694713,0.5828709967272815,3.486478056216511,0.0004894255346633791,0.003387334106438739,H3c11,3.3103133760669605,DEG
Crnde,50.551139701839766,2.0296478036867596,0.43786933642325704,4.635281886295056,3.5645140041182495e-06,4.883637437081016e-05,Crnde,5.447999674709069,DEG
Bc1,17.900947840889913,2.0275183843252904,0.712442887751367,2.8458679554295268,0.004429055650953466,0.020359666724451466,Bc1,2.3536888627836174,DEG
Dcdc2a,18.697264381189154,2.017611766907356,0.8849363059838502,2.2799513968005023,0.02261057125223599,0.07277556492974016,Dcdc2a,1.645688465139831,DEG
F730043M19Rik,15.555951287184753,2.010835044969628,0.6259194049984127,3.212610168196858,0.001315346909617743,0.007642883907598087,F730043M19Rik,2.8809596912325506,DEG
Dnmt3b,18216.03865454947,2.0060903950731483,0.13975321020201562,14.354521031562072,9.9812709338083e-47,1.5398106669586065e-43,Dnmt3b,46.00081415566681,DEG
Gm4969,42.23158311479284,1.9982875356320022,0.4120317205506972,4.849839068121283,1.2356168315633807e-06,1.9203833592805425e-05,Gm4969,5.908116184374059,DEG
Tdgf1,3541.6263886055435,1.9975678776147094,0.2421317829998715,8.249920158626056,1.5850038510501096e-16,1.2869397057973704e-14,Tdgf1,15.799969678248893,DEG
Tbc1d30,17.13147458580302,1.9804303211186014,0.8608683773782478,2.3005030422303934,0.021419737132561664,0.06997930638374181,Tbc1d30,1.669185863223045,DEG
Kcnip4,16.754546515186107,1.9736065022148637,0.6763240653074007,2.918137330094599,0.0035212922915995224,0.01698123669349979,Kcnip4,2.453297923989697,DEG
Ppp1r14a,63.21592500622793,1.9661395747378614,0.37666211261556265,5.219902689667614,1.7901716678988682e-07,3.495820040591878e-06,Ppp1r14a,6.747105320502565,DEG
Lrp2,562.2392246730726,1.9569759102366504,0.24837843721371092,7.879008871260512,3.2998806970222936e-15,2.303495905563933e-13,Lrp2,14.481501761201352,DEG
H3c7,15.065202516315473,1.9565455905445306,0.6108175244825114,3.2031589011826878,0.0013592895747407048,0.007862677266413518,H3c7,2.8666880139699424,DEG
Slc27a2,1353.2432119014998,1.9536786064926501,0.1979896219318215,9.867580873331871,5.75354365436073e-23,1.0086354313161703e-20,Slc27a2,22.240064587397463,DEG
Snora78,11.996552762719212,1.9503735374429165,0.6170290574054549,3.160910355898053,0.0015727689400427943,0.008850489481290476,Snora78,2.803335076127668,DEG
Slc45a1,67.54067862346677,1.9488522721295143,0.36984517043483356,5.269373315969529,1.3689030797740043e-07,2.7144046030428743e-06,Slc45a1,6.863627299425822,DEG
Aff2,19.021397267494894,1.9468967516906017,0.7083427448662715,2.748523600757932,0.0059864325015145945,0.025842120780686074,Aff2,2.2228319099088147,DEG
Irs4,109.83978756782606,1.9465372057601982,0.4023584417336059,4.837818730416907,1.312717754811514e-06,2.0271568371849077e-05,Irs4,5.88182864078375,DEG
Frat2,23.84078327100431,1.9451468235863956,0.58827599578624,3.3065208125425496,0.0009446233283147645,0.005817446740882983,Frat2,3.0247413333376887,DEG
Sobp,18.406816711007536,1.9421593753158986,0.6730080529950165,2.885789206641603,0.003904335602646638,0.0184139973531121,Sobp,2.4084528590091168,DEG
H2ac20,13.001186968003724,1.9134780793903154,0.6416703784903716,2.9820265100783794,0.002863472023961125,0.014365783061349032,H2ac20,2.5431070555744553,DEG
Ednrb,153.7551799303324,1.9115986379636936,0.6753890945155538,2.8303664561460735,0.004649471651188798,0.021214847430609165,Ednrb,2.332596395929437,DEG
Fam131b,43.75257229207487,1.902833569811389,0.39485939412964793,4.81901557389974,1.4426829325753159e-06,2.1948983827257787e-05,Fam131b,5.840829106026039,DEG
Flt1,303.0080032366586,1.900825284964474,0.35973195245068884,5.2840045817865855,1.263900877634241e-07,2.535526507056364e-06,Flt1,6.898286984585663,DEG
Jph4,151.70625220935827,1.8843683390185069,0.25476776961857245,7.39641573123517,1.3990952144893283e-13,8.023733038634524e-12,Jph4,12.854152728881854,DEG
Spon1,456.8359003020155,1.8827900117768366,0.3309286886340324,5.689413086391483,1.2747675174590623e-08,3.1925062486754797e-07,Spon1,7.89456901137968,DEG
Sh2d4a,19.027826175083558,1.8804175812495258,0.669943182397312,2.8068314308695177,0.005003141531179663,0.022471114151803546,Sh2d4a,2.3007572114198203,DEG
Gm37736,11.481025132481776,1.8765956505798616,0.8411734288257309,2.2309259734934437,0.025686032929841833,0.0802467456477663,Gm37736,1.590302965010287,DEG
Kbtbd11,126.16001715526217,1.8756883700030806,0.30933064382709796,6.0637004688468785,1.330247923756375e-09,3.9925553929551753e-08,Kbtbd11,8.876067410247144,DEG
Rps25-ps1,13.537842625131878,1.8627995050989266,0.5936093088940315,3.138090116156627,0.0017005258646024734,0.009423136678599984,Rps25-ps1,2.7694167581630698,DEG
Adcy8,50.22447831458342,1.8623340586337773,0.8046412018064304,2.314490054017632,0.02064085620051575,0.06803984799259753,Adcy8,1.6852722917615366,DEG
Pcsk2,36.66064778639516,1.8510718959407524,0.4809021892615822,3.8491650428604713,0.00011852113339792118,0.0010131340234499997,Pcsk2,3.926204204086102,DEG
Olfml2a,151.22019913837596,1.8450033388727858,0.5413264168855488,3.4083009461976244,0.0006536875780982867,0.004304070963432467,Olfml2a,3.1846297677717694,DEG
Tmem54,261.12746075830034,1.8430737374908424,0.241454128976764,7.633225181534203,2.289524613536817e-14,1.4903162959085435e-12,Tmem54,13.640254683227893,DEG
Wnt11,35.70112849715726,1.8422006291067161,0.37337021110989865,4.933978593606866,8.057127415893631e-07,1.3209065318277476e-05,Wnt11,6.093819768342799,DEG
Gm47234,13.01662265104309,1.8328243611079194,0.6679779160244828,2.7438397544878455,0.006072517281775792,0.026102180023949605,Gm47234,2.2166312405624886,DEG
Rasef,161.62780022525504,1.8215317919575933,0.39546603850417045,4.606038482716346,4.104124709726106e-06,5.519994062506072e-05,Rasef,5.3867794510339095,DEG
Utf1,3065.3022341460437,1.8209065863758902,0.2002181485605668,9.094613048152619,9.492387679924779e-20,1.135186548358136e-17,Utf1,19.02262453301118,DEG
Pax6,95.81003195725555,1.8117410684417545,0.5136856477530211,3.5269450808421956,0.00042038395069368136,0.0029682698748749966,Pax6,3.376353872706171,DEG
Shisa6,28.25876727351103,1.8098061110522499,0.49214307429484816,3.6773983127678354,0.00023562495889318554,0.001808450866092126,Shisa6,3.6277787082165585,DEG
Pcsk1n,187.71242582976504,1.807928364208525,0.2035914628071456,8.880177681718935,6.675364754437738e-19,7.151448060188263e-17,Pcsk1n,18.175524998650797,DEG
Pianp,92.34092598870909,1.7977400360056586,0.3185941079313763,5.6427284474227735,1.6737622857411807e-08,4.105859617447031e-07,Pianp,7.776306222162149,DEG
Gm13604,13.518105197043939,1.7973570487571207,0.6015249942857853,2.98800060817289,0.0028080899561664947,0.014166253680111351,Gm13604,2.5515889838495833,DEG
4930526L06Rik,24.52641573096618,1.7823404800644973,0.6144593965751431,2.900664372615762,0.003723724816832581,0.017724746297215745,4930526L06Rik,2.42902242085582,DEG
Jph1,43.549430770970524,1.781451504395298,0.4017781830688737,4.433917966346912,9.25358481420545e-06,0.00011368791446732088,Jph1,5.0336899901337855,DEG
Pak6,49.66676365919262,1.7766346325818705,0.41493517317582407,4.281716150944479,1.8545745598611104e-05,0.00020792530330652144,Pak6,4.731755701949642,DEG
Adamts9,132.13274325157352,1.7717222073157157,0.3845285432259175,4.607518059523598,4.07503821010144e-06,5.495246019863192e-05,Adamts9,5.389868314688813,DEG
Prrx2,24.762908092995417,1.766294349897237,0.8876383414894494,1.9898806386995522,0.046604085640929126,0.12490059010563358,Prrx2,1.3315760083415156,DEG
Gm45184,19.482891319678153,1.765402284397061,0.5521784966838367,3.197158699586024,0.0013878854556412718,0.008001087041919992,Gm45184,2.8576463754054284,DEG
Prom2,58.168848259925774,1.7638720397188214,0.3532003960672932,4.993969597312573,5.915071332927828e-07,1.0116608143356717e-05,Prom2,6.228040013620982,DEG
Tead3,80.21667035005227,1.7610492995275533,0.3243254830002569,5.429882608164213,5.639113297406361e-08,1.2306657890718176e-06,Tead3,7.248789179760982,DEG
Trh,7882.415352925605,1.7562684232790458,0.19450837071270255,9.029269109827318,1.7282218591906726e-19,1.9460787315134674e-17,Trh,18.762400506048426,DEG
Rasgrp2,327.50246240712113,1.7547631937100465,0.199455834978059,8.797753116137605,1.3958270430265804e-18,1.4451962277027553e-16,Rasgrp2,17.855168391822225,DEG
Slc41a2,17.594329206257033,1.751451655469459,0.7312044604927963,2.39529673313134,0.016606919376278322,0.05759778444645811,Slc41a2,1.7797109227543322,DEG
H2ac13,10.626775727439563,1.7506553341346345,0.7651288022411831,2.2880531081913116,0.022134428534758582,0.0716616640095951,H2ac13,1.6549316861271808,DEG
Dmkn,14.796590829131587,1.748058651882958,0.5615308135759192,3.1130235592077975,0.0018518123479878267,0.010076863877392664,Dmkn,2.7324030243292707,DEG
Jakmip2,160.9989224313481,1.747922929797072,0.253508761884151,6.894921172767361,5.3894679833694095e-12,2.4099513791141994e-10,Jakmip2,11.268454103698348,DEG
n-R5-8s1,28.24279071025973,1.736207312979828,0.6143134685297846,2.8262563038623156,0.004709556415381591,0.021431954814186374,n-R5-8s1,2.3270199963582066,DEG
L1td1,3341.2076380719777,1.7354598642721115,0.17406056366729378,9.970436885343759,2.0532366533371015e-23,3.726503747180172e-21,L1td1,22.68756099153773,DEG
Rny1,10.19672691070397,1.7345491117203937,0.6654971141487843,2.6063961433386513,0.009150056794438059,0.03622220327631407,Rny1,2.03857621025765,DEG
Col8a2,20.377790173558076,1.7328199969227467,0.7509351953738691,2.3075493166358054,0.021024216265974928,0.06899395539995644,Col8a2,1.677280184719416,DEG
Slco2a1,11.656474025882973,1.730801513386276,0.8448501690498219,2.048649070323153,0.04049644265587965,0.11321663515306375,Slco2a1,1.3925831250020193,DEG
Dnah7a,26.918547751520666,1.7274362954844011,0.43771913254579425,3.946449142941396,7.931876003202332e-05,0.0007206422326348786,Dnah7a,4.100624083617759,DEG
Lrtm2,26.40315632673219,1.7248022684663173,0.647632316585662,2.663243053650456,0.007739149157095965,0.03157679292423154,Lrtm2,2.111306783075477,DEG
Hes5,98.02792822068837,1.721787288070551,0.7183132643510325,2.3969866261986925,0.016530527048514793,0.05741357351302539,Hes5,1.7817132994465397,DEG
Enc1,1601.1519699626654,1.7217478253912109,0.21002512762757702,8.197818255557815,2.447890683161536e-16,1.9668546650590113e-14,Enc1,15.611207980627695,DEG
Cbr3,616.5419818980666,1.718878235549187,0.17536010058873577,9.801991614845132,1.1038731686343112e-22,1.8713682826946724e-20,Cbr3,21.957080822735904,DEG
Dlx3,60.4470682032582,1.7119785795511344,0.8311890804513309,2.0596740498822963,0.03942971183615147,0.11098014313014207,Dlx3,1.404176396866077,DEG
Gm44913,29.365972362259328,1.7115130377509005,0.49441021916076383,3.4617266622362837,0.0005367219577426687,0.0036507979021587963,Gm44913,3.2702506370002613,DEG
Gm2366,13.14402815232949,1.7078392713603694,0.5785431651071387,2.951965167619083,0.003157585479624167,0.015572912785857424,Gm2366,2.5006448837412463,DEG
Poln,19.190381792807578,1.7005974715444487,0.7230581528863449,2.3519511739905106,0.01867522613617102,0.06297327073283285,Poln,1.7287341306586612,DEG
Ccn2,823.864321402774,1.6967410543031065,0.18035336111461403,9.407870437329041,5.062903530735449e-21,6.973697568629979e-19,Ccn2,20.295600347641486,DEG
Gpr1,13.015281635341633,1.6877389800292906,0.665254718322599,2.5369816004985672,0.011181283061409312,0.04242342690318777,Gpr1,1.9515083579417525,DEG
Kcnh3,14.849406621213353,1.6846849918878817,0.664042557174938,2.537013589995049,0.011180261392105007,0.04242342690318777,Kcnh3,1.9515480426193847,DEG
D230049E03Rik,10.853430602787663,1.682872252152428,0.8399596593446006,2.003515565813638,0.04512197853024137,0.122143667798918,D230049E03Rik,1.3456118654536346,DEG
Slc7a3,5357.88152139585,1.6799167692527965,0.12483903954035129,13.456662078129838,2.8134117345217723e-41,2.411250157137077e-38,Slc7a3,40.550766705465186,DEG
Ephx3,10.825835175458058,1.6780896933534275,0.7476055509129327,2.244619092654196,0.02479259600712867,0.07807213280301571,Ephx3,1.6056779963244414,DEG
H1f4,186.47172697683445,1.6774086978100748,0.566933535851764,2.9587395906822254,0.003089000121100444,0.015285225304896597,H1f4,2.510182074672569,DEG
H2ac8,304.96233051150415,1.6772919235687693,0.3568748459088281,4.69994437208744,2.6023236806410472e-06,3.689894064453073e-05,H2ac8,5.584638686262662,DEG
Crocc2,59.552400911341046,1.6770721997584221,0.3386896912101583,4.951648199761097,7.358754688994983e-07,1.2193717356297058e-05,Crocc2,6.13319567444745,DEG
Noct,622.4336346445812,1.6760832807508572,0.27402079020795794,6.116628156129526,9.557602885338582e-10,2.931314904813485e-08,Noct,9.019651018206208,DEG
Fgf14,79.66070291332102,1.6740360161299968,0.28021018675662346,5.9742154113190065,2.312001454301763e-09,6.605045636206166e-08,Fgf14,8.636011897070267,DEG
Ahr,109.09158293203654,1.6689797092345373,0.39550980114531825,4.219818837362568,2.444987132165939e-05,0.00026525187403603337,Ahr,4.611723422202542,DEG
Grin2b,14.0133925372539,1.667681986902802,0.6587335646707276,2.5316487216442414,0.011352766192280228,0.04287371457730896,Grin2b,1.944898306252973,DEG
Igfbp5,4624.875188611249,1.6609994039772615,0.3422456847097344,4.853236952822325,1.2146241767648498e-06,1.8946417770426022e-05,Igfbp5,5.915558078613533,DEG
Sult2b1,11.161767897595865,1.6598745316173669,0.6773131777260196,2.450675088280659,0.014258859679289141,0.05123592770856408,Sult2b1,1.8459152048343959,DEG
Gm23639,18.10112131690308,1.659834492159723,0.5557565637675058,2.9866214820885055,0.0028207874030507013,0.014202443624955343,Gm23639,2.5496296444937694,DEG
Bicdl2,45.51830441443106,1.6581748358727733,0.4096142180016629,4.048137889261553,5.1626730000673513e-05,0.0005060009934691171,Bicdl2,4.287125381976558,DEG
Hhip,106.357243458033,1.6578913558408166,0.66040050698265,2.5104331966910083,0.012058313501036047,0.044980637829480044,Hhip,1.9187134292117407,DEG
Atp8a2,18.346974143749446,1.6574103889696519,0.6608952494452969,2.507826149999945,0.012147641735373875,0.045244246511736544,Atp8a2,1.9155080250057126,DEG
Gm43775,12.301674575908702,1.649933172149379,0.6087404667204513,2.7104049465255433,0.0067201107142685484,0.02824057422746415,Gm43775,2.1726235718569167,DEG
Mapk10,46.59865173455276,1.6448499982245843,0.5185506849787266,3.1720139339745814,0.0015138574326573435,0.008576672278224326,Mapk10,2.819915022541098,DEG
H2bc11,10.719941188333015,1.641641574540258,0.5610594614801322,2.925967187523119,0.003433871531651405,0.01664812574443313,H2bc11,2.464215956740201,DEG
Tcf7l1,294.0763064213244,1.6409361392540465,0.21920629789097892,7.4858074564543635,7.11085811992805e-14,4.285125320942579e-12,Tcf7l1,13.148077986575181,DEG
Gm10800,12.444609576124716,1.6397586771752979,0.8139223731682589,2.0146376745885535,0.04394262695684464,0.1199691622296016,Gm10800,1.357113983857029,DEG
Krt7,59.542717289953195,1.6395572372584144,0.539318766470237,3.04005226443181,0.0023653709761039424,0.012344579853976833,Krt7,2.6261007364314453,DEG
C1ql1,11.5202107334424,1.6395483377273012,0.6348642476142321,2.5825179853623665,0.009808224976055031,0.03835525645262382,C1ql1,2.0084095810863976,DEG
Wt1,148.81881545209356,1.6350187761569734,0.47479399547555334,3.4436382762577686,0.0005739430189099184,0.0038463157917998743,Wt1,3.2411312222385686,DEG
Kcnmb4,12.741057133825661,1.626945017147508,0.6614947151693539,2.459498133301008,0.013913142115947304,0.05021947670161887,Kcnmb4,1.8565747787415159,DEG
Rfx6,25.03727371706655,1.6164000812991772,0.6621494664829523,2.4411408044845007,0.0146409450548206,0.052247480768151146,Rfx6,1.8344308892033814,DEG
C730034F03Rik,18.919181783958482,1.616308345728365,0.6564239977962298,2.4622931994483643,0.013805175981890353,0.049944714777801935,C730034F03Rik,1.8599580528076403,DEG
Zmat4,70.6512842593891,1.6094964344935254,0.3621410233594459,4.444391357717038,8.814103355788416e-06,0.0001089544651199903,Zmat4,5.054821861179696,DEG
Podxl,2003.5065225333567,1.6089550394844927,0.12622118283657785,12.747107920606739,3.235262806312202e-37,1.9676772262404425e-34,Podxl,36.490090435027625,DEG
Camk2b,221.24626933621957,1.608309661673128,0.22607505024620755,7.114051992564392,1.126846695560565e-12,5.814001328566166e-11,Camk2b,11.948135164522533,DEG
1810041H14Rik,12.963062840505279,1.607106352617629,0.5338915733574368,3.010173662249736,0.0026109835659174833,0.013364181642803256,1810041H14Rik,2.58319586170973,DEG
H1f5,156.0199015396204,1.6015069103012332,0.34966903180119985,4.580065046228489,4.648313427003703e-06,6.192532922140425e-05,H1f5,5.332704595972945,DEG
Fn3k,10.4894442490824,1.6002227108996367,0.8143939773453108,1.964924539491194,0.04942297203665365,0.13034596031048842,Fn3k,1.3060711419709934,DEG
Lgals9,40.17751327960211,1.5972424149235165,0.7274560118160233,2.195654979792051,0.028116647811930486,0.08609676970914085,Lgals9,1.5510364590278543,DEG
Mfap3l,279.77589250470646,1.5970556747374758,0.21088576953334473,7.573084131145953,3.644660980037478e-14,2.286790175149099e-12,Mfap3l,13.438342862777148,DEG
Snord49b,30.575563886145314,1.5948352562312866,0.5050093283765151,3.158031281042476,0.0015883851287538343,0.008917036892753057,Snord49b,2.799044187668582,DEG
Mir9-3hg,59.54247384475419,1.59298891885542,0.2785927911840364,5.717983269003909,1.0779575358019093e-08,2.762400482527584e-07,Mir9-3hg,7.967398347062219,DEG
Tnfsf11,64.8438572298671,1.5920694129525184,0.47282076447930454,3.367173213523713,0.0007594297229674053,0.004861295575194258,Tnfsf11,3.1195124092134505,DEG
Tubb4a,465.4018227275158,1.5879538215370457,0.15340724769050443,10.351230762843134,4.1314021514312544e-25,8.976780421145064e-23,Tubb4a,24.383902528662514,DEG
1700067K01Rik,15.480915438991888,1.5841841570600368,0.6247193896552765,2.5358331809329595,0.011218015847325362,0.04248099714494647,1700067K01Rik,1.950083950812409,DEG
Gm8420,49.2292101455667,1.5788786523921423,0.5201063529613635,3.0356842276630114,0.0023999055990344413,0.012461576464592504,Gm8420,2.6198058410487057,DEG
Hist1h4n,10.113404648906071,1.576541242783141,0.6049219438624601,2.60618954028488,0.00915557816879318,0.036234762547453156,Hist1h4n,2.038314225082868,DEG
Foxj1,229.3770712862235,1.5744258362882828,0.3563554783550309,4.418132824998159,9.955723449555996e-06,0.00012102990201442108,Foxj1,5.001927175743629,DEG
Plcxd3,27.282243824572898,1.5730374501519395,0.512606944131545,3.0687010157791916,0.002149916364290999,0.011421060520632657,Plcxd3,2.6675784346115607,DEG
Fzd9,42.168233894862695,1.5677761788163147,0.5317795868532542,2.9481691617639054,0.0031966209151286333,0.01574027157921782,Fzd9,2.4953088633308647,DEG
Cda,31.91434625969021,1.5658718701135348,0.3934418255704732,3.9799324025682576,6.89348670320259e-05,0.0006390974721773218,Cda,4.1615610577812765,DEG
Gm12174,17.839547161187454,1.5650375928114697,0.5116574603627658,3.0587604287091916,0.0022225480716186693,0.01175025671722454,Gm12174,2.6531488368761087,DEG
Radil,77.42819858868832,1.5647389141821113,0.26266874252515554,5.957080766974996,2.5678335650523538e-09,7.255305569242246e-08,Radil,8.590433128625689,DEG
Platr8,11.145674055416096,1.564410994003088,0.6172933261204907,2.534307318426649,0.011266987112224193,0.04261235846537941,Platr8,1.948192202451624,DEG
Abca1,150.18653499038086,1.5643239298502474,0.4599044558631973,3.40141068412603,0.0006703903124669879,0.004382816159251736,Abca1,3.173672270142292,DEG
Pard3b,33.08776190281269,1.5640858090183116,0.6049537705836162,2.5854633611249227,0.009724820791631453,0.03808702979245962,Pard3b,2.0121183930791373,DEG
Gm48023,14.95888869603499,1.5612996922912141,0.5611236656664601,2.782452047244917,0.005394983720611843,0.023895611213861297,Gm48023,2.2680098614646873,DEG
Snord118,30.55936077804625,1.5555160015023297,0.6273054468838415,2.4796787740795203,0.013150079076536647,0.04814102276073347,Snord118,1.8810716355848502,DEG
Dcx,21.722150800317806,1.555325854988288,0.5867064218920823,2.650943976328883,0.008026715442906911,0.0326120987984527,Dcx,2.0954621330324272,DEG
Gm13680,28.823917373171618,1.54745068587438,0.4618294863372836,3.3506970248847314,0.0008060844328993739,0.005096501863253541,Gm13680,3.0936194658601726,DEG
H3c6,22.814026610192446,1.5444703953327659,0.46886262473309026,3.294078721271476,0.000987448396511267,0.006033016401179928,H3c6,3.0054855910898457,DEG
Gm45555,11.556499958346746,1.5426260439680943,0.733946911194862,2.101822380390847,0.03556883788999402,0.10310418303813186,Gm45555,1.4489303239119888,DEG
Ccn3,31.587039379140606,1.5416540063463762,0.511499013959117,3.01399213737213,0.0025783448792184274,0.013219051662247483,Ccn3,2.588658991899677,DEG
Lama3,48.70903771718553,1.535236624261113,0.3297951547526792,4.655121829829252,3.2378919260225303e-06,4.471885294785101e-05,Lama3,5.4897376511710805,DEG
Npw,11.773616135254326,1.5270295424257347,0.5974652855973466,2.555846472149438,0.010592984501632263,0.04071789527886143,Npw,1.9749816631236892,DEG
Rtn4rl2,11.836142384279023,1.526366761762236,0.7277880186329966,2.0972683290791307,0.03596982879973773,0.10379845658315637,Rtn4rl2,1.444061629223639,DEG
Clvs2,96.1653547051942,1.5263068779747353,0.2783310826184042,5.483781630193719,4.1632863666590464e-08,9.459060203011652e-07,Clvs2,7.380563715660786,DEG
Synpo2,33.154267401962244,1.525305244937347,0.6023105081176269,2.5324234333953637,0.011327710614719086,0.0428000469393268,Synpo2,1.9458578542902494,DEG
Galnt3,682.8370236178918,1.5218879674180383,0.17783640395113146,8.557797692739252,1.150440159125518e-17,1.0258867245566109e-15,Galnt3,16.939135966510744,DEG
Fam227a,15.433738167736296,1.5210743986157775,0.6875438642077036,2.2123307003380783,0.026943823331717003,0.08338262036878599,Fam227a,1.5695407778018806,DEG
Fzd8,13.760882749966601,1.511095926188878,0.7112602493297956,2.124533077186233,0.0336255931902792,0.09875157550855457,Fzd8,1.473330045517636,DEG
Platr10,1922.8422611299964,1.504297059017691,0.2010547630421438,7.482026470083525,7.31851997902774e-14,4.393105358617158e-12,Platr10,13.135576737238058,DEG
Epp13,195.88983469842444,-1.5021592805087547,0.1879234791854676,-7.993462482813158,1.3120081939287463e-15,9.730937696028254e-14,Epp13,14.882063452638006,DEG
Ets1,414.1901190143075,-1.5044735957491564,0.18909377658166512,-7.956230093587505,1.773604299410543e-15,1.283116639518685e-13,Ets1,14.751143267115033,DEG
Ints6l,885.3137477475021,-1.5085597865261757,0.1240879951340771,-12.157177532735352,5.254285622016872e-34,2.2516073414126188e-31,Ints6l,33.279486322738705,DEG
Tnik,55.422953019129835,-1.509688076676441,0.39912571705849015,-3.7824876026597973,0.00015526882880124624,0.001266031829765764,Tnik,3.8089157228830928,DEG
Btla,182.92289744657728,-1.5112213074955918,0.2961223377621338,-5.103368151542525,3.336610039994711e-07,6.020337203157708e-06,Btla,6.476694547727809,DEG
Ano3,80.63530248694899,-1.5120917424983318,0.30884775295312356,-4.895913044663902,9.78503301782447e-07,1.5659097963275733e-05,Ano3,6.009437704555313,DEG
Mmd,358.92835471927225,-1.5149582509645092,0.17596270491987215,-8.60954173018864,7.335321855245437e-18,6.735833944099485e-16,Mmd,17.134580825666585,DEG
Tcea3,623.9813450283285,-1.5150879119694487,0.2074619651707858,-7.302967128081553,2.8148997318930637e-13,1.5564680345488994e-11,Tcea3,12.550537070319244,DEG
Mob3c,47.21540486149399,-1.5171916212544956,0.3617464501441315,-4.19407466375965,2.739877317746225e-05,0.00029070211403625185,Mob3c,4.562268882952852,DEG
Gdpd1,488.6758911372652,-1.5176959825924854,0.17561083339371167,-8.6423824388435,5.505278998343923e-18,5.210425712113601e-16,Gdpd1,17.25922066681559,DEG
Bmp5,36.415170952222226,-1.5191351731452751,0.5943056656732358,-2.5561512549680687,0.010583710239726651,0.04070678081981128,Bmp5,1.9753620587497327,DEG
Shpk,18.354396394997124,-1.521138177042858,0.5559098762345742,-2.736303566589257,0.0062133678382135585,0.02657433480458014,Shpk,2.206672934914553,DEG
Arntl2,26.939768174157816,-1.5253301456548332,0.46088618424029304,-3.3095592747461686,0.0009344297818613171,0.005770795934657542,Arntl2,3.02945332830968,DEG
Sox9,719.3350102227095,-1.5274389612012182,0.2999946319845593,-5.091554309144556,3.5514011584720054e-07,6.363236431097286e-06,Sox9,6.449600267977015,DEG
Crabp2,1857.3684936033121,-1.5278395891514656,0.20968194997137282,-7.2864621363930295,3.1820016460714405e-13,1.7345844308814174e-11,Crabp2,12.497299600025842,DEG
9530059O14Rik,11.105426282860691,-1.5295669562346226,0.7740337849090683,-1.9760984417680327,0.04814362888536624,0.12782434479264068,9530059O14Rik,1.3174611773453289,DEG
Pcdh18,810.267402462187,-1.5300840845517432,0.15952109561108738,-9.59173505353856,8.661600059986517e-22,1.297305865295262e-19,Pcdh18,21.062401873221148,DEG
S100a10,1412.1089243399526,-1.5337292764259016,0.14833597017024935,-10.339564130437127,4.666551506304158e-25,9.998734734410312e-23,S100a10,24.33100393635437,DEG
Slc16a10,446.69481814621815,-1.5357326848367194,0.1591207369175049,-9.651367349014416,4.850460631401395e-22,7.3360839373166e-20,Slc16a10,21.31421701600052,DEG
Fam89a,28.548202688589164,-1.5377977733842663,0.618946893158374,-2.4845391266723422,0.012971925214460764,0.04763577488300076,Fam89a,1.8869955637795643,DEG
Halr1,258.2581325508547,-1.540771501876147,0.41858080172723766,-3.680941637835003,0.0002323741943859417,0.001787948477202954,Halr1,3.633812102865431,DEG
Antxr2,324.3842849554504,-1.5410463760715327,0.23756718782982242,-6.486781235022395,8.768951799817531e-11,3.1600414425717095e-09,Antxr2,10.05705231709713,DEG
Tmem140,14.132442889357732,-1.5415208942051226,0.5973263506227999,-2.5807013077488747,0.009859985090821904,0.03849911161632739,Tmem140,2.0061237417503377,DEG
Krt19,355.8212991357557,-1.5441915877359957,0.30858429056377845,-5.00411600640714,5.611895605499308e-07,9.640836693322696e-06,Krt19,6.250890416470707,DEG
Vim,1109.895722155085,-1.5445882787662568,0.22762063890110737,-6.785800647178232,1.1544447023953746e-11,4.947116228848178e-10,Vim,10.937626864842699,DEG
Pdzd2,120.4139452273793,-1.5471075034750355,0.33920788690885717,-4.560942015746034,5.092464326864048e-06,6.703195151069255e-05,Pdzd2,5.293072004586092,DEG
Fbln2,137.15764443870302,-1.5480757090964055,0.32838712544799553,-4.714179056150495,2.4268718823473914e-06,3.476263001761672e-05,Fbln2,5.614953150020851,DEG
Cd44,206.45702965681076,-1.548089514482461,0.2445177485635086,-6.33119486653696,2.432698707838187e-10,8.140833615145273e-09,Cd44,9.613911675543454,DEG
Pwwp3b,993.9096767392703,-1.550536024943188,0.16922965307898893,-9.162318758754804,5.079394603292871e-20,6.268785643599929e-18,Pwwp3b,19.294188046794225,DEG
Angptl2,310.7230626570601,-1.5521551058543772,0.24645999038663272,-6.2977974778764,3.0190459483238416e-10,9.95188500957092e-09,Angptl2,9.520130277188349,DEG
Fstl4,32.689521305518205,-1.5540569904325827,0.5318078205139147,-2.9222153764696674,0.0034755111514437635,0.016791954442005305,Fstl4,2.458981313684994,DEG
Bdh1,346.91323229997016,-1.5558249890918705,0.15830219084415778,-9.82819619106547,8.512985475128768e-23,1.4592202991645722e-20,Bdh1,22.069918107601026,DEG
Mfge8,1499.2770115877593,-1.558333578064941,0.1171748466598524,-13.29921585123672,2.339085494949702e-40,1.7183367585994785e-37,Mfge8,39.630953904182164,DEG
4833418N02Rik,18.6549245476854,-1.5683516186840594,0.5131863556673232,-3.056105450513487,0.0022423237878130453,0.011822395445861876,4833418N02Rik,2.6493016758144483,DEG
Dach1,139.77420652780097,-1.5740006451615394,0.42971744168700127,-3.662873536113096,0.00024940168441527457,0.001899071957292419,Dach1,3.6031006176987406,DEG
Hoxa7,106.33835528428673,-1.5742934116676919,0.5691561916741785,-2.7660129762216807,0.00567462767216155,0.0248028285730376,Hoxa7,2.246062628448561,DEG
Gm29776,28.84724037977004,-1.5815544728661874,0.7477175333543655,-2.1151763899010265,0.03441491643856115,0.10043869010550187,Gm29776,1.4632532806014829,DEG
Epor,127.41499788977683,-1.5820765543357245,0.24073653437733117,-6.571817436966061,4.970478406006093e-11,1.8748061215025915e-09,Epor,10.303601808632985,DEG
Gm30228,31.75046749894387,-1.583558986289698,0.5408514431652389,-2.9279000847667054,0.0034125969100365244,0.016581459064923927,Gm30228,2.466915006794703,DEG
Plxna2,688.5888133676574,-1.5847310481103583,0.28082399467305,-5.643146875520324,1.669697883520707e-08,4.105859617447031e-07,Plxna2,7.777362103337166,DEG
A930029G22Rik,17.93609941757494,-1.5852278461111116,0.48380940957867963,-3.276554392548071,0.0010508207007423498,0.006352850524107512,A930029G22Rik,2.97847138037624,DEG
Gbp9,44.051951944299105,-1.5871478678567017,0.7527699736761455,-2.10841016958458,0.034995525541411304,0.10172143076101137,Gbp9,1.4559874801325308,DEG
B4galt5,624.9528584571187,-1.5896374926108934,0.2351096857134026,-6.761259059946397,1.3679766501218779e-11,5.750347624367905e-10,B4galt5,10.86392131548854,DEG
Ddit4,5901.658171483135,-1.5925269975293024,0.17633220814316883,-9.031401661098052,1.6948677448676836e-19,1.9343050061368756e-17,Ddit4,18.770864185316427,DEG
Ndnf,40.49770913208668,-1.5929600606334393,0.6256575121265723,-2.546057595023616,0.010894721125307105,0.041591898737964046,Ndnf,1.9627838820116073,DEG
Pcdh11x,62.008553675494205,-1.5964034308866326,0.37290913380143614,-4.280944836649331,1.8610148899894845e-05,0.00020849583665844427,Pcdh11x,4.730250152063,DEG
St8sia4,121.52517567971535,-1.6024969567891238,0.4617757195746332,-3.470292804189166,0.0005198912793872379,0.00355333749447242,St8sia4,3.2840874673245763,DEG
2610316D01Rik,10.095542135615691,-1.6078814571501217,0.6530750673054532,-2.4620162943658834,0.013815838988763457,0.04995370769832401,2610316D01Rik,1.859622736724545,DEG
Sting1,18.694069587403835,-1.6096617726031608,0.8006735866285172,-2.010384505602511,0.044390509102615314,0.12082081579499761,Sting1,1.3527098741413675,DEG
Proser2,104.00223446313154,-1.612086005917385,0.26960326113789734,-5.979475170713277,2.2385767847971774e-09,6.440804047812304e-08,Proser2,8.6500280044113,DEG
Chrna9,168.5991418778853,-1.6134042131826865,0.24911297148259756,-6.476596556094612,9.381459168844152e-11,3.3579529141011308e-09,Chrna9,10.027729607282783,DEG
Rgs12,839.8881333828539,-1.614969125556718,0.15797218605566365,-10.223123233780292,1.562246599907918e-24,3.1711550390499276e-22,Rgs12,23.8062504118632,DEG
Gipc2,19.38966434699733,-1.6163422804079672,0.4640870661228707,-3.482842764637677,0.0004961196597972458,0.003421384886764466,Gipc2,3.304413562779807,DEG
Fah,639.0042733870322,-1.617795307924664,0.1321686111785791,-12.240389707498602,1.8912237485414873e-34,8.581149637867507e-32,Fah,33.72325708722663,DEG
Rnase4,40.021506291037596,-1.6228040788880242,0.4589331302737179,-3.5360360188425446,0.00040617930930341253,0.002887616684158408,Rnase4,3.3912822032458836,DEG
Ppp1r14c,288.255671525366,-1.62434762211542,0.1513658954963321,-10.731265565397996,7.259505246253945e-27,1.8981760582027053e-24,Ppp1r14c,26.13909297656486,DEG
Col25a1,24.202564887335086,-1.6324093676335016,0.6697340954266746,-2.437399228709605,0.014793336812705945,0.05269379058176278,Col25a1,1.829933854678192,DEG
Pcdhb22,57.79222926799134,-1.6326248595290223,0.6061911330149689,-2.6932509741753474,0.007075898260460081,0.029470810600463734,Pcdhb22,2.1502184201430987,DEG
Slc25a14,208.6021316288116,-1.636290591685266,0.13246402335386415,-12.352716988778774,4.7093641072063196e-35,2.2015563661173302e-32,Slc25a14,34.32703773053043,DEG
Alcam,519.4688958816497,-1.636883250027516,0.19655675173042747,-8.327789483784608,8.236581049750043e-17,6.905746513831191e-15,Alcam,16.0842530236617,DEG
Gm41556,14.503232718711914,-1.6382375730000933,0.5517404098428118,-2.969218030390088,0.002985586764005313,0.01488644053274401,Gm41556,2.5249703032860182,DEG
Trim67,362.13733841532047,-1.6382473409347915,0.29463878353788203,-5.56018906018922,2.6948256550385885e-08,6.3470344092031e-07,Trim67,7.569469326768129,DEG
Nedd9,348.6735459498528,-1.641317023985268,0.25665251702003483,-6.395094203799073,1.6044840515706896e-10,5.4641005438368724e-09,Nedd9,9.794664595395693,DEG
Loxl4,15.569637182515663,-1.6519678314485986,0.662267036115229,-2.494413493896395,0.012616547530631007,0.04661927634851366,Loxl4,1.8990594718373757,DEG
Foxb1,498.84606667200137,-1.6524555738516409,0.36673456027441387,-4.505862694301758,6.610382338663964e-06,8.484057266103908e-05,Foxb1,5.1797734205794335,DEG
Cpne5,99.43646281617461,-1.6554167365402166,0.2549481218821714,-6.493151329450842,8.405917502217541e-11,3.051249160157882e-09,Cpne5,10.075414876584627,DEG
Gpr20,12.493160521444489,-1.656869147905977,0.7111848454348734,-2.329730672048895,0.019820390367884397,0.06596961428378698,Gpr20,1.7028877962206435,DEG
Tdrd5,524.6379019900368,-1.6571867221626262,0.1498124437951937,-11.06174280441043,1.9232373780414722e-28,5.817604515891331e-26,Tdrd5,27.71596710909946,DEG
Ahsg,13.112617544557507,-1.657366308362568,0.7785728511005753,-2.1287234791448837,0.03327714510635168,0.09800664112961856,Ahsg,1.4778539395249808,DEG
Lxn,290.5230866363822,-1.6581895886344649,0.20721529565921848,-8.0022547725506,1.221612945545727e-15,9.104262275813494e-14,Lxn,14.91306637366833,DEG
Zc3h6,19.296195570539993,-1.6592689408321026,0.7632587852050756,-2.1739270782009843,0.02971061209143221,0.08995988473690376,Zc3h6,1.5270884008657015,DEG
Ctso,44.106004299468715,-1.6603244706858917,0.5917833823744504,-2.8056287488575045,0.005021851467839883,0.02254717770499589,Ctso,2.299136136635338,DEG
Smim10l2a,596.2432822569077,-1.6652271601387432,0.13234390253050698,-12.582575610197733,2.633029338887194e-36,1.4507051289647407e-33,Smim10l2a,35.57954430168169,DEG
Dnaaf1,11.778224920125645,-1.6680968444437465,0.7512100120911731,-2.2205466082649767,0.026381685516572863,0.08192235556847213,Dnaaf1,1.5786974609821363,DEG
Gem,34.28507505126289,-1.6696433789585805,0.5127619003483395,-3.256176751479245,0.0011292343069949859,0.006752661152858942,Gem,2.947215936128834,DEG
Fst,6278.933404499113,-1.6938080292755833,0.24415936280455983,-6.937305249405535,3.996496922368527e-12,1.8683017582236143e-10,Fst,11.398320517136462,DEG
2610035D17Rik,35.071030080458776,-1.6975360291624888,0.3705757706545422,-4.580806851360404,4.631854726766953e-06,6.181282255175933e-05,2610035D17Rik,5.334245070254901,DEG
Ttc28,284.47656620314064,-1.7012099197716217,0.18614851170238136,-9.138992862277385,6.303662982455867e-20,7.71798482780529e-18,Ttc28,19.200407013915115,DEG
Snai2,74.49593099709789,-1.7013056141149374,0.4105358813805146,-4.144109422041098,3.411368373943994e-05,0.000352729087834008,Snai2,4.467071381110622,DEG
Stat5a,146.75059936283483,-1.7023145570346905,0.2391463399867471,-7.118296508861597,1.0926910834563634e-12,5.656693068617892e-11,Stat5a,11.961502600825128,DEG
Grhl3,218.37489902339857,-1.7033177043597008,0.20635967454482315,-8.254120908635786,1.5302437904456882e-16,1.2556952635747677e-14,Grhl3,15.815239374142543,DEG
Mid2,28.59861323577856,-1.7056847834986182,0.7040704431519008,-2.4226052948094323,0.015409659323653485,0.054399271026545154,Mid2,1.8122069625465302,DEG
Zfp658,85.04464507569702,-1.7061975394755162,0.31065886921105956,-5.492190014753247,3.969799363432041e-08,9.072902930320904e-07,Zfp658,7.401231442243494,DEG
Pdgfrl,357.1550699913564,-1.7073783198617745,0.16436410794222467,-10.387780770616489,2.8183434402682086e-25,6.30124409464024e-23,Pdgfrl,24.550006085348347,DEG
Gja4,14.346552738815802,-1.7096708877283322,0.8059121564073355,-2.121410967852688,0.03388723307914615,0.09925542903208423,Gja4,1.4699638902218004,DEG
Entpd1,14.646365625142183,-1.7117036589041568,0.7036282464343037,-2.4326818424052212,0.014987463736078361,0.053225507149281974,Entpd1,1.8242718547181234,DEG
Tmem26,13.653496011137271,-1.7141192900631754,0.6547968397102875,-2.617787970420843,0.008850177773054765,0.03520672834061781,Tmem26,2.053048005564175,DEG
Ism1,74.79841164706075,-1.7154784600888926,0.4505073929529578,-3.8078808182133956,0.00014016279216979844,0.0011650276911656684,Ism1,3.8533672595502977,DEG
Car3,470.0057741123051,-1.7173948057151927,0.2144900361160014,-8.006874523469165,1.1766043124755278e-15,8.811395499300955e-14,Car3,14.929369564174909,DEG
C330024C12Rik,17.463836728366857,-1.7257972808736994,0.5947199228616569,-2.9018655917386385,0.003709476595207459,0.01768420748895719,C330024C12Rik,2.4306873647378446,DEG
Tgfb1,17.38245616513546,-1.730344694917021,0.6619245128677821,-2.614111822842635,0.008945975181779423,0.03552369604358074,Tgfb1,2.048372310995823,DEG
Gm30698,10.123550301314076,-1.731664589762293,0.8483285449517637,-2.0412664410116674,0.04122435081951366,0.11457015941678747,Gm30698,1.3848461746821787,DEG
Scnn1a,31.853684798745793,-1.7336316025988323,0.4230415627565575,-4.09801720498197,4.1670431450188164e-05,0.00042040711006133616,Scnn1a,4.380172002891273,DEG
A930007I19Rik,30.841391034244285,-1.7435220061515038,0.3818155987632967,-4.566398051307447,4.961761774541135e-06,6.54791265148384e-05,A930007I19Rik,5.304364091028313,DEG
Upp1,1524.883658230886,-1.7454229264276722,0.22915543895246135,-7.616764124851354,2.6011402982485913e-14,1.6789870870745196e-12,Upp1,13.584836222540023,DEG
Nme5,98.0790238059152,-1.748197968070531,0.2826023113444229,-6.186071018859809,6.168222732866152e-10,1.9499420512279944e-08,Nme5,9.209839952416857,DEG
Tmem53,47.20982359713037,-1.7497490850685071,0.36853205587696086,-4.747888432404597,2.05551363495778e-06,3.0057259570136185e-05,Tmem53,5.687079638043308,DEG
Selenov,37.85200176925418,-1.7530757528906948,0.32242542478264896,-5.437151099583617,5.413922453082068e-08,1.1923507207148143e-06,Selenov,7.266487969186078,DEG
Letmd1,324.60231515154175,-1.7550949225560706,0.2009792546333422,-8.732716845616675,2.4862696704901244e-18,2.47456014236459e-16,Letmd1,17.604451767868905,DEG
Dock8,48.08763790322574,-1.7562083849707892,0.6226118128577255,-2.820711635569473,0.004791725472061306,0.021741749663967577,Dock8,2.31950807154199,DEG
Dach2,39.11563909283542,-1.7673372884954826,0.4209619756212505,-4.198329993789268,2.688906056303339e-05,0.0002868724324383929,Dach2,4.570424370681783,DEG
Ablim1,790.674776849305,-1.7734292224701431,0.17863862216903664,-9.927468096971982,3.1618193617772187e-23,5.671789220248506e-21,Ablim1,22.500062945417188,DEG
Gcnt4,22.647683950911375,-1.7866527109953072,0.5915061598538918,-3.0205141252233605,0.002523459374967643,0.012954877796214917,Gcnt4,2.5980036825567656,DEG
Avpr1a,16.14843198799553,-1.7873778554306448,0.7119886342302059,-2.51040223045574,0.012059371106678514,0.044980637829480044,Avpr1a,1.9186753399587864,DEG
Bco2,11.673287906402807,-1.7908135004234418,0.6819079789608171,-2.626180592801574,0.008634899084795745,0.03456974276830294,Bco2,2.063742733623152,DEG
Mogat2,402.2866092536616,-1.791611984307241,0.17799276064985278,-10.06564524178429,7.837172421206258e-24,1.492642702987024e-21,Mogat2,23.105840598459242,DEG
Slc2a12,24.98985906939942,-1.7916185539963054,0.7905826589288241,-2.2662001673851595,0.023439130406206973,0.07477160148398573,Slc2a12,1.6300585047184233,DEG
Efna1,266.00530090582635,-1.7976610221460763,0.27778812115549345,-6.47133871192363,9.713841006568736e-11,3.468875583526293e-09,Efna1,10.012609009215355,DEG
Zeb1,395.8360897522405,-1.8022959693941074,0.24942000323059155,-7.225947983521854,4.976182029795626e-13,2.6841804256523467e-11,Zeb1,12.303103741442268,DEG
Csf1,66.74928867288683,-1.8073215439176207,0.5611098611422164,-3.2209762634336325,0.0012775472859317503,0.007462598250688797,Csf1,2.8936230163289243,DEG
S1pr5,21.718764513467328,-1.8084454463187414,0.7601758938570621,-2.3789828918973694,0.017360481670457287,0.059688021112133845,S1pr5,1.760438229394567,DEG
Nr4a2,48.115398119146384,-1.8090723521029184,0.3545340332433258,-5.10267613958885,3.34883812357888e-07,6.0282993853502195e-06,Nr4a2,6.4751058449162535,DEG
Zfp641,15.135573068405055,-1.813113988557542,0.7762965957411262,-2.3355944087666285,0.019512390273034,0.06518355234779027,Zfp641,1.7096895261562954,DEG
Map3k8,36.96838352269683,-1.8159221653552309,0.4564612378438229,-3.9782614925487807,6.942100043196102e-05,0.0006428317969170845,Map3k8,4.158509131964672,DEG
Peg10,2769.8601799664825,-1.8168494544774096,0.26269231738344445,-6.916264139637576,4.637094381480608e-12,2.1290611614018256e-10,Peg10,11.3337540645659,DEG
Tspan12,1472.2855454279727,-1.81692700364933,0.22121995750114554,-8.213214685388055,2.153440281535685e-16,1.7393258232068593e-14,Tspan12,15.666867167439404,DEG
Gm48377,19.60507965781847,-1.8192960256841721,0.441720705162993,-4.11865688979388,3.810870720380449e-05,0.0003893047822421875,Gm48377,4.418975783943057,DEG
Ccnd2,3891.858112188223,-1.8202365710664332,0.20704714241161104,-8.791411220966243,1.476929085424878e-18,1.5189723333899727e-16,Ccnd2,17.830640356785562,DEG
Adamts20,29.26694578350148,-1.8252342467869775,0.5670700498275372,-3.218710364516845,0.0012876847918168943,0.0075132803643567425,Adamts20,2.890190433504176,DEG
Pcdhb11,17.214135097710074,-1.8254951328386386,0.8711081246357152,-2.095601086951214,0.036117592727560766,0.10409064116143556,Pcdhb11,1.4422812035406096,DEG
Alx3,29.753950199383123,-1.8259905518832704,0.4708397321922413,-3.8781573156144105,0.00010525065183520887,0.0009152772299108044,Alx3,3.9777752058242872,DEG
Gm4285,19.46490337292035,-1.8260410597784218,0.5114385962871316,-3.5704013600749964,0.0003564346610141722,0.0025791357952465455,Gm4285,3.4480200701927957,DEG
Slco5a1,311.8017475735799,-1.8277822919227407,0.24955230506514572,-7.324245277740862,2.402469233958156e-13,1.3428584374011765e-11,Slco5a1,12.619342165202708,DEG
Dll3,1098.0476247310153,-1.8281322411768568,0.13151651614928384,-13.900400456941481,6.29879631253666e-44,6.940823622393074e-41,Dll3,43.20074243543035,DEG
Tcp11x2,48.80868723899154,-1.8314867943283677,0.4047715287456079,-4.524742142818613,6.046918529350231e-06,7.852341090259765e-05,Tcp11x2,5.2184658826412855,DEG
BC067074,134.34353263571037,-1.838050855464064,0.3040912109835207,-6.044406378991569,1.4996110007572546e-09,4.467807311965176e-08,BC067074,8.824021382367151,DEG
Cdh2,1776.6331226445818,-1.8381708388187898,0.16183590086959207,-11.358238987404865,6.749139451701289e-30,2.3137549849199064e-27,Cdh2,29.170751598310133,DEG
Tiam2,100.76947503633073,-1.8384259476484521,0.2754631660629536,-6.673944737962908,2.4901741800837847e-11,1.0004145071914725e-09,Tiam2,10.60377027426828,DEG
Mroh6,11.114121876280741,-1.8391932304914889,0.6768059130070928,-2.717460345935563,0.006578503784062985,0.027804541884038265,Mroh6,2.1818728711603144,DEG
Inka1,169.7993006082599,-1.854298097082447,0.3101233683148517,-5.979227257714669,2.241985981509825e-09,6.440804047812304e-08,Inka1,8.649367107250395,DEG
Erich2os,13.044621588671188,-1.864605284069474,0.7002312464627471,-2.6628421589133877,0.007748375009788805,0.03160607648757586,Erich2os,2.1107893682393657,DEG
Lrrc6,10.940094753851943,-1.8669836588482072,0.9251967133324555,-2.0179315727609324,0.04359838829938579,0.1193174270524436,Lrrc6,1.360529564988768,DEG
Aldh1a7,16.77209955077253,-1.8684433769695288,0.6138990242130655,-3.0435679212303963,0.002337906587114126,0.012238508625520738,Aldh1a7,2.631172845403152,DEG
Mcc,1227.2452481446212,-1.8700141232092231,0.30526588103182906,-6.125853688228731,9.019866441352669e-10,2.777434722370212e-08,Mcc,9.04479989308034,DEG
Lpo,31.97076874198125,-1.8711405410974984,0.3622524021605323,-5.165295053773865,2.400599356263614e-07,4.547487424260935e-06,Lpo,6.619680314696243,DEG
Hoxa9,85.57372541288403,-1.8724469523108411,0.8590068378297728,-2.179781195969827,0.029273684448908214,0.0889511778596232,Hoxa9,1.533522612888135,DEG
Dnah11,42.65843496711696,-1.8883778507326716,0.47292439100634925,-3.992980456589136,6.52479480826333e-05,0.0006148931552051215,Dnah11,4.185433141467103,DEG
Spon2,21.721711608013194,-1.8936365511727606,0.8679344540720246,-2.181773683817395,0.029126239709277593,0.0885729351458753,Spon2,1.5357155805602511,DEG
Stard8,62.01521060070059,-1.8957792602274726,0.4385111236933429,-4.323218175767916,1.537695308179008e-05,0.00017650316606605324,Stard8,4.813129710754198,DEG
Fzd10,790.7868588881213,-1.89587166830051,0.2629935790993972,-7.208813518538314,5.644149339060574e-13,3.033877764936846e-11,Fzd10,12.248401503728479,DEG
Sp5,1283.1577760294044,-1.9140091695313546,0.41143474898520477,-4.6520357705619615,3.2867404682465595e-06,4.535290268661867e-05,Sp5,5.483234587874074,DEG
Klhl3,94.62697858203283,-1.9159338269127018,0.24068747997567283,-7.9602554611746,1.7168444438695918e-15,1.2493282658290658e-13,Klhl3,14.765269052672227,DEG
Apod,39.13033380504898,-1.923670712806461,0.4160955503527252,-4.623146561350537,3.7796247538354838e-06,5.137292605940089e-05,Apod,5.422551315355405,DEG
E030030I06Rik,16.584992395256123,-1.9268438504225562,0.4840639197356575,-3.9805566411038993,6.875407931578575e-05,0.0006378046792571417,E030030I06Rik,4.162701529180934,DEG
Wnt5b,598.2767947425967,-1.9295169012249374,0.20230912853117042,-9.537468305230975,1.4636161244850239e-21,2.1504005668981393e-19,Wnt5b,20.834572814588345,DEG
Ropn1l,21.85790973099694,-1.932823658553127,0.5569350381860058,-3.470465181807435,0.0005195576981959507,0.003552844242051831,Ropn1l,3.2843662159283857,DEG
Atoh8,92.88526164689581,-1.933646129875891,0.5376311954120828,-3.5966032967893398,0.0003223995902124762,0.00236503018459718,Atoh8,3.491605518878651,DEG
Nkd1,1508.4723603863604,-1.9373804678131654,0.11734688010299828,-16.50985919789839,3.116094856299228e-61,9.614399069625638e-58,Nkd1,60.50638933054366,DEG
Pik3c2b,251.58676096573376,-1.9440998445244309,0.24122205515989004,-8.05937849769092,7.668331891715876e-16,5.85640376700499e-14,Pik3c2b,15.115299098764563,DEG
Pdlim4,209.53512649284147,-1.9509045835507643,0.20622554927723524,-9.46005279359496,3.0778776744891913e-21,4.356185218747225e-19,Pdlim4,20.511748644527287,DEG
Irf2,59.30256133319278,-1.9514194841427577,0.4713141750906751,-4.140379363229058,3.467319198736115e-05,0.00035779487143078293,Irf2,4.460006175687527,DEG
Hs3st3b1,139.6422546894796,-1.9531124223318281,0.539784566666229,-3.61831838652682,0.0002965234714195765,0.0022056256478253647,Hs3st3b1,3.5279409242067725,DEG
Zadh2,388.2954037411109,-1.9610248117221174,0.21335449913984422,-9.191391883593486,3.877905745668527e-20,4.824552575679707e-18,Zadh2,19.411402750861622,DEG
M1ap,216.76596604075064,-1.9634673254173491,0.21306443315532023,-9.215368779950316,3.1021012247136786e-20,3.993349577813198e-18,M1ap,19.50834403482115,DEG
Zfp457,13.910267124792382,-1.9670125377051682,0.6976452185373135,-2.8195026432334998,0.004809813484875451,0.021798176448640887,Zfp457,2.3178717643870668,DEG
Lhx6,30.361740033001578,-1.9733646340069337,0.4768169380008414,-4.138621086492216,3.4939945332533206e-05,0.0003600658227421441,Lhx6,4.456677778855027,DEG
T2,18.971770893717462,-1.9747049972035549,0.5013855233546846,-3.9384962373686867,8.199387976320922e-05,0.0007404557156687416,T2,4.086218563278029,DEG
Wnt7a,11.027479206392362,-1.9747612018813778,0.8442301277569033,-2.3391266633995462,0.01932887911321735,0.06473873601380896,Wnt7a,1.7137933300924482,DEG
Il13ra1,140.5966799170851,-1.9786362362681023,0.27937486140911244,-7.082370354613319,1.4170931780190798e-12,7.109443640944944e-11,Il13ra1,11.848601592681904,DEG
Bicc1,174.99106794657308,-1.9816959701213666,0.329232512342517,-6.019138134388469,1.753481868853588e-09,5.1889161524229006e-08,Bicc1,8.756098720399843,DEG
Batf3,12.882642022790668,-1.9879985893587704,0.578680727553552,-3.435397957286901,0.0005916842466767032,0.003953188771538112,Batf3,3.227909993461632,DEG
Mesp1,32.94339308804021,-1.9884216561686214,0.8210256207895102,-2.421875281134986,0.015440648810568083,0.05447127582909531,Mesp1,1.8113344547172907,DEG
Scml2,187.70606209525602,-1.9957722275362622,0.24501380954306476,-8.145549964135698,3.7756189841816726e-16,2.971758881069932e-14,Scml2,15.423011838901637,DEG
Gm20276,10.822287166379112,-1.9984356610690976,0.9909638975399183,-2.0166583929346387,0.04373117474705596,0.11957476654073597,Gm20276,1.3592088560804476,DEG
Cdkn1a,4960.913600849351,-1.9987786149632902,0.1838784548249086,-10.870107739737929,1.6001178139192161e-27,4.448551835131836e-25,Cdkn1a,26.795848039811993,DEG
Gm45428,11.600818362748083,-2.0078786793165886,0.877032835454565,-2.289399664581438,0.022056141616099787,0.07148955009034688,Gm45428,1.656470458414196,DEG
Ptger3,26.423250836382604,-2.014964621991866,0.4953596480227752,-4.067680179511158,4.748349035427925e-05,0.0004698703051285862,Ptger3,4.323457364993568,DEG
Gm4948,20.745698510396295,-2.0191742621101523,0.6085305661450043,-3.3181147742527877,0.0009062723663296723,0.005639799836776061,Gm4948,3.0427412621272194,DEG
Akap6,10.980838101434907,-2.0208518277146186,0.8933200790977842,-2.2621811319360403,0.023686214562027963,0.0753727788878724,Akap6,1.6255043409734886,DEG
Pcdhb16,32.44037260826333,-2.0468946242093358,0.6735327398244895,-3.0390425040699873,0.002373313675271145,0.012369293942029716,Pcdhb16,2.624644858311721,DEG
Zfp663,20.053587436144724,-2.0483782561668904,0.7609995178497722,-2.69169455186338,0.007109002109637657,0.029562226041037917,Zfp663,2.148191356892334,DEG
Pmp22,246.56717767944323,-2.0570000103281196,0.19241253808046926,-10.690571575267395,1.1267443687305314e-26,2.8495549797386734e-24,Pmp22,25.94817460377872,DEG
Lhx9,24.997556788043365,-2.06197560249544,0.6541313698848638,-3.152234699978349,0.0016202598303378514,0.009072240958699124,Lhx9,2.790415334942836,DEG
Hoxd1,89.1131174660938,-2.0682138238225787,0.465163989155692,-4.446203644389033,8.740109930716425e-06,0.00010830014128607414,Hoxd1,5.058483104893825,DEG
Dner,42.299158020697554,-2.0734747915054084,0.4000414859972214,-5.183149408458627,2.1817012876594936e-07,4.175819573786974e-06,Dner,6.661204712043655,DEG
Lrrc18,24.408693098240068,-2.091395652592686,0.543887834106301,-3.8452701484474274,0.00012041969700945303,0.0010269290579131187,Lrrc18,3.919302469865029,DEG
Gm4675,14.613344827422967,-2.099976925919813,0.9245614372784081,-2.2713222088317084,0.023127479748033627,0.07405305730031439,Gm4675,1.6358716906689215,DEG
Ankrd33b,67.86534387159269,-2.1026527713658334,0.3430462144385568,-6.129357161999642,8.823484954688437e-10,2.72239804791957e-08,Ankrd33b,9.054359850507234,DEG
Fam160a1,38.68113994837809,-2.107319520552096,0.40407882290593056,-5.21511992486347,1.8369834984581997e-07,3.57817480185791e-06,Fam160a1,6.735894744924859,DEG
Cnksr2,192.67403823999194,-2.110254289833101,0.2543528596159393,-8.296562079229163,1.0716753042175806e-16,8.888567160303557e-15,Cnksr2,15.969936777093404,DEG
Gbp2b,72.25749270650014,-2.111762481778702,0.6232486964887303,-3.3883143176648223,0.0007032362563669662,0.0045621638885505415,Gbp2b,3.152898746674049,DEG
Abca9,41.66205399661237,-2.1142462868383802,1.040229600657052,-2.03248041153889,0.04210504485830145,0.11634507021834435,Abca9,1.3756658656165555,DEG
Serpinb1a,10.155064886735001,-2.1347040064877234,1.0212626990501263,-2.090259448889307,0.03659449984571353,0.10510954182085694,Serpinb1a,1.4365841841727225,DEG
Gm27217,11.7358237267706,-2.1351785851816083,0.606802193004029,-3.5187390714776656,0.000433602941981005,0.0030391606478605017,Gm27217,3.3629077797865934,DEG
Gbp2,96.61584733868692,-2.1358025734842987,0.44722190152135227,-4.775711042367916,1.79073376349999e-06,2.6461350353940944e-05,Gbp2,5.746968977879422,DEG
Anxa8,15.458710938148982,-2.163230616915655,0.5870035859760627,-3.685208521032559,0.0002285154722796473,0.0017635358633607398,Anxa8,3.641084389475155,DEG
Gadd45g,263.29443185790063,-2.165658834477935,0.33154209866412365,-6.5320779569291,6.486337597302916e-11,2.388179716314847e-09,Gadd45g,10.188000451156388,DEG
Gm49602,21.047208643793052,-2.169276836706439,0.600618723161686,-3.611736952333521,0.0003041529985325562,0.0022488090181099017,Gm49602,3.5169078976303734,DEG
Nt5e,973.1189757330156,-2.1726610816226826,0.3014418723169842,-7.207562323451863,5.696237140908087e-13,3.0512448046107317e-11,Nt5e,12.24441193881572,DEG
Ifitm1,2658.14035803594,-2.186744415078044,0.20216241564353937,-10.816770308749163,2.86703099795482e-27,7.759594246570001e-25,Ifitm1,26.542567611494412,DEG
Anxa3,432.4544219475587,-2.196630430534551,0.19988920346111524,-10.989240001458432,4.305360547392484e-28,1.277284560858151e-25,Anxa3,27.365990473203038,DEG
Tchh,35.97223930222212,-2.196954534946755,0.41538019686431893,-5.289020881427276,1.2297285337268102e-07,2.4734057483446543e-06,Tchh,6.910190749793523,DEG
Ntn1,676.5111690342604,-2.1970292215247906,0.19158992114046963,-11.467352815046965,1.9245687281450697e-30,6.747800402066816e-28,Ntn1,29.71566657523128,DEG
Dgkk,132.53128529119698,-2.1998179688868795,0.3463294615105856,-6.351807204885,2.127999273530713e-10,7.183510895570746e-09,Dgkk,9.672028524639046,DEG
Sema4f,93.83762876835179,-2.2039219712490716,0.2763821857293303,-7.974182436661968,1.5339281468444767e-15,1.12685283435094e-13,Sema4f,14.814194983385612,DEG
Spo11,14.432245976836082,-2.2133823190917434,0.5985856507194909,-3.6976868998301105,0.00021757301706951435,0.0016900800273571992,Spo11,3.662394965887641,DEG
Gm2990,14.191530562802512,-2.21600346253803,0.6056851609942451,-3.6586722033942736,0.0002535253638604165,0.0019266678759973623,Gm2990,3.595978585310586,DEG
Klhl4,67.00257563248867,-2.2192852142463777,0.9130414485926667,-2.4306511141056237,0.01507171961419897,0.05345090080189598,Klhl4,1.821837193846504,DEG
Tll2,13.517196057757472,-2.2254399680907455,0.9965038875863933,-2.233247652932822,0.025532617438575794,0.07986449497666438,Tll2,1.5929046618560463,DEG
Pdzk1,56.530521805638465,-2.230243387910306,0.4063870699385925,-5.487978218025757,4.065601832768279e-08,9.2644076032668e-07,Pdzk1,7.390875156514246,DEG
Wnt2,10.321954663645121,-2.2324531615340404,1.130715779658899,-1.9743716340524589,0.04833950100827584,0.12822102511256386,Wnt2,1.3156978369749308,DEG
Meis3,621.7076106724325,-2.2526242263611285,0.1465392431329901,-15.372156824344888,2.5165023928225943e-53,5.546011773439166e-50,Meis3,52.59920265231665,DEG
Bace2,13.49821535966881,-2.2526759370083913,0.9381509951990118,-2.401186960879924,0.016341984649713755,0.056946077259569086,Bace2,1.786695201776733,DEG
Adamts18,25.12943082573321,-2.2586138929086244,0.5560118942691569,-4.062168302851565,4.861900296743509e-05,0.0004807983069093726,Adamts18,4.313193951502165,DEG
Trpv4,17.73440418218283,-2.2589117756122667,0.6956130872280681,-3.2473681376722654,0.0011647762306412277,0.0068952428665012356,Trpv4,2.9337575005024332,DEG
Rspo3,800.0587109430427,-2.2615968641611395,0.2728973106012494,-8.287354899827971,1.1579473135582036e-16,9.552755725274015e-15,Rspo3,15.936311200497604,DEG
H2-T-ps,30.745388186694015,-2.263461513513316,0.4860126061781665,-4.657207415487403,3.2052747779811165e-06,4.442746990109136e-05,H2-T-ps,5.494134733868809,DEG
Gfra3,173.6629169394205,-2.2644685378875646,0.5580648810887702,-4.057715535637443,4.955507604834391e-05,0.0004872442053523272,Gfra3,4.304911853048018,DEG
Dkk1,397.742343798628,-2.265607152571201,0.4676317500396184,-4.844853140060007,1.2670536553551667e-06,1.960565370227097e-05,Dkk1,5.897204993852721,DEG
Stra6l,124.85498559139104,-2.265862410167066,0.3764561571732681,-6.018927747605356,1.755762125860345e-09,5.1889161524229006e-08,Stra6l,8.755534323523351,DEG
Gm31659,11.49562622690548,-2.2775093837554516,0.7268615509549704,-3.133346894966721,0.0017282505563257214,0.009552748596358619,Gm31659,2.7623932946456438,DEG
Gm17322,30.144129965541765,-2.2832748416793223,0.43842240425741447,-5.207933763208699,1.9095506054436662e-07,3.7054889547395524e-06,Gm17322,6.719068827799321,DEG
Eya2,26.228928700559415,-2.2995473128978285,0.8186047754380884,-2.8091056660000446,0.004967933806310401,0.022357151350627352,Eya2,2.3038241994147386,DEG
S100a11,272.6078422059073,-2.3002499598186352,0.26369473416990064,-8.723154700300407,2.705562375381632e-18,2.6416905547476226e-16,S100a11,17.567742449174837,DEG
Raet1e,175.75321906869132,-2.3075230607709387,0.18537411447396845,-12.44792492910318,1.4352839999425478e-35,7.142621376488285e-33,Raet1e,34.84306215648784,DEG
Raet1d,127.87830069814197,-2.316644273749608,0.19590504042936327,-11.825342873630204,2.887214254328218e-32,1.1420783154236261e-29,Raet1d,31.53952098680862,DEG
Chst7,216.6594643192012,-2.3180346469318587,0.20608607256515044,-11.247895687851752,2.3718323758113074e-29,7.78516128971086e-27,Chst7,28.62491600705843,DEG
Grsf1,6679.505735231256,-2.3269276523287594,0.3017274210596007,-7.7120191600653945,1.2384253352187172e-14,8.16461010530733e-13,Grsf1,13.9071301719445,DEG
Limch1,281.90646774116976,-2.327584032007903,0.26353409208249845,-8.832193260518494,1.0264289961573494e-18,1.0699135218729343e-16,Limch1,17.98867108783611,DEG
Pglyrp1,22.915498709738184,-2.3289958965589643,0.4274875019317975,-5.448102894316985,5.0909905549347576e-08,1.1295214775415916e-06,Pglyrp1,7.293197708687179,DEG
S1pr1,25.359738479128858,-2.3346907046710346,0.7110749275515927,-3.2833258693425647,0.0010259000167981078,0.006223578277288404,S1pr1,2.988894963072873,DEG
Alox12e,22.37220732446969,-2.336072590705848,0.43674794654923726,-5.348788950613848,8.854472193328483e-08,1.8423555603635945e-06,Alox12e,7.052837321583643,DEG
Skap1,30.53642813376185,-2.336117871413092,0.47511549755368787,-4.916947317950013,8.790419525724777e-07,1.4259705785841866e-05,Skap1,6.055990397581576,DEG
Hotairm1,52.492824405869435,-2.3378384533494287,0.5278166498251173,-4.429262423085801,9.45559110100668e-06,0.00011577095548827782,Hotairm1,5.024311316752171,DEG
Cd2,13.496988920110178,-2.337974699169926,1.0604240630178152,-2.20475447578621,0.027471328157614383,0.08459085418912517,Cd2,1.5611203432157965,DEG
Khdrbs2,17.626672601786954,-2.3383493348654985,0.5731473899398489,-4.0798394547533485,4.5066815069119306e-05,0.0004505805288861332,Khdrbs2,4.346143133004722,DEG
Scara3,216.55299696072956,-2.3452309614875286,0.3902528387863355,-6.009516724544697,1.860771685211543e-09,5.4678332929063755e-08,Scara3,8.730306911090445,DEG
Edn3,82.46833603408436,-2.3477548796658305,0.31747554330282185,-7.395073192855175,1.4133040352267967e-13,8.075200500534738e-12,Edn3,12.849764401054678,DEG
Gpld1,24.927796069635622,-2.3523631161349026,0.44248584809188185,-5.316244861341726,1.0593057911790415e-07,2.158772845511106e-06,Gpld1,6.974978653441561,DEG
Spata17,10.539931600947721,-2.354645067028029,0.9023605154327026,-2.6094283013911825,0.009069364937610623,0.03594889334340161,Spata17,2.0424231223938665,DEG
Tgfb2,555.1101379469898,-2.3660438956544785,0.6044998085837208,-3.9140523488301335,9.075994545279734e-05,0.0008036447064951486,Tgfb2,4.042105773800282,DEG
Gm16096,20.908992011282532,-2.3695692877251884,0.5972574547418004,-3.9674168466420805,7.265584968236951e-05,0.0006679748468712243,Gm16096,4.138729413953692,DEG
Gabrb2,17.687896069672284,-2.377291698427018,0.7222533885054638,-3.291492620541764,0.0009965723131082833,0.006071927754471361,Gabrb2,3.001491182618827,DEG
Adra2b,85.40548467880122,-2.3945282064697726,0.44373704533481806,-5.396277438731764,6.803771467477622e-08,1.451753560564001e-06,Adra2b,7.167250282372851,DEG
Kif17,12.31420236434849,-2.398410551018284,0.9150905907653616,-2.6209542259770218,0.008768403426983009,0.03496668106359753,Kif17,2.0570794768704306,DEG
Atp6v1c2,32.90378772227674,-2.4049648167368534,0.4208669584379632,-5.714311300803508,1.1014919811488643e-08,2.8133637074807167e-07,Atp6v1c2,7.9580186601613985,DEG
Mex3b,197.73581625064733,-2.405808009068906,0.3207169183324977,-7.501344243320292,6.316665786639739e-14,3.866952503590922e-12,Mex3b,13.199512100920721,DEG
Acnat1,14.205145852764533,-2.4105530968316553,0.49977030044474,-4.823322023510663,1.411867491152189e-06,2.1608015660719067e-05,Acnat1,5.850206061472501,DEG
Pdgfra,475.42249489875945,-2.414115097190664,0.5849273107374695,-4.127205300342322,3.671985508002985e-05,0.0003773998696333248,Pdgfra,4.4350990414704565,DEG
Tspan18,231.90782904912663,-2.416170760995261,0.24047652799680508,-10.047428666415884,9.429574929286397e-24,1.7740250296841616e-21,Tspan18,23.025507884147736,DEG
Fgf20,27.742612354513586,-2.421686962253295,0.7651871512291682,-3.164829621567988,0.0015517378732985902,0.008762320706946321,Fgf20,2.8091816399042764,DEG
Ptprm,131.02545777504244,-2.422720619047724,0.40617284839636403,-5.964752761325667,2.4500473270156177e-09,6.935207360343107e-08,Ptprm,8.610825526385177,DEG
Lgals3,106.23221349104705,-2.4228288557447217,0.45047732502375265,-5.3783591784935485,7.516774220011768e-08,1.5928243803955252e-06,Lgals3,7.123968494382829,DEG
Gpr50,18.071016149081704,-2.433928361080288,0.5618017408804199,-4.332361728295806,1.4751830962799502e-05,0.00017072505346069612,Gpr50,4.831154072723744,DEG
Pdgfrb,257.22683976592947,-2.43397503782635,0.2686414419603841,-9.060311097441481,1.3007902318522102e-19,1.5318542676934388e-17,Pdgfrb,18.885792733026616,DEG
Eml6,31.8823597923212,-2.439587363403487,0.47322793181714534,-5.155205767410492,2.533525670927658e-07,4.766426893341583e-06,Eml6,6.596274690865813,DEG
Wnt5a,615.8379530097807,-2.449581498610972,0.27975383672812,-8.756203408182774,2.0193715028377656e-18,2.0631022631972323e-16,Wnt5a,17.69478377675197,DEG
Nkx6-1,121.02077859810763,-2.4635163698978926,0.8101215648114749,-3.040921852847088,0.0023585503713326504,0.01232566279761138,Nkx6-1,2.6273548441338983,DEG
Alox15,966.9014203700881,-2.4677751354501476,0.22704141589951465,-10.869273016436571,1.614824027791423e-27,4.448551835131836e-25,Alox15,26.79187479712425,DEG
Tnfrsf8,18.580115682631792,-2.46910711289359,0.6665129713865177,-3.7045147189817103,0.00021179581029175386,0.0016510227212586594,Tnfrsf8,3.6740826352822125,DEG
Evx1,505.7414417293105,-2.4698447266076196,0.38351747803347896,-6.439979578693452,1.1948957794377133e-10,4.170510676331585e-09,Evx1,9.922669972865611,DEG
Slc16a12,33.50264216110179,-2.4699798458953537,0.5917315594975864,-4.174156010864971,2.99092754263162e-05,0.00031451182812826823,Slc16a12,4.524194107937062,DEG
Dnaaf3,107.68656245309643,-2.4803820875356615,0.25479223926078465,-9.734920085210852,2.139858253911717e-22,3.438707633655839e-20,Dnaaf3,21.66961499374558,DEG
Slc44a5,89.86097099866939,-2.483965256450851,0.5120394346975436,-4.851121003830698,1.2276561575867298e-06,1.9130355094030787e-05,Slc44a5,5.910923253531022,DEG
Efnb1,582.2015093685696,-2.485752682183452,0.2752547514383599,-9.030734870856925,1.7052277230480007e-19,1.9343050061368756e-17,Efnb1,18.768217615346455,DEG
Fgf1,30.563007358731504,-2.486308221968748,0.7496471574749968,-3.3166379638432426,0.0009110759223539829,0.005660738250786094,Fgf1,3.0404454306170123,DEG
Tmem215,18.037273629943826,-2.489681886982064,0.7245252256435504,-3.436294277774297,0.0005897300332499485,0.003942175185046186,Tmem215,3.229346754293429,DEG
Npl,404.37343054092617,-2.4909118623531303,0.21436670787928544,-11.619863396679193,3.266581359987667e-31,1.1719430381518545e-28,Npl,30.48590652046708,DEG
Gabra3,323.3240881035269,-2.5023974710542705,0.21274048736415715,-11.762676216731645,6.077679214434371e-32,2.3440089310269762e-29,Gabra3,31.21626222611813,DEG
Tmem132c,177.67768269168155,-2.5038304626754364,1.1269436679599734,-2.2217884831882895,0.02629760340680923,0.08169414574241764,Tmem132c,1.5800838284921357,DEG
Il15ra,49.79380708335885,-2.5191214192121074,0.48350601557246,-5.210113913948983,1.8872472124323688e-07,3.6668215045584576e-06,Il15ra,6.7241712074327715,DEG
Tmem185a,2290.234683169656,-2.5243332784903543,0.11525334915713918,-21.90247222272576,2.4606128633514177e-106,3.7959874642922325e-102,Tmem185a,105.6089567099607,DEG
Dcc,14.322695280588999,-2.525240128718486,0.876870701982306,-2.879831796192732,0.00397887385453171,0.01869695003163591,Dcc,2.4002398294259217,DEG
Bpifb5,13.827150520695513,-2.530369334359354,0.8693530087410143,-2.9106350457379815,0.0036069505490240123,0.01728334616642263,Bpifb5,2.442859811780116,DEG
Gbp4,38.9366439559508,-2.540886459499683,0.5861840797519994,-4.33462208761226,1.4601073743708368e-05,0.000169234233391577,Gbp4,4.8356152055977,DEG
Calhm2,47.32413882293483,-2.545018400873077,0.3569508468569608,-7.129884753832591,1.0045299955578353e-12,5.2354338653617313e-11,Calhm2,11.998037090562567,DEG
Igfbp3,3286.81659103143,-2.5744578620065592,0.15589419363670043,-16.51413565797157,2.902900897003089e-61,9.614399069625638e-58,Igfbp3,60.53716779042371,DEG
Lrrc55,12.842553850502918,-2.6334171532170645,1.003595969631514,-2.6239813958040954,0.008690853217303687,0.034734143156306733,Lrrc55,2.060937584957874,DEG
Tnni3,30.49677431901871,-2.6359446154115083,0.3898464129737235,-6.761495111125152,1.3657492654833387e-11,5.750347624367905e-10,Tnni3,10.864629024382202,DEG
Myh13,19.660505704047548,-2.6468671042410463,0.6577066501721721,-4.024388537881073,5.712354104424895e-05,0.0005531982848020268,Myh13,4.243184878817469,DEG
Scn2b,51.65379098520314,-2.6534300594530076,0.2847771323608574,-9.317567170704896,1.1903837433215805e-20,1.6108815796685984e-18,Scn2b,19.924313012774288,DEG
Hmcn1,171.6380020689089,-2.6564324708414255,0.4345995967009797,-6.112367547062285,9.816377439163654e-10,3.0047074355947955e-08,Hmcn1,9.008048751361468,DEG
Galnt18,48.25373712509922,-2.659743044498775,0.6926302609837812,-3.840061854532596,0.0001230033152225062,0.0010460706416414568,Galnt18,3.910083183166799,DEG
Dmrt2,201.33680825484646,-2.6626328618613555,0.8540982445987761,-3.1174784384578174,0.001824052887855842,0.00995741822397455,Dmrt2,2.738962573589313,DEG
Styk1,44.13459515146977,-2.665959288840266,0.7442208791694993,-3.582215123842398,0.00034069305238178526,0.0024768481239838837,Styk1,3.467636722736843,DEG
Kcnf1,24.223902459344746,-2.6715387402766875,0.7100237372693984,-3.7626048257919686,0.00016815279069164196,0.0013510901572916462,Kcnf1,3.774295920666184,DEG
Col13a1,95.98557745166353,-2.684422796505027,0.6204634164876379,-4.326480377684783,1.5151081001081342e-05,0.00017429957241139586,Col13a1,4.81955637996325,DEG
Tshz1,157.3591907859898,-2.693802762550178,0.5250893899316779,-5.130179383172612,2.894661972623266e-07,5.348017994210674e-06,Tshz1,6.538402144197574,DEG
Serpinb9b,106.07342565677611,-2.7001027480208935,0.33834864788918023,-7.98023803217698,1.4605136145018275e-15,1.0780547143980713e-13,Serpinb9b,14.835494390299155,DEG
Nkx1-2,3604.4578045366775,-2.7170386587943183,0.45785672656594073,-5.934255196320697,2.951823990553077e-09,8.294679180739949e-08,Nkx1-2,8.529909541906743,DEG
Trpm1,29.41229456861091,-2.735270823800947,0.70546520921964,-3.87725828014482,0.00010564019629491278,0.0009181472159107715,Trpm1,3.9761708004817904,DEG
H60b,11.461249970760718,-2.7461632409574555,0.8220330173778817,-3.3406970071800255,0.0008356836822586797,0.00525778636468379,H60b,3.0779580778785367,DEG
Pkd1l1,191.5419898793653,-2.7511375950757304,1.1526888036192304,-2.3867132103978674,0.016999746813047573,0.05873574335607725,Pkd1l1,1.7695575467696765,DEG
Kcnh8,65.27989286045502,-2.7805193428275525,0.37248983485344805,-7.464685160929336,8.349902077901049e-14,4.954382282914595e-12,Kcnh8,13.078318617603415,DEG
Nlrc4,53.508229198757746,-2.799395255090886,0.4075288403232884,-6.869195448523728,6.4564997363254856e-12,2.8458406123512366e-10,Nlrc4,11.190002862373792,DEG
St3gal6,375.2374281799758,-2.8066115249907932,0.13785903105875588,-20.358561230526913,3.898647352453791e-92,3.007221635315232e-88,St3gal6,91.40908604663038,DEG
Gm20052,11.231035464166593,-2.8281547062853947,1.057886843734164,-2.673400017248046,0.007508665521816567,0.03087318310369514,Gm20052,2.124437241159493,DEG
Tmem176a,162.56211367592536,-2.8382275265768873,0.2667434114736019,-10.640291023112189,1.9352394217598624e-26,4.664834149920218e-24,Tmem176a,25.71326529776813,DEG
Nphs2,15.593757015809762,-2.8459030511351338,0.721341810901731,-3.9452905794792943,7.970326487420318e-05,0.0007221713958516437,Nphs2,4.098523888292606,DEG
Zfp703,228.5340321921093,-2.856327395887492,0.4168820435349413,-6.851644104570521,7.30060037019176e-12,3.181535647201929e-10,Zfp703,11.136641423887747,DEG
Pcdhb19,18.9416333020188,-2.8584363357401394,1.0656503365226988,-2.682339823649325,0.007310915294971311,0.030205005424617674,Pcdhb19,2.1360282478477206,DEG
Egflam,224.09140943577356,-2.9015477857306173,0.4572931029332971,-6.345050400101597,2.2235264065886586e-10,7.489594295729964e-09,Egflam,9.65295770850529,DEG
Gad1,130.0593275532074,-2.917581155156792,0.4360687504772459,-6.690644885614273,2.2218925003329132e-11,8.973072147286872e-10,Gad1,10.653276956935024,DEG
Hoxa10,14.445637588905726,-2.921874961842256,1.338363864752719,-2.183169344894195,0.02902334137350322,0.08834709695521589,Hoxa10,1.5372525899500253,DEG
Slc9a9,65.33544635748197,-2.9223522605077883,0.4092072572280561,-7.141496659427832,9.232011969430402e-13,4.8278728356746716e-11,Slc9a9,12.034703641119215,DEG
Gna14,149.390883245353,-2.9690331994802093,0.28960498027952264,-10.252010157472224,1.1590757112712679e-24,2.384141466370913e-22,Gna14,23.935888194827253,DEG
Gbx2,683.5207777103748,-2.9794425967646605,0.279463772657881,-10.661283816604337,1.5445051559637122e-26,3.8430775872664815e-24,Gbx2,25.811210637571108,DEG
Ttc6,26.226101355833265,-3.017295080775583,0.7352963978794529,-4.103508584398436,4.06931346410164e-05,0.00041219500204002626,Ttc6,4.390478854632796,DEG
Btn1a1,29.850969879717873,-3.0307348424353364,0.4588460831535291,-6.605123054785362,3.971872856529341e-11,1.5362294302850137e-09,Btn1a1,10.401004662138261,DEG
Fam189a1,18.438519224429754,-3.0332012757239775,0.8632874791377432,-3.5135471659493516,0.00044216590482621065,0.0030935571037432885,Fam189a1,3.354414748678867,DEG
Zfpm2,48.26293392500555,-3.041251404872543,0.4514907614427733,-6.736021342173185,1.6278238726558855e-11,6.732557341410816e-10,Zfpm2,10.788392586714389,DEG
Mx2,10.798873806869183,-3.056807278540481,1.0371227575880244,-2.9473919612462445,0.003204667132627229,0.015769824515164357,Mx2,2.494217073780346,DEG
Maf,13.960307640952415,-3.0628298830356435,1.5592807631809902,-1.964258108839461,0.049500167080074264,0.13036787346894918,Maf,1.3053933351708389,DEG
Mamld1,13.778722961755575,-3.0676097260185626,0.7623171233590991,-4.024059845988172,5.720337066616223e-05,0.0005533295290171522,Mamld1,4.242578379972968,DEG
Svopl,17.252672157332004,-3.0693070936282374,1.5277267423924563,-2.009068119617799,0.04452991005234918,0.12107969620467353,Svopl,1.3513481821157536,DEG
Dscam,19.58935388863992,-3.069509834560638,0.7056029176365974,-4.35019436263373,1.360169171905618e-05,0.00015956904802272222,Dscam,4.866407072618056,DEG
Gal,67.07498327391458,-3.122892925058746,0.520516314919263,-5.999606228563914,1.9779659652468498e-09,5.801156073358014e-08,Gal,8.703781185556156,DEG
Klhl6,40.82238348215761,-3.127207417007848,0.9110106693143618,-3.432679245525658,0.000597648684726151,0.003986133272490416,Klhl6,3.2235540319310827,DEG
Cdh20,14.979689327475306,-3.1291352099107685,0.8268641209406841,-3.784340293240563,0.00015411683494371254,0.001259301066036363,Cdh20,3.8121499185572656,DEG
2510009E07Rik,305.440614135836,-3.131946203491946,0.3184738401565762,-9.834233800654205,8.017555962789043e-23,1.3897397285162535e-20,2510009E07Rik,22.095958000000003,DEG
Adcy2,31.853906646812323,-3.1335934290271976,0.4549152123729876,-6.8883021358669065,5.646219540979578e-12,2.5102083244579813e-10,Adcy2,11.248242239263433,DEG
Emx2,31.344926767613302,-3.159273506983488,0.7350968180298473,-4.297765177994841,1.725287964988615e-05,0.0001947038583458622,Emx2,4.763138407159958,DEG
Myf5,28.11679436745741,-3.1632621235654974,0.5635326111995091,-5.613272525315484,1.985355421342193e-08,4.812569927533408e-07,Myf5,7.702161733883143,DEG
Evx1os,410.73203020445425,-3.1649732771949344,0.4122296893251686,-7.677693672127505,1.619782525642324e-14,1.0633355328971971e-12,Evx1os,13.790543290552163,DEG
Tacr1,13.489874737152894,-3.171326888219574,1.5968156678030798,-1.9860319210060908,0.04702977960297936,0.12554566705920792,Tacr1,1.3276270564959824,DEG
Sptlc3,29.86959732726337,-3.1714341795463206,0.692792993965749,-4.577751517653357,4.700005115873148e-06,6.255994730161781e-05,Sptlc3,5.327901669342098,DEG
Atp1a2,200.09375125907584,-3.1972271909510988,0.3532158630978119,-9.051765577317031,1.4067504686494944e-19,1.631724772921485e-17,Atp1a2,18.85178293149165,DEG
Tmem176b,201.9514937140875,-3.2085306828560376,0.2734097304769508,-11.735246866521182,8.408064071128136e-32,3.163687912812043e-29,Tmem176b,31.07530398755648,DEG
Tbx6,294.54140481010563,-3.2210586096829004,0.557653337297327,-5.776094921791011,7.645425283023023e-09,2.0161705271999344e-07,Tbx6,8.116598351594622,DEG
Tmprss2,250.4346735640886,-3.24092081680544,0.34996790395622573,-9.260622989046498,2.0324285117673693e-20,2.7264586653074092e-18,Tmprss2,19.691984721252204,DEG
Hand1,10.04625584495806,-3.2716103746573757,0.9879791695988869,-3.311416348975888,0.0009282498772535357,0.005741824721888651,Hand1,3.0323350995304224,DEG
Arsi,42.86029200480819,-3.291050534684706,0.5106054341548252,-6.44538877681979,1.1530445942655605e-10,4.036650316188759e-09,Arsi,9.938153895941259,DEG
Sost,39.11371474525424,-3.315673872719447,1.504725774544734,-2.203507063419997,0.02755902967931034,0.08478178315559384,Sost,1.559736077487913,DEG
Olfr539,76.72661150769608,-3.3177053004679307,0.4362785149791022,-7.604558066827676,2.858790926855979e-14,1.8224201499424462e-12,Olfr539,13.54381760491935,DEG
Ikbke,15.320213090730569,-3.3387067135499477,0.9639117091208622,-3.46370594107112,0.0005327885892523792,0.0036288430756717233,Ikbke,3.2734450850348145,DEG
Hoxc9,53.31587868591516,-3.344897904062858,1.5097156589185385,-2.2155813807077576,0.026720185194122288,0.082840091838771,Hoxc9,1.5731605361475895,DEG
Mixl1,1898.6776267020502,-3.351189437068283,0.3169585001878376,-10.57295966217118,3.9774045940956395e-26,9.439910872786681e-24,Mixl1,25.4004002289673,DEG
Gad1os,18.538284831880652,-3.3634429964042565,0.9368012390735408,-3.5903485778163224,0.00033023603220464826,0.002413335513415968,Gad1os,3.481175542418149,DEG
T,7919.723900699857,-3.3989107598314625,0.4000093215923016,-8.497078883815883,1.9442131697458946e-17,1.6935103289081892e-15,T,16.71125611936403,DEG
Ly6a,11.034195843154059,-3.4093317404917944,1.2055362616701955,-2.828062372647653,0.004683068133125332,0.02134485140625101,Ly6a,2.3294695236987835,DEG
Xpnpep2,12.318111668077103,-3.4153784322854035,1.1666147058098617,-2.9275976166565245,0.0034159181156739812,0.016583794569794884,Xpnpep2,2.466492548503283,DEG
Dmgdh,63.9642100210589,-3.415503038904029,0.493648070174885,-6.918902848529352,4.551548539257018e-12,2.0960220691080004e-10,Dmgdh,11.341840821444473,DEG
Kitl,469.192524210489,-3.4261350594740003,0.3243999790124903,-10.561452777843998,4.496482187293628e-26,1.0353318015429672e-23,Kitl,25.34712712269429,DEG
Bhmt2,40.17711949776206,-3.434202640128233,0.5456834134854599,-6.2933975181559,3.105915900664143e-10,1.0194673319052284e-08,Bhmt2,9.507810307903007,DEG
Maats1,19.563148066753627,-3.4499721245321617,0.9354819523144543,-3.6879088003746787,0.0002261046555071092,0.0017477921517869623,Maats1,3.6456904954156633,DEG
Kcnv1,10.071847989127525,-3.48037325286339,1.1032457974128296,-3.1546671295055475,0.001606813175571885,0.009004107104812012,Kcnv1,2.79403461579106,DEG
Popdc3,19.943183575625792,-3.4847043418239565,0.6046367409084034,-5.7633023368519645,8.248384289273991e-09,2.1509961887606863e-07,Popdc3,8.0836311136286,DEG
Synpo,45.50479251958566,-3.492719197852552,0.6124794781819917,-5.702589755692562,1.1800074061837492e-08,2.9940747130257726e-07,Synpo,7.928115266884857,DEG
Pknox2,760.5705277111266,-3.498196008874183,0.26204856817448313,-13.349418519031687,1.1937711310412076e-40,9.208153619286355e-38,Pknox2,39.92307892785773,DEG
Hoxb6,110.53119000817458,-3.5038897835768603,1.460969806060333,-2.398331415914397,0.016469955968652403,0.0572772792444546,Hoxb6,1.783307561886521,DEG
Rhoj,31.745666661538674,-3.5125385639898252,1.150535883134248,-3.052958725999136,0.002265971025282252,0.011934836123943086,Rhoj,2.6447456477120235,DEG
Klhl32,214.45260461416987,-3.543127160086115,0.24488450478819065,-14.468564122302032,1.9142667433392604e-47,3.2812658943883076e-44,Klhl32,46.717997545614175,DEG
Pacrg,16.6860561060145,-3.5627178096502528,1.1108768386743813,-3.207122234992022,0.001340700156500753,0.007772634841915488,Pacrg,2.872668339924514,DEG
Notum,241.4589741637687,-3.593562935642688,0.5852126769432621,-6.140610204161886,8.22050799163526e-10,2.5465417025493406e-08,Notum,9.085101344120863,DEG
Hoxa2,113.52619978434188,-3.610106406439664,0.6550722682930686,-5.511004787069632,3.567910183167105e-08,8.190796189839126e-07,Hoxa2,7.447586086876036,DEG
Scn4b,13.825013748669335,-3.630956495798534,0.8310802510347514,-4.368960147082964,1.2483954361560645e-05,0.0001478050375562518,Scn4b,4.90364782768362,DEG
Nav3,17.38987201852722,-3.6537067986538054,1.5499007603717625,-2.357381125342128,0.018404346833037443,0.06220943439817455,Nav3,1.735079590976955,DEG
Tnni1,25.557833316935607,-3.6966487312014356,1.5294089896580048,-2.4170439406322917,0.01564712811952115,0.05502353441984335,Tnni1,1.805565361395315,DEG
Cd248,93.28804911561922,-3.7352379460868113,1.4653650975646713,-2.549015226508739,0.01080275835548347,0.04132262661791309,Cd248,1.9664653384377802,DEG
Slc35g2,65.68689360620183,-3.8087100909247043,0.490421450962027,-7.766197998585527,8.087709164084634e-15,5.416242870466531e-13,Slc35g2,14.092174474467525,DEG
Chchd2-ps,11.353909762152986,-3.822070768670046,1.3248576151106273,-2.8848917235161893,0.003915483026335435,0.01845528770158165,Chchd2-ps,2.4072146543640796,DEG
Hoxc4,140.43286271961358,-3.8473211536633034,0.6661986649979034,-5.775035820096415,7.693671596028321e-09,2.0254312578827458e-07,Hoxc4,8.113866355470929,DEG
Ifih1,30.042897945099135,-3.8732621428202565,0.8029279864510158,-4.823922204954245,1.4076233854548517e-06,2.157659446818959e-05,Ifih1,5.8515135266552365,DEG
Naip5,21.80408470092088,-3.885584769529939,0.5486153410582786,-7.082530288042344,1.4154581156992654e-12,7.109443640944944e-11,Naip5,11.8491029771571,DEG
Arg1,2876.555663044253,-3.9349395532360303,0.5012221616204114,-7.850689483710544,4.1375622773437765e-15,2.8495613059188585e-13,Arg1,14.383255456297023,DEG
Erich2,27.916523812511166,-3.961426353278558,1.0848719783744465,-3.65151504716187,0.0002606978212595419,0.001971463376750467,Erich2,3.583862598363364,DEG
Usp18,45.59528759074264,-3.979859137125745,2.003763950750791,-1.9861916048716863,0.047012052677385265,0.12554566705920792,Usp18,1.3277907858889797,DEG
Tns4,25.31038228336683,-4.008537748562912,1.595805527863722,-2.51192120754781,0.012007589500686906,0.0448308526687069,Tns4,1.9205441675863903,DEG
Cdx4,332.0477722494673,-4.1105341491221665,0.7433140238119558,-5.5300102210395705,3.202121297743649e-08,7.406165706190596e-07,Cdx4,7.494562220841775,DEG
Ptgs1,112.7491551349977,-4.15097356101651,0.419880027427638,-9.886094336153885,4.7832663513511777e-23,8.481775862332714e-21,Ptgs1,22.320275435205524,DEG
Naip6,54.865671259775326,-4.151348200763702,0.434096138397859,-9.56320002312229,1.1417080364249116e-21,1.6935701805699144e-19,Naip6,20.942444941957895,DEG
Nipal1,24.913336950922545,-4.168109411601018,0.9985400689567455,-4.174203460814322,2.9903043090755104e-05,0.00031451182812826823,Nipal1,4.524284613338639,DEG
Dlx5,40.12799200450685,-4.185786589883601,1.9949356356131498,-2.098206335663098,0.035886922190669406,0.10359796943028761,Dlx5,1.4450637869419447,DEG
Hoxb5,64.53786312533612,-4.197944300740425,1.979273688492365,-2.12095190531131,0.033925849970907175,0.09932950787554548,Hoxb5,1.4694692628119077,DEG
Hoxaas3,264.9788177033551,-4.282239932117848,1.1349046465699166,-3.773215613364781,0.00016115689740584186,0.0013037060599265455,Hoxaas3,3.792751102244772,DEG
Hoxb4,33.58638843650645,-4.346017077821968,1.9961366606585553,-2.177214197543044,0.029464589489825364,0.08935526283851698,Hoxb4,1.5306996052576338,DEG
Hapln1,87.5537745394262,-4.395115314979658,2.0266738600928256,-2.168634727828558,0.030110426449024143,0.09090988575389694,Hapln1,1.5212830936022694,DEG
Foxd1,33.647253827859814,-4.493378012181713,1.9965479979968515,-2.2505734982028716,0.024412563523557817,0.07711151054011599,Foxd1,1.612386613631596,DEG
Wnt10a,23.91018096117138,-4.615550030755136,0.7551981177818584,-6.111707540150879,9.857070345988553e-10,3.011188598565652e-08,Wnt10a,9.006252144047583,DEG
Kcnc1,14.762474101906761,-4.647898578828286,1.0293199430438786,-4.515504251363906,6.316627934402921e-06,8.154528798663922e-05,Kcnc1,5.199514703411875,DEG
Gm15050,36.68113399571768,-4.673140905203609,1.975477437321417,-2.365575438583596,0.01800207530681271,0.0613199416555972,Gm15050,1.7446774258775979,DEG
Noto,200.99090375608995,-4.719814250881707,1.5491026048606098,-3.0468054446957704,0.0023128735797796197,0.012132166173158855,Noto,2.635848104844851,DEG
Olfm4,25.619228015118736,-4.724511254038699,2.0533012867396336,-2.300934248933622,0.021395347866925703,0.06995567115549597,Olfm4,1.6696806479293784,DEG
Iigp1,25.99736881795886,-4.729552074184196,0.8206495049530113,-5.7631815356484015,8.254292757803373e-09,2.1509961887606863e-07,Iigp1,8.083320131915618,DEG
Csgalnact1,13.94204346980135,-4.751901963796695,2.1516102112072946,-2.208532911326139,0.027207146205453014,0.0839282483393342,Csgalnact1,1.565317009569837,DEG
Hoxb7,112.19044579927039,-4.758447273246804,1.0819328860673525,-4.3980983797830335,1.0920347944586685e-05,0.00013111162480236382,Hoxb7,4.961763523901736,DEG
Cpxm2,147.32885583895467,-4.759921380998652,0.45904532036190243,-10.36917526410251,3.424676389036912e-25,7.547497521953205e-23,Cpxm2,24.465380460403832,DEG
Hes7,308.87217619130655,-4.790919175314943,0.6099386288314201,-7.854756116191317,4.005507817210474e-15,2.7834670764011704e-13,Hes7,14.397342416350881,DEG
Hoxb3os,33.95701977428692,-4.792043494572413,1.9786285378024977,-2.421901535845908,0.015439533333304358,0.05447127582909531,Hoxb3os,1.8113658305439149,DEG
Aplnr,1453.4474410467697,-4.842911626985987,0.5944885181953183,-8.146350145983567,3.7507305187163747e-16,2.9673087031916676e-14,Aplnr,15.425884137779075,DEG
Sparcl1,146.18528946872402,-4.915506573446411,1.4128821222078465,-3.4790634662183804,0.0005031694061337133,0.003463808312550109,Sparcl1,3.2982857728712784,DEG
Gm45889,591.3607680654145,-4.951652617471853,0.552906793161793,-8.95567332272383,3.376684525112468e-19,3.69447604034823e-17,Gm45889,18.471509512477656,DEG
Gm27477,20.78170063248419,-4.972088403350197,1.473037481117349,-3.375398431531219,0.0007370889386996615,0.004745856033939766,Gm27477,3.132480106094714,DEG
Cdx2,1939.4742573375177,-5.079764372190292,0.38723551274384155,-13.11802302479056,2.5961954391354837e-39,1.6688127933142962e-36,Cdx2,38.58566261736349,DEG
Hoxb2,81.4295427182501,-5.0958579170985825,1.0606871145760102,-4.80429888048141,1.5529470902117768e-06,2.3372990010436175e-05,Hoxb2,5.80884334067872,DEG
Gm30414,13.27193425395661,-5.107664452967855,1.0289983896678279,-4.963724437524791,6.91540427840979e-07,1.1545881147513834e-05,Gm30414,6.160182425713703,DEG
Hoxa1,903.4069095059405,-5.327321906069146,0.43752912748283973,-12.175925147470526,4.176315799099685e-34,1.8408006809345953e-31,Hoxa1,33.37920666886095,DEG
5730596B20Rik,36.70627001298673,-5.353731475556406,1.980870166140599,-2.7027170013809005,0.006877527486368921,0.028761077943131836,5730596B20Rik,2.162567665256055,DEG
Wnt6,179.4408797480068,-5.361102547561739,0.588147760058771,-9.115230749201576,7.850323694260884e-20,9.461479971200208e-18,Wnt6,19.105112435518055,DEG
Hes3,139.0673984287749,-5.4396169501259894,0.7652433699873341,-7.108349008258671,1.1743928189453251e-12,6.039119339289843e-11,Hes3,11.93018661299847,DEG
Tmem255a,78.91841037301857,-5.49301629261589,1.0736871477613574,-5.116030590539203,3.1203247639985615e-07,5.703465655711589e-06,Tmem255a,6.50580020217632,DEG
Trim9,64.77311224745624,-5.633344123523921,1.4243540774439094,-3.9550166722822895,7.652931475635596e-05,0.0006994180916743503,Trim9,4.116172175326835,DEG
Hoxa5,127.86197080236613,-5.689158711701193,1.0590701770570832,-5.371842994871294,7.793595406357612e-08,1.6470109086832723e-06,Hoxa5,7.108262143750817,DEG
Kcna2,25.67153290817154,-5.717204424624422,2.04804051221056,-2.791548502355325,0.005245649515484112,0.023375111229166204,Kcna2,2.2802007298676914,DEG
Dkk4,290.1346641327244,-5.959994596086033,1.9489477320403128,-3.0580576883129846,0.002227766850158632,0.01176978054705384,Dkk4,2.6521302627747456,DEG
Cdx1,1289.383300700203,-6.036558127610242,0.7736635952141028,-7.802561946758903,6.066283423543805e-15,4.104585718202205e-13,Cdx1,14.217077302827592,DEG
Hoxb8,218.8770295931001,-6.257971296063945,1.4992702639409572,-4.174011481835399,2.9928266266435328e-05,0.00031451182812826823,Hoxb8,4.523918440952287,DEG
Hoxb1,788.4865082212194,-6.432677243968308,0.3615489772556723,-17.791994027463083,8.152637469477266e-71,4.192357941387526e-67,Hoxb1,70.08870186940247,DEG
Hoxa3,101.34970705239095,-6.55689583796929,1.9496891532610523,-3.3630467846642214,0.0007708729833967137,0.004916187480306367,Hoxa3,3.1130171746782707,DEG
Cd36,556.0427111119841,-6.613600534528831,0.7742298164937627,-8.542167188135037,1.3172765525725516e-17,1.167909504398664e-15,Cd36,16.880323038517545,DEG
Hoxc5,52.07934075166227,-6.7819227793093715,1.9562746372367406,-3.4667539261710782,0.0005267839060993101,0.0035967282077028957,Hoxc5,3.2783675017418212,DEG
Wnt3a,246.7805241666453,-6.986176548544019,0.6762777117310401,-10.330336823701895,5.137984911244734e-25,1.0858040167914042e-22,Wnt3a,24.28920717546336,DEG
Msgn1,151.77614884828958,-7.083960395206869,0.9337635734227504,-7.586460424066779,3.287627041232156e-14,2.0786156707003473e-12,Msgn1,13.483117456071744,DEG
Defa38,30.991912294575798,-7.105319109445613,1.9823666822135384,-3.584260759221253,0.0003380342458288384,0.002459836938868627,Defa38,3.471039299659931,DEG
Avpr1b,20.506997615278085,-7.327488808752884,2.0136669138956216,-3.6388782862688998,0.00027382817210328783,0.0020606571761158155,Avpr1b,3.562521872638854,DEG
Defa30,286.3247171781113,-7.382785185247298,0.8080064390138131,-9.137037564029965,6.418648406174953e-20,7.796888894650473e-18,Defa30,19.19255641298064,DEG
Sprr2a3,168.04854059647357,-7.725326154872457,0.8823509343206899,-8.755389555766813,2.0339972013860268e-18,2.0643733438014628e-16,Sprr2a3,17.69164964896659,DEG
