Gene,baseMean,log2FoldChange,lfcSE,stat,pvalue,padj,Symbol,-log10P,Category
Dkk4,290.1346641327244,12.006028367111098,0.744818888203721,16.119392992390438,1.864314611151276e-58,8.509295515293144e-56,Dkk4,57.72948079672586,DEG
Hoxc5,52.07934075166227,11.112126049752145,1.922366703687626,5.780440343892788,7.450535448292963e-09,1.2216201668832236e-07,Hoxc5,8.127812514650001,DEG
Hoxb6,110.53119000817458,10.817243580171167,1.395792900065705,7.749891534526333,9.197107371944537e-15,3.1261600870026286e-13,Hoxb6,14.03634874329978,DEG
Fgf20,27.742612354513586,10.376941744156394,1.4661822925908516,7.077524941199211,1.4675178733173066e-12,3.92936419381475e-11,Fgf20,11.833416600652198,DEG
Hoxb5,64.53786312533612,9.330682182466935,1.911531588580609,4.8812597386346885,1.0541029462643436e-06,1.2388234416082119e-05,Hoxb5,5.977116972793993,DEG
Hoxaas3,264.9788177033551,8.992733306339991,0.9340093041377449,9.628098206839459,6.08451188770651e-22,3.9089254521791103e-20,Hoxaas3,21.215774256049908,DEG
Hoxb8,218.8770295931001,8.940755430327915,0.8644344297139297,10.342896028894534,4.507073272961731e-25,3.7641733443312087e-23,Hoxb8,24.346105381404442,DEG
Hoxd9,40.802020577475254,8.822149276186861,1.9830789001874813,4.448713198124801,8.638627481259573e-06,8.816745827402029e-05,Hoxd9,5.063555253431479,DEG
Hoxb4,33.58638843650645,8.488430249048431,1.933851164171398,4.389391699999565,1.1366816872236829e-05,0.00011315791597410913,Hoxb4,4.944361136751863,DEG
Hoxb5os,113.1877301261731,8.254291526467831,1.9357013990947711,4.264238032956913,2.005855230283029e-05,0.00019161799794183438,Hoxb5os,4.697700414764277,DEG
Hoxc4,140.43286271961358,8.087379715011211,0.656577465166237,12.317479877204725,7.293812702169887e-35,1.1406535059692213e-32,Hoxc4,34.13704539312787,DEG
Defa30,286.3247171781113,8.016735793139876,0.4883159266550573,16.41710899755854,1.4427915417157865e-60,7.260755947047406e-58,Defa30,59.84079641237317,DEG
Ptprb,12.868662580801256,7.967640670269978,1.9701091337632377,4.044263606377203,5.248783733308035e-05,0.00046508015323598254,Ptprb,4.279941321186115,DEG
Sprr2a3,168.04854059647357,7.92152980301649,0.6913978016410871,11.45726784813911,2.1622856911028773e-30,2.611575391780346e-28,Sprr2a3,29.665086925612805,DEG
Slc38a8,22.905379736591996,7.87172063716895,1.9786839233451077,3.9782607743945477,6.94212100668635e-05,0.0006002182288005712,Slc38a8,4.158507820500658,DEG
Msgn1,151.77614884828958,7.822468793342254,1.1185901350213994,6.993150170408579,2.6878153804224116e-12,6.954833034127944e-11,Msgn1,11.570600565237779,DEG
Hes7,308.87217619130655,7.792796736921942,0.6629366246331457,11.754964875012451,6.658843565573795e-32,8.890462125151978e-30,Hes7,31.176601187751412,DEG
Svopl,17.252672157332004,7.783370036312285,0.9615270574375511,8.094800844247482,5.735811622964221e-16,2.162803204958834e-14,Svopl,15.241405120319785,DEG
Stra6,817.8518061696955,7.766364694842165,0.3071200412832007,25.28771701902927,4.360183860865946e-141,2.1393787136321373e-137,Stra6,140.36049519695254,DEG
Hoxb7,112.19044579927039,7.7226624646665485,0.6056145898234231,12.751777441356255,3.0471736740019463e-37,5.461676174684858e-35,Hoxb7,36.51610279240968,DEG
Sv2b,22.224664665985966,7.412741339815834,1.921634749267822,3.857518366921822,0.00011454407443541964,0.0009489655031265358,Sv2b,3.9410273727038505,DEG
Gm15050,36.68113399571768,7.171573259780689,1.3897432636606628,5.160358353448936,2.464775896135513e-07,3.2336179228277835e-06,Gm15050,6.608222561780748,DEG
Wnt6,179.4408797480068,7.093197604144729,0.40622538943020275,17.461236517230233,2.8274292187442894e-68,1.913535846954648e-65,Wnt6,67.5486082583012,DEG
Defa38,30.991912294575798,7.054318227195869,0.8463486551603987,8.335002583372622,7.749650084488336e-17,3.1555706925977245e-15,Defa38,16.110717906500994,DEG
Sptlc3,29.86959732726337,7.028178875038813,0.7065169423093354,9.947643791904504,2.582245687799483e-23,1.846282149056341e-21,Sptlc3,22.588002439149616,DEG
Gfra3,173.6629169394205,6.978213286440518,0.42692886415458453,16.345142885241444,4.710654450666152e-60,2.3113414893999807e-57,Gfra3,59.326918752198395,DEG
Hoxa3,101.34970705239095,6.897865018523678,0.6312858003151711,10.926691230944684,8.59245849424171e-28,8.737817960478493e-26,Hoxa3,27.06588255703948,DEG
Hapln1,87.5537745394262,6.846426530590295,1.9711382258319439,3.473336593480487,0.0005140302646123196,0.0036819762731436835,Hapln1,3.2890113102514427,DEG
Noto,200.99090375608995,6.7346359360909105,2.020076065927406,3.3338526452958472,0.0008565202042325852,0.0058067336056548645,Noto,3.067262388117932,DEG
Mst1r,16.07563302276329,6.733259404225091,0.9180790643254084,7.3340735736879,2.2326042951913517e-13,6.544915339742056e-12,Mst1r,12.65118824407744,DEG
Hoxc8,81.73695289542249,6.552819523194784,0.8593067908341737,7.625704338765462,2.4270552514271676e-14,7.906157658445694e-13,Hoxc8,13.614920336928547,DEG
Styk1,44.13459515146977,6.551155953655623,0.7400699829511223,8.852076296260611,8.590593974134564e-19,4.230948372229662e-17,Styk1,18.06597680697541,DEG
Cdx1,1289.383300700203,6.506077057696846,0.7409214398582663,8.781061942196487,1.619383286649714e-18,7.733047706917423e-17,Cdx1,17.790650347308365,DEG
Gm45889,591.3607680654145,6.425532568310879,0.43113261549616105,14.903842431211503,3.1115849559694235e-50,1.0178253689722315e-47,Gm45889,49.507018336924396,DEG
Cdx4,332.0477722494673,6.368004039485682,0.581043637556644,10.959596883745046,5.97649858872271e-28,6.141243432019176e-26,Cdx4,27.223553178712976,DEG
Hoxb1,788.4865082212194,6.354935878400406,0.28290621871789784,22.46304767424459,9.541397210902429e-112,2.675203319425379e-108,Hoxb1,111.02038802397999,DEG
Hoxb2,81.4295427182501,6.325560419424101,0.5236996380800493,12.07860376343666,1.3702675171599324e-33,2.014498533748271e-31,Hoxb2,32.86319463730738,DEG
Tmem132c,177.67768269168155,6.23240388903021,0.5260627965993901,11.847262207702439,2.2233652087793765e-32,3.0303386993130856e-30,Tmem132c,31.652989194462293,DEG
Wnt10a,23.91018096117138,6.026279795587039,0.6716834192469398,8.971904952400678,2.914298420641519e-19,1.4837218664778413e-17,Wnt10a,18.5354659790581,DEG
Notum,241.4589741637687,6.0213508222196035,0.5270427417453234,11.424786540612734,3.1442726416172363e-30,3.740064666709133e-28,Notum,29.502479803085492,DEG
Fgfbp3,721.7632757235733,5.921431073487839,0.22776246396907734,25.998274563326532,5.179679293574786e-149,3.388632521844851e-145,Fgfbp3,148.28569712931704,DEG
Hoxd4,26.766446767619836,5.863513469108379,1.982426842329957,2.957745195891799,0.0030989817294964496,0.01825709308574271,Hoxd4,2.508780984200299,DEG
Hoxa5,127.86197080236613,5.833102004200979,0.4875484138248808,11.964149279944396,5.4755897339170865e-33,7.703703362919261e-31,Hoxa5,32.26156909942972,DEG
Hoxb9,131.7209009913018,5.756462037102867,0.5348429084058655,10.76290242729474,5.152143287768673e-27,4.956791188107443e-25,Hoxb9,26.288012067189023,DEG
Kcna2,25.67153290817154,5.737793716364395,0.8051575292227723,7.126299522905974,1.0310322700773385e-12,2.8124468170497404e-11,Kcna2,11.986727741605723,DEG
Npl,404.37343054092617,5.6603635396181025,0.18767715285977554,30.160109812872573,7.905025998293677e-200,7.757399637775542e-196,Npl,199.1020966974083,DEG
Hoxc9,53.31587868591516,5.6046612772523074,1.1186378592600297,5.010255312617211,5.435787203088392e-07,6.7309449552942795e-06,Hoxc9,6.264737553104625,DEG
Gad1,130.0593275532074,5.476827081127047,0.36163285443968773,15.144716565127409,8.210784337361394e-52,2.956861629306852e-49,Gad1,51.085615354802854,DEG
Nkx6-1,121.02077859810763,5.474051504658696,0.5993139534339722,9.133862933264385,6.609770190916446e-20,3.563919083846748e-18,Nkx6-1,19.17981363984142,DEG
Aldh1a2,1455.179218883226,5.394836227079414,0.6423287796875018,8.39887048141303,4.50793690544283e-17,1.8804468368687292e-15,Aldh1a2,16.346022171110796,DEG
Lix1,96.78474532202301,5.258467133631445,0.3836686287032085,13.705752152332463,9.379032358346868e-43,2.2725626985320347e-40,Lix1,42.02784196579023,DEG
Xpnpep2,12.318111668077103,5.231663502432702,0.8092597975708653,6.4647515150714945,1.0146540119620158e-10,2.169292697796569e-09,Xpnpep2,9.993682023082368,DEG
Ntng1,23.825527794765982,5.149065172873954,2.0865777816522364,2.467708234100296,0.01359811048751698,0.06645500883547112,Ntng1,1.8665214344132681,DEG
Bpifb5,13.827150520695513,5.145294527637359,0.7567907524706948,6.798833773852965,1.0546942215203706e-11,2.542992154627709e-10,Bpifb5,10.976873433404212,DEG
Hoxb3os,33.95701977428692,5.075939847218115,0.8949485989355989,5.671766907345462,1.4133219095919498e-08,2.2244236133605777e-07,Hoxb3os,7.84975890847214,DEG
Krt15,18.80921590925055,5.061676156322493,2.01576080311922,2.511049995857632,0.01203726476482349,0.059863012012367475,Krt15,1.9194721868736258,DEG
Tnni1,25.557833316935607,5.034538955339497,0.863021725665464,5.833617863394383,5.423826220283168e-09,9.121741672012646e-08,Tnni1,8.265694233739284,DEG
Gadd45g,263.29443185790063,4.965670436377479,0.3000977946973687,16.54684081029343,1.687273914235831e-61,8.714547757302508e-59,Gadd45g,60.772814407757885,DEG
Gm13414,12.239822575239387,4.933942197175071,1.464725796144067,3.3685091162890806,0.0007557589768930302,0.005196322844628151,Gm13414,3.1216166855766043,DEG
Phlda1,218.03197958042517,4.916893845140825,0.3266322417625867,15.053302204975463,3.284229271379448e-51,1.1308408034162936e-48,Phlda1,50.48356653248459,DEG
Hoxb3,21.083159287651394,4.895248364062479,0.8812082632651643,5.555154857404521,2.7736575229017184e-08,4.1826499710511394e-07,Hoxb3,7.556947164422128,DEG
Ccdc80,25.979258940425773,4.884380395142506,1.9492754680344688,2.5057414794572974,0.012219492637339274,0.060630987800970614,Ccdc80,1.912946825957479,DEG
Hoxd8,25.547860802980374,4.843632034913696,0.755097360322863,6.414579482628128,1.41212101926282e-10,2.964170394070774e-09,Hoxd8,9.850128082501026,DEG
5730596B20Rik,36.70627001298673,4.842048161644121,0.7447162717681268,6.501869698842476,7.9327800280288e-11,1.7165678855579629e-09,5730596B20Rik,10.100574588312812,DEG
Efna1,266.00530090582635,4.814926688402424,0.2547436270432476,18.901068279070227,1.1176649818874108e-79,1.0445643698577747e-76,Efna1,78.95168835595015,DEG
Hoxd3os1,16.92258558605807,4.806511263346978,1.1363937320062998,4.229617893844853,2.340885777510946e-05,0.0002207225304459216,Hoxd3os1,4.630619776994081,DEG
Itpa-ps1,56.76715000218074,4.778189565380645,0.6686601181116619,7.145916790842187,8.939720313433102e-13,2.459080879209457e-11,Itpa-ps1,12.048676068254723,DEG
Hoxc6,82.3365902707416,4.734292447796298,0.7506831274351029,6.306645606878357,2.8514771984933036e-10,5.7251848506543646e-09,Hoxc6,9.544930096850445,DEG
Trim9,64.77311224745624,4.708102724410877,0.5510373727138674,8.544071523177095,1.2957377768809305e-17,5.65757452234785e-16,Trim9,16.887482879311275,DEG
Sting1,18.694069587403835,4.701305663906835,0.7888619212974758,5.959605270557858,2.528479379989647e-09,4.4546858663704494e-08,Sting1,8.597140583733326,DEG
Hoxa7,106.33835528428673,4.681774995698277,0.5456742071718905,8.579798960927414,9.503909853853973e-18,4.2010920438438057e-16,Hoxa7,17.02209769169784,DEG
Gm16096,20.908992011282532,4.657501296388786,0.44531031485347244,10.459001601885907,1.332523131064865e-25,1.1420421498622084e-23,Gm16096,24.875325243384587,DEG
Nfe2l3,67.30334062634516,4.618306336926833,0.27216095881744345,16.969025818374778,1.392224895215411e-64,8.407539047983157e-62,Nfe2l3,63.85629060462349,DEG
Cxcr4,190.94718344502255,4.560933002557913,0.39197325444247,11.63582706438794,2.7095095410995596e-31,3.397967348778946e-29,Cxcr4,30.567109315351132,DEG
Gprc5a,69.11820668734238,4.541698941308078,0.5119618354099253,8.871167003437984,7.238330681019007e-19,3.582928048197214e-17,Gprc5a,18.14036158015828,DEG
Trpm1,29.41229456861091,4.524607141706821,0.48515553040370674,9.32609618598352,1.0984220752766092e-20,6.271784865640649e-19,Trpm1,19.95923074755346,DEG
Acta2,113.9209700650227,4.477341896156603,0.6255872891945946,7.157021847296333,8.244856183153002e-13,2.2855603090205142e-11,Acta2,12.08381691544794,DEG
Epha5,99.68538432138833,4.469000174940096,0.39589530712491433,11.288338342262847,1.4984264910241714e-29,1.7350364322174575e-27,Epha5,28.82436455757361,DEG
Hoxa1,903.4069095059405,4.447541206399698,0.4000782451839947,11.116678449622496,1.0407488028080852e-28,1.1443280884208898e-26,Hoxa1,27.98265408001759,DEG
Ica1l,14.356412121952033,4.4397883452024205,0.6126631467511635,7.246703786160105,4.270364772503561e-13,1.2155520552217714e-11,Ica1l,12.369535026164852,DEG
Tbx6,294.54140481010563,4.414843892426441,0.5695444486513809,7.7515352890899205,9.078810717531088e-15,3.093494419229582e-13,Tbx6,14.041971038333726,DEG
Gata2,18.743885623866976,4.410849181165668,0.816190563561505,5.404190366914581,6.510177525680034e-08,9.312827930594693e-07,Gata2,7.186407168517518,DEG
Robo2,66.5514807186643,4.390243831071822,0.8865486886129894,4.952061728206246,7.343130165512665e-07,8.882585158301038e-06,Robo2,6.134118773349743,DEG
Hoxaas2,51.39815199929819,4.368370507376858,0.8843465163085897,4.939659315458343,7.825918120549745e-07,9.414366043087317e-06,Hoxaas2,6.106464700260978,DEG
Edar,11.201039689026054,4.367003652123694,0.7048861471291641,6.195331926878512,5.816232758647468e-10,1.1257622508638515e-08,Edar,9.235358221857837,DEG
Calb2,39.58069315107167,4.3614313694933795,0.45559291052301076,9.573088756992622,1.0375856403110684e-21,6.516535862260859e-20,Calb2,20.98397604731027,DEG
Ahsg,13.112617544557507,4.348287188233269,0.6686316984605093,6.503262107143559,7.859667394101928e-11,1.7026243058536588e-09,Ahsg,10.104595832072874,DEG
Gm5171,60.27775710624422,4.348101046793003,0.675338509495725,6.4384023503112955,1.2073759714804045e-10,2.5548856608366747e-09,Gm5171,9.918157471481807,DEG
Hoxa10,14.445637588905726,4.290575223416775,1.6084190335596429,2.6675730228839485,0.0076401284365802385,0.04026016398457297,Hoxa10,2.116899340530433,DEG
Neurog2,11.00288985051839,4.269608328649891,2.069576938238172,2.063034357294589,0.03910936401703453,0.16264009595938725,Neurog2,1.4077192463372645,DEG
Lmo2,223.5600613399866,4.2570490847120155,0.27143274888251856,15.68362366824996,1.9576035887880574e-55,7.921836460896662e-53,Lmo2,54.708275247482675,DEG
Gm27477,20.78170063248419,4.235801062874042,0.7696662045291389,5.503426079965913,3.724807456940107e-08,5.511114478223521e-07,Gm27477,7.428896171922308,DEG
Tns4,25.31038228336683,4.165147774851599,0.8423716283277394,4.944548979077291,7.632035205947521e-07,9.1923988321282e-06,Tns4,6.117359634934796,DEG
Dmrt2,201.33680825484646,4.1318854941715015,0.6175183064339715,6.691114176083628,2.214777699353691e-11,5.135066097621408e-10,Dmrt2,10.654669858058964,DEG
Hmcn1,171.6380020689089,4.092869910126585,0.39408479679230257,10.385759469639426,2.8786896871098595e-25,2.4300474470564156e-23,Hmcn1,24.540805148056727,DEG
Zfp503,187.16634377538313,4.060137493237126,0.390985443109242,10.384369967714415,2.920914385422306e-25,2.4592219493351757e-23,Zfp503,24.53448117239433,DEG
Hydin,21.474551790953058,4.05842866096028,0.5567138751430801,7.289972178108961,3.1001903876544207e-13,8.961102598424078e-12,Hydin,12.508611634627405,DEG
Cdx2,1939.4742573375177,4.013445216609814,0.3758982973046071,10.676944389980942,1.3049647258899074e-26,1.2196138186989652e-24,Cdx2,25.88440122745092,DEG
Hoxa2,113.52619978434188,3.9887706686425477,0.42790963378734787,9.32152574677669,1.1467915602184663e-20,6.523914364239921e-19,Hoxa2,19.940515511892308,DEG
Hotairm1,52.492824405869435,3.9790518682218683,0.4822473708680543,8.251059743590723,1.5699603559597407e-16,6.237414357539242e-15,Hotairm1,15.80411131409096,DEG
Kcnf1,24.223902459344746,3.973556750501257,0.7145999267789135,5.560533386019525,2.689513943087565e-08,4.062004263486579e-07,Kcnf1,7.570326199889184,DEG
Spo11,14.432245976836082,3.9205658861352304,0.5556837319416094,7.055390792954146,1.7211631278017412e-12,4.5772910742277606e-11,Spo11,11.764177966310005,DEG
Dkk1,397.742343798628,3.918611824409575,0.4472612441761126,8.761348932943966,1.9292759140723125e-18,9.124080416274756e-17,Dkk1,17.714605657586745,DEG
Wnt3a,246.7805241666453,3.9142273611948317,0.5797953902774197,6.75104946819594,1.4677953950717706e-11,3.46454435614866e-10,Wnt3a,10.833334479150395,DEG
Cited1,185.24068129852805,3.8859747112302423,0.2237167664739239,17.370064713871972,1.390690203194809e-67,9.098127091000973e-65,Cited1,66.85676960475104,DEG
Gm15610,17.746329332307777,3.871002243010937,0.8892911559349929,4.352907613188843,1.3434377417352495e-05,0.0001323643616373839,Gm15610,4.871782455056892,DEG
Nfam1,50.19934325105695,3.8693914710143105,0.4045674795742768,9.564267189953185,1.129991432674681e-21,7.062986259041283e-20,Nfam1,20.946924849221197,DEG
Inka1,169.7993006082599,3.8589968402319483,0.29679463764757735,13.002245831726361,1.1880242742382409e-38,2.367183595770237e-36,Inka1,37.92517468556693,DEG
Ascl4,48.55087249644009,3.8305206419835285,0.27706949031207295,13.825126099842608,1.797971239924137e-43,4.524087505175779e-41,Ascl4,42.74521725945604,DEG
Tbx1,33.099810104405506,3.8213635133176025,0.9874550868587227,3.869911213353578,0.0001088749965688831,0.0009058224333019009,Tbx1,3.963071845670757,DEG
Grsf1,6679.505735231256,3.811496796281234,0.3014019635768827,12.645892385863583,1.1787848432184445e-36,2.047382365082018e-34,Grsf1,35.92856545693215,DEG
Hand1,10.04625584495806,3.8109094108146535,0.7045573898348995,5.408941082439958,6.339848039515027e-08,9.089045109389458e-07,Hand1,7.197921151643664,DEG
Gm6977,20.329049224747063,3.790767842668001,0.7642018655410957,4.960427360359732,7.033826069618946e-07,8.53473801269714e-06,Gm6977,6.152808374992441,DEG
Zfp663,20.053587436144724,3.7873783229485616,1.1239008532298802,3.369850918846041,0.0007520886100685216,0.005176528985925621,Zfp663,3.1237309884020927,DEG
Ccdc141,17.05819737356482,3.7856211998267875,0.9177517914717663,4.124885655364311,3.709189877334106e-05,0.0003377333107283592,Ccdc141,4.430720934110665,DEG
Stra6l,124.85498559139104,3.7187342625118576,0.3375179372251767,11.017886317641501,3.1333016695277354e-28,3.333102721787864e-26,Stra6l,27.50399778989194,DEG
Tnfsf9,121.0638217644902,3.7096441742613875,0.26295953753400975,14.10728132947679,3.425304521345528e-45,9.272653681129381e-43,Tnfsf9,44.465300812182946,DEG
Kif26b,412.6255285552231,3.6994690193063917,0.5622561853074329,6.579685765988646,4.7144355627746635e-11,1.0495913591890346e-09,Kif26b,10.326570295852635,DEG
Nlrp4c,24.517811505968766,3.6960606856700906,0.4957428572561777,7.455600482328546,8.945944444752597e-14,2.7242448199369564e-12,Nlrp4c,13.048373803168985,DEG
Maats1,19.563148066753627,3.6907922998018243,0.5948898858895671,6.2041604460677755,5.498966274636204e-10,1.0675119840667405e-08,Maats1,9.259718943854093,DEG
Gm30414,13.27193425395661,3.674665195381916,0.8258890612043762,4.44934479459412,8.613264633267194e-06,8.797722525361363e-05,Gm30414,5.064832209349242,DEG
Slc38a4,2891.662324398669,3.6665102869302557,0.14642432596578112,25.04030845111834,2.2263253671795516e-138,8.738994963789894e-135,Slc38a4,137.65241136522835,DEG
Tle2,31.02485177971313,3.6623689867316167,1.4422048949585782,2.539423489362657,0.011103532866072277,0.05577770355668481,Tle2,1.9545388175983867,DEG
Skap1,30.53642813376185,3.6511388754325056,0.4237312450969972,8.616638300054356,6.8948504042492625e-18,3.0860155406841083e-16,Skap1,17.161475152158744,DEG
Gm30228,31.75046749894387,3.634199191396836,0.4742228008836004,7.663484726220202,1.8095479826860237e-14,5.984009011320513e-13,Gm30228,13.742429896479804,DEG
Dcc,14.322695280588999,3.6198864398582704,0.7202709610234714,5.025728698980979,5.015244864015383e-07,6.245666454543015e-06,Dcc,6.299707858158097,DEG
Klhl4,67.00257563248867,3.6018874934679403,0.9030202531714905,3.9887117490640756,6.643308705656257e-05,0.0005769243288122235,Klhl4,4.177615566006743,DEG
Pcdh11x,62.008553675494205,3.5887557995065893,0.3557281525719813,10.088478445012607,6.2124989577636386e-24,4.644937554078021e-22,Pcdh11x,23.20673367111777,DEG
Fgf3,143.28027266978074,3.566069428807187,0.3584155427897226,9.949539021245377,2.5335405356954124e-23,1.8147639899206572e-21,Fgf3,22.5962721427694,DEG
9330159F19Rik,19.302971182189708,3.5608429341741354,0.5902881519273506,6.032380833915813,1.6156147630241832e-09,2.9184411547624605e-08,9330159F19Rik,8.791662187025542,DEG
Lhx9,24.997556788043365,3.5558745774274056,0.5798960064314831,6.131917685223006,8.682602824696729e-10,1.6385490801818304e-08,Lhx9,9.061350064805687,DEG
S1pr1,25.359738479128858,3.550636704060008,0.5484614913520054,6.473812218442865,9.556065164224162e-11,2.0514524120860603e-09,S1pr1,10.019720897393645,DEG
Zfp536,21.457974282599945,3.543620776277031,0.5959050723479907,5.946619588778499,2.7373656616874e-09,4.792587614550201e-08,Zfp536,8.562667184962582,DEG
Islr,150.38532314584305,3.494025119250172,1.4370330824765982,2.431415923444526,0.015039938463939846,0.0724816089042395,Islr,1.8227539406610012,DEG
Tmem215,18.037273629943826,3.4919276448769745,0.5704077748365058,6.121809342233903,9.251868929298834e-10,1.7417918996727443e-08,Tmem215,9.033770528483073,DEG
Pex5l,33.09743647789934,3.4587246135970156,0.4278090592482435,8.084739064840681,6.229743217537587e-16,2.3355884481184617e-14,Pex5l,15.20552985406391,DEG
Tril,97.06162644413449,3.45654098882259,0.3644269139744882,9.484867489958674,2.426912279420067e-21,1.4723892999084372e-19,Tril,20.614945920929006,DEG
Msx1,337.8522021511689,3.455921176578381,0.2720391671860172,12.703763257057991,5.635327187594686e-37,9.919439376441892e-35,Msx1,36.249080863709835,DEG
Apcdd1,86.99899010844042,3.4315993883466898,0.309348504425095,11.092988455606418,1.356779567076593e-28,1.4793796762904862e-26,Apcdd1,27.867490705456394,DEG
Nav3,17.38987201852722,3.4304724831844675,0.9006635707073705,3.8088278406666487,0.0001396271288203019,0.0011298255385659265,Nav3,3.8550301923697123,DEG
Gm43519,17.196590829314843,3.421355151057407,0.8535964128068715,4.008164865415734,6.119239762287506e-05,0.0005345160662207829,Gm43519,4.213302530068843,DEG
Kcnc2,14.29533614344004,3.420717518908513,1.4999412118351323,2.2805677261999953,0.02257403889235251,0.10275991518514589,Kcnc2,1.646390731053586,DEG
Arg1,2876.555663044253,3.413590906243094,0.4951295948193389,6.894338253985065,5.411611916674698e-12,1.3530063857658085e-10,Arg1,11.266673355550006,DEG
Lgr6,23.937567370301775,3.388229590433644,0.48544823662376735,6.9795898611113785,2.9604302676236293e-12,7.645116400988838e-11,Lgr6,11.52864516418608,DEG
Emx2,31.344926767613302,3.370608050478765,0.7862044607906041,4.287190188528433,1.8094736339134052e-05,0.0001744713057037654,Emx2,4.742447740673683,DEG
Kremen2,20.044843539810465,3.3441065645121593,0.412121248455185,8.114375507323071,4.882893216596481e-16,1.8482951536264383e-14,Kremen2,15.311322773145733,DEG
Olfml3,109.80110142292591,3.3391628542909433,0.4083606468694088,8.176994722409642,2.9101075207870655e-16,1.12764511859284e-14,Olfml3,15.536090964683556,DEG
Hoxa9,85.57372541288403,3.3205815578309776,0.8700091510503409,3.8167202653237844,0.00013523734726318017,0.001099062441433046,Hoxa9,3.8689033566896307,DEG
Csgalnact1,13.94204346980135,3.2989893164744792,1.2356693027865606,2.669799524059488,0.007589654688986302,0.040039663003583185,Csgalnact1,2.119777983008248,DEG
Fhit,19.466994716956776,3.2807043020799687,0.5044444181673635,6.503599175502233,7.842067897700878e-11,1.6997498132990203e-09,Fhit,10.105569401838265,DEG
Dach1,139.77420652780097,3.226310321720391,0.32365170854883135,9.968463742046389,2.09443259804142e-23,1.5168406415298868e-21,Dach1,22.678933611320755,DEG
Scube1,81.54242958164457,3.210672169449734,0.37228369149443996,8.62426220327109,6.45071696106831e-18,2.903784321935945e-16,Scube1,17.19039201328234,DEG
Sparcl1,146.18528946872402,3.199840206809938,0.8867963377963806,3.6083146382418434,0.0003081925902795076,0.0023104850030920858,Sparcl1,3.5111778070173605,DEG
Spon2,21.721711608013194,3.1931159716079778,0.9222475475408186,3.462319829553844,0.0005355403419183208,0.0038193250438444495,Spon2,3.2712078084687195,DEG
Adamtsl2,17.92401207382291,3.1847554567640066,0.7204964067136962,4.420223927680924,9.859867614311638e-06,9.934019082766291e-05,Adamtsl2,5.006128916170343,DEG
Gm18101,18.048139477324746,3.1830605135864003,0.7575624079190114,4.201713918632946,2.6490176358499617e-05,0.000247575926809568,Gm18101,4.5769151503751635,DEG
Cdh3,580.7801015331089,3.1731260146032163,0.14364659176015446,22.089810664643952,3.9605214268135455e-108,9.716396722919506e-105,Cdh3,107.4022476327916,DEG
Snai2,74.49593099709789,3.169483089678167,0.3855522283684907,8.220632268396438,2.0243308727197478e-16,7.986036155464146e-15,Snai2,15.693718501490176,DEG
Hoxd1,89.1131174660938,3.1662014245090093,0.3926201522716841,8.064286578744106,7.366477284138584e-16,2.746024053507045e-14,Hoxd1,15.132740146036019,DEG
Nkain4,23.361052689518687,3.1621039303266394,0.4668599333636028,6.773131948900634,1.2602391380842513e-11,3.005356433002498e-10,Nkain4,10.899547037028396,DEG
Nipal1,24.913336950922545,3.159485262723593,0.925516967352285,3.4137518534773443,0.0006407490619516148,0.004481704014395355,Nipal1,3.1933120209447883,DEG
Bmp2,86.82452726156879,3.1567490379608745,0.539183444533203,5.854684653186679,4.77915956129599e-09,8.09302632698669e-08,Bmp2,8.320648469493108,DEG
Slc9a9,65.33544635748197,3.15340474705989,0.3556954780038587,8.865462009122536,7.618749045591868e-19,3.766483076657652e-17,Slc9a9,18.11811633144203,DEG
2900052N01Rik,14.524778373599089,3.1521749779195267,0.8896870163982503,3.5430155996662536,0.00039557930179185725,0.0028996590724996774,2900052N01Rik,3.4027664404134574,DEG
Ada,390.49069119209764,3.1520499859293105,0.15735667037860632,20.031244804210427,2.9421116124676144e-89,3.7253776491674604e-86,Ada,88.53134085582353,DEG
Mnx1,22.74879074938974,3.141076191038495,0.6546200649618199,4.7983194514847245,1.6000244537724517e-06,1.8336075245206565e-05,Mnx1,5.795873379808274,DEG
Pcdhb21,20.888883315186472,3.1381710082777294,0.9563781999856485,3.2813075500098403,0.0010332701018434746,0.006865089930206823,Pcdhb21,2.985786136944124,DEG
Gm8276,47.41613060949182,3.1319249619731937,0.43325420372195367,7.228839178172512,4.871398824375181e-13,1.3816258529855416e-11,Gm8276,12.31234631302012,DEG
Nab2,30.627894339103047,3.1313110751503794,0.44393201632476065,7.053582440559217,1.7436911923804917e-12,4.634062990826773e-11,Nab2,11.758530426123729,DEG
Peg10,2769.8601799664825,3.1292055019049183,0.2605083686033477,12.011919304863,3.076215452477574e-33,4.406959312266504e-31,Peg10,32.5119832506179,DEG
Zfp703,228.5340321921093,3.1180822950877145,0.323029701748636,9.65261794258794,4.791655802300343e-22,3.093533967231831e-20,Zfp703,21.319514386054973,DEG
Clmp,85.05592742189147,3.1173642298274555,0.32571513992001283,9.57082999148581,1.0605083970715527e-21,6.649861998442438e-20,Clmp,20.974485888403994,DEG
Tspan12,1472.2855454279727,3.1172014756675415,0.2174947493920798,14.332306799959266,1.3747711689752043e-46,3.9155844055953605e-44,Tspan12,45.861769584249586,DEG
Gm27204,18.633748292725823,3.1099999748479537,0.7005292454818809,4.43950055605265,9.016788175713087e-06,9.157464068855519e-05,Gm27204,5.044948132742569,DEG
Wnt7a,11.027479206392362,3.100911543691716,0.6895094090794748,4.497272267584526,6.88308224760344e-06,7.157129204375571e-05,Wnt7a,5.162217040926158,DEG
Upk3a,23.846292610824094,3.0873639259907013,1.2117049911399005,2.5479501599529533,0.010835795068479278,0.05463551237289879,Upk3a,1.9651392171374134,DEG
Pik3ap1,24.715751199701355,3.0862145122312503,0.5783221823641849,5.3364968634175245,9.475951063414201e-08,1.3251140259786165e-06,Pik3ap1,7.023377190767345,DEG
Mllt3,729.9248354584976,3.066665689560813,0.16800812131634332,18.253080062639192,1.9556577358201087e-74,1.5353086620829344e-71,Mllt3,73.70870714977906,DEG
Mobp,30.85595075503937,3.048120621059564,0.6413130544417934,4.752937118538286,2.004827146307035e-06,2.2529481813338115e-05,Mobp,5.697923065757581,DEG
Atp1a2,200.09375125907584,3.0430772309074063,0.29734543604648306,10.23414810520815,1.3941673559284788e-24,1.110045663737537e-22,Atp1a2,23.85568509037451,DEG
Wfikkn1,122.79886284981151,3.036437527658732,0.3049599758004226,9.95683948258801,2.3542813089109052e-23,1.698761106961025e-21,Wfikkn1,22.628141645312283,DEG
Rnf150,14.189593102563972,3.0313041949043193,0.6421406617998853,4.720623338830061,2.3512298369714264e-06,2.6137871648439364e-05,Rnf150,5.628704915728473,DEG
Col25a1,24.202564887335086,3.0311996967927457,0.5848098641375318,5.183222586819925,2.1808450949081444e-07,2.8940065081281066e-06,Col25a1,6.661375181196083,DEG
Aurkc,18.660825192073357,3.0162788461397567,0.7619522004829923,3.958619509501743,7.538421838265925e-05,0.0006466470114017753,Aurkc,4.122719563768186,DEG
Tshz1,157.3591907859898,3.0156099308766584,0.4263455891412825,7.073158507281625,1.5144632683410606e-12,4.052299023325947e-11,Tshz1,11.819741255543565,DEG
Alx3,29.753950199383123,3.012774839699776,0.3982371203629823,7.565278789063446,3.8703362788887236e-14,1.2281512526695155e-12,Alx3,13.412251299135878,DEG
Sema3e,914.9413832313212,3.0060433731348137,0.23440916102777462,12.823915925276632,1.2045962022761276e-37,2.1992564989741782e-35,Sema3e,36.91915851036112,DEG
Kitl,469.192524210489,2.992769227719033,0.31910666314594044,9.378585825236492,6.686348070548097e-21,3.876797944065354e-19,Kitl,20.174811019130875,DEG
Chst8,20.616589614136124,2.975280732763169,0.8190898226844158,3.632423026588507,0.0002807723427020746,0.0021243555836708817,Chst8,3.5516456743322684,DEG
Pcsk5,231.01760722830832,2.973256888095179,0.2995766429309664,9.924862162169058,3.2455083789893764e-23,2.2995657111998197e-21,Pcsk5,22.488717265305265,DEG
Ptgfr,22.904043110383558,2.9645908327296193,0.8446370785412358,3.509898994547734,0.00044827694359871935,0.0032525350955786565,Ptgfr,3.3484535977957126,DEG
Adgrg5,13.003980424519176,2.9522791294894537,0.7988461562439046,3.6956792073342095,0.00021929972955769272,0.0017002117883326312,Adgrg5,3.6589619038978265,DEG
Smim3,450.0910301854763,2.9510471663320317,0.14185916402727955,20.802654425374627,4.0950699866376535e-96,5.740849363767422e-93,Smim3,95.38773867154683,DEG
Gpld1,24.927796069635622,2.9459782256260914,0.4109908658541015,7.167989535494665,7.610711851116077e-13,2.1187466119990026e-11,Gpld1,12.118574720554891,DEG
Cd83,26.981179400635906,2.943575618757982,0.5301104931547119,5.552758635733897,2.8119621979802706e-08,4.232283441615014e-07,Cd83,7.550990521959085,DEG
Flvcr2,80.42090123518835,2.9368777121662792,0.32964475507287283,8.909220204389538,5.139274702016098e-19,2.579692453685907e-17,Flvcr2,18.289098167996617,DEG
Fgf17,205.50917076418952,2.919591446811724,0.3419898075995543,8.537071520652914,1.376663493339925e-17,5.997577370041296e-16,Fgf17,16.86117220414792,DEG
Gm8971,14.381164254493257,2.9112240443129505,0.8008409822830641,3.635208622832383,0.00027775577069425817,0.002104777464683729,Gm8971,3.55633690932809,DEG
Aplnr,1453.4474410467697,2.9038382185064697,0.5710710227128346,5.084898555545649,3.6782261110733894e-07,4.677078378294906e-06,Aplnr,6.434361576954078,DEG
Sgce,508.7741270979041,2.8865853230063427,0.15487109755240697,18.638631536975765,1.561853910648387e-77,1.3327706859713291e-74,Sgce,76.80635959066768,DEG
4933439K11Rik,11.217206816191094,2.885278824202758,0.5553395454135972,5.195521997364522,2.0414619367007386e-07,2.721671190520123e-06,4933439K11Rik,6.690058713137477,DEG
Nkd1,1508.4723603863604,2.878857392231498,0.10949701172585932,26.29165259266718,2.3891837999792828e-152,1.875652634011736e-148,Nkd1,151.6217504386778,DEG
Tcp11l2,43.21007548512677,2.8724250314134627,0.45792010680075423,6.2727645909273955,3.546929814400965e-10,7.053071732759934e-09,Tcp11l2,9.450147405133906,DEG
Slc2a3,17305.90286126458,2.8666413869105813,0.1560018941905384,18.375683204264867,2.0570149705112658e-75,1.6478369109689534e-72,Slc2a3,74.68676254759221,DEG
Irf5,10.574515941941756,2.8646095756951317,0.6294229770279868,4.551167784216049,5.3348982552612475e-06,5.6460167488209694e-05,Irf5,5.272873858826196,DEG
Cyp1b1,30.612116332957,2.834477864152917,0.8216761440711126,3.449629010900924,0.0005613574289207878,0.003983182060272539,Cyp1b1,3.2507605255915246,DEG
Dpysl4,88.16984550272836,2.8303406540793294,0.2554200497876669,11.081121691238485,1.5491942804468458e-28,1.679848704154145e-26,Dpysl4,27.809894115078002,DEG
Tenm1,56.91393004481222,2.8209867897655037,0.5092961074939873,5.538991459499438,3.0421847777477997e-08,4.554343214375834e-07,Tenm1,7.516814411085411,DEG
Sdk2,122.79793121379797,2.8198820542487932,0.5080428672687018,5.550480551786527,2.8488540420370537e-08,4.281243021136312e-07,Sdk2,7.5453298007997285,DEG
Il6ra,18.75169664113212,2.819725842343023,0.6506627822142201,4.333620916117919,1.466766585758636e-05,0.00014325700122115885,Il6ra,4.833638992211526,DEG
Vegfc,41.92232837020933,2.80945074680431,0.37528588713374966,7.48616146549374,7.091714189231377e-14,2.191898087164561e-12,Vegfc,13.149248775685463,DEG
Vax2,10.590602430645351,2.802142928387373,0.6762338588879007,4.143748337292121,3.416746921323059e-05,0.00031293079526544416,Vax2,4.466387188231769,DEG
Mex3b,197.73581625064733,2.7958685563137093,0.2887773864388616,9.681743403774574,3.6051500407292156e-22,2.3507135307100315e-20,Mex3b,21.443076655908555,DEG
Cmtm7,476.05541894953717,2.7916119295553066,0.12021356313787555,23.222104533691812,2.7232193562440776e-119,8.907877449220731e-116,Cmtm7,118.564917374683,DEG
Nrp2,493.68161692602524,2.781084626160138,0.3812507220691221,7.294634384078406,2.994711875054662e-13,8.681789160378187e-12,Nrp2,12.52364495527573,DEG
Lsp1,36.83530087469135,2.778045153630304,0.6479004172322711,4.287765650001703,1.8047935412939166e-05,0.0001741483797355214,Lsp1,4.743572471877509,DEG
Ptprm,131.02545777504244,2.766538929228477,0.36121728412337994,7.658932866245453,1.8748436433631387e-14,6.173929323232658e-13,Ptprm,13.727034945352825,DEG
Cfap69,63.36457286594973,2.765782249732909,0.3697819664487332,7.4794946770784705,7.460893352621417e-14,2.293362934772502e-12,Cfap69,13.127209167851047,DEG
Avpr1b,20.506997615278085,2.76167853502045,0.8126562148732436,3.398335587024595,0.0006779720006946929,0.004710999281867371,Avpr1b,3.1687882415236195,DEG
Edn3,82.46833603408436,2.7583997055073475,0.2119459034494703,13.01464034271827,1.0101678445797667e-38,2.0334419693994656e-36,Edn3,37.995606459961294,DEG
C130021I20Rik,21.10930133677121,2.756237182198061,1.227518482799706,2.245373263880863,0.0247441803015662,0.11099112208631906,C130021I20Rik,1.606526928452259,DEG
Ptgs1,112.7491551349977,2.7512775445109536,0.41314576147146886,6.659338667089174,2.7506245368513035e-11,6.302992699651151e-10,Ptgs1,10.560568687219247,DEG
Tmtc2,76.05601438075162,2.7491385646634487,0.4227873946406258,6.5024137415455545,7.904134590907136e-11,1.7113127142684931e-09,Tmtc2,10.102145673229307,DEG
Pygo1,75.45029700683743,2.748456550378436,0.4571469148711179,6.012195338020165,1.8302758789938937e-09,3.286542501287617e-08,Pygo1,8.737483443769827,DEG
Frem1,309.7521881768785,2.723665373316672,0.32355015903287393,8.418062230159302,3.8276246494568637e-17,1.6051896406531011e-15,Frem1,16.41707065727508,DEG
Smpd3,56.48604793915191,2.7221690033725356,0.3063459114048336,8.885932215936162,6.338699744552934e-19,3.153523207515036e-17,Smpd3,18.197999819670237,DEG
Rpl9-ps7,15.790307149701423,2.720844999613094,0.42178654828813616,6.450762857791273,1.1128852514549843e-10,2.3638574012642047e-09,Rpl9-ps7,9.953549613049857,DEG
Fzd1,197.23400197758073,2.719202227999715,0.362405260235447,7.503208497120342,6.227437914992127e-14,1.9400446069617933e-12,Fzd1,13.205690593508153,DEG
Gm53,22.959947388863448,2.715694542660612,0.43754242349187317,6.206699960629195,5.410876135647627e-10,1.0514510938246351e-08,Gm53,9.266732407708602,DEG
Pate2,11.877525642457332,2.699695656737653,0.7048982199973876,3.829908460752899,0.0001281909363561527,0.0010489636908042655,Pate2,3.8921426801967782,DEG
Gdpd1,488.6758911372652,2.6982877709821884,0.16088706555250493,16.771315715877805,3.95650041244856e-63,2.2507900099977294e-60,Gdpd1,62.40268878466309,DEG
Gm45073,13.572288538362725,2.6974199154940157,1.2878484307419984,2.0945165992397787,0.03621398596369233,0.15283384485892001,Gm45073,1.4411236710745743,DEG
Axin2,1008.0597623156378,2.6968230212733335,0.12253472626294447,22.008642802908643,2.3801069149155335e-107,5.495666866539967e-104,Axin2,106.6234035339036,DEG
Prokr2,18.15535472712155,2.6907726372235246,0.834182497047099,3.2256402486848152,0.0012569123683972246,0.008184734770520282,Prokr2,2.900695000156675,DEG
Gm5900,33.28435365197582,2.690400824586799,0.48092694710234607,5.594198538461716,2.216432125834484e-08,3.393198527120944e-07,Gm5900,7.6543455636323605,DEG
Evx1os,410.73203020445425,2.682993077392011,0.40760076490066094,6.582404422243665,4.629003782226887e-11,1.0329862732447527e-09,Evx1os,10.334512464367418,DEG
Gm4675,14.613344827422967,2.674085793299856,0.7562860308233753,3.5358127537917827,0.0004065227254446221,0.0029743218158206435,Gm4675,3.3909151714491763,DEG
Lonrf2,20.874567445694776,2.660297563991338,0.6651726777507908,3.999408954960155,6.350087019263148e-05,0.000553296261414287,Lonrf2,4.197220323254975,DEG
Slc30a2,373.8078104935303,2.6596840900228718,0.20596533166013348,12.913261025946138,3.789077882158213e-38,7.220032723706617e-36,Slc30a2,37.42146646797813,DEG
Gm31659,11.49562622690548,2.6588856520469872,0.5429572648781746,4.897044065970038,9.728902736730606e-07,1.1495744103699172e-05,Gm31659,6.011936138380655,DEG
Gdap1,18.800703192225853,2.6414525576704255,0.8066634982706845,3.2745408256765547,0.0010583384531588447,0.007018577344457532,Gdap1,2.9753754241405597,DEG
Dock2,12.403493505596618,2.6384867550205877,0.9475280537795803,2.784600144023143,0.005359376847225683,0.02962146147340886,Dock2,2.270885704252061,DEG
Heyl,96.74992445253646,2.635851968957033,0.9639325267638362,2.7344776691022665,0.006247933320093422,0.033781009175430726,Heyl,2.204263614033126,DEG
Gm26510,11.682430118255287,2.63329307962658,0.599505224029559,4.39244392555409,1.1208354415955963e-05,0.00011177061099079287,Gm26510,4.950458144811825,DEG
Cdh2,1776.6331226445818,2.6298662207866728,0.1557681821789376,16.883205440284545,5.980739756098425e-64,3.5039101141213654e-61,Cdh2,63.22324509492101,DEG
BC028528,119.54436441364517,2.6156690002452634,0.297638852637161,8.788063040391824,1.5216058525088897e-18,7.292746584680274e-17,BC028528,17.817697829989058,DEG
Gm10522,18.0736622271549,2.611874585354101,0.900590328777368,2.9001805836622236,0.003729477303406723,0.021441548810919284,Gm10522,2.4283520315031257,DEG
Tmprss2,250.4346735640886,2.6070626525075147,0.33162763110343935,7.86141566018766,3.798161298224596e-15,1.3383233881437167e-13,Tmprss2,14.420426595828221,DEG
Klf5,867.3362858945749,2.600816718510764,0.2161323475601124,12.033445006594418,2.3705854618996433e-33,3.421051144703923e-31,Klf5,32.62514438332651,DEG
Stat5a,146.75059936283483,2.6001622535107085,0.22172211018687202,11.727122077808287,9.255218102475792e-32,1.2069603859683795e-29,Stat5a,31.033613342487993,DEG
Limch1,281.90646774116976,2.5960088948210567,0.24020777148183003,10.807347650770849,3.1772388017488385e-27,3.1023919075882378e-25,Limch1,26.497950142307175,DEG
Mospd1,1357.6683615939548,2.59588718518387,0.11902071141512735,21.81038202779501,1.84925703237019e-105,3.629444314581353e-102,Mospd1,104.7330027210842,DEG
Rnf39,11.612398343988506,2.5869794937031156,0.7857127190574743,3.2925259206779875,0.000992917446703554,0.0066283994107916,Rnf39,3.003086858182859,DEG
Hes3,139.0673984287749,2.5866305390603834,0.5887873153258694,4.393149226777738,1.1172038416340136e-05,0.0001114887780018524,Hes3,4.951867579596896,DEG
Apod,39.13033380504898,2.585968829644515,0.3586729746754482,7.209823466583946,5.602446077165725e-13,1.5821065889711238e-11,Apod,12.251622314802196,DEG
Cldn9,48.72900422578671,2.5840695786649586,0.5594683612917937,4.6187948371172025,3.859752509425737e-06,4.157298895881673e-05,Cldn9,5.413440541762604,DEG
Slc5a8,20.84123216697349,2.5806841467634754,0.5724883787514856,4.5078367396584955,6.549193789121554e-06,6.824409445298336e-05,Slc5a8,5.183812158708323,DEG
Gm43584,13.144099299215146,2.5794837205393364,0.8979644872908749,2.8725899042194216,0.004071222208761923,0.02313036407013052,Gm43584,2.39027519302579,DEG
Reps2,15.024468717504979,2.5776565414868062,0.819269053426439,3.146288182992195,0.001653569872564786,0.010430271285197742,Reps2,2.7815774489944967,DEG
Gm44758,13.772176514769892,2.5767349912964934,0.8176032763824774,3.151571264118918,0.0016239452882662738,0.010271467031955535,Gm44758,2.789428606501438,DEG
Ifitm1,2658.14035803594,2.5763799730323944,0.1970051301583041,13.077730366524648,4.4142447979425876e-39,9.11959742387581e-37,Ifitm1,38.355143586115986,DEG
Gabrb2,17.687896069672284,2.5744923750180737,0.6286388149605674,4.0953442799734905,4.2154148792364555e-05,0.0003796871965458205,Gabrb2,4.375159675868147,DEG
Nedd9,348.6735459498528,2.5696516603676396,0.23904806137948206,10.749518927444427,5.9571499355813894e-27,5.661888775335988e-25,Nedd9,26.224961469000338,DEG
Phlda2,940.8609931977087,2.5672171827088217,0.16730467679862937,15.344563175593505,3.8514315972399943e-53,1.4968341038263516e-50,Phlda2,52.414377810954804,DEG
Pcdh7,132.54739848904788,2.5531090607748204,0.3352998901032708,7.614404704959713,2.6490954367717658e-14,8.608025097649182e-13,Pcdh7,13.576902395452585,DEG
Nkain3,37.604489505359105,2.549908233304145,0.3599421411875008,7.084216993574667,1.398326566226278e-12,3.7569139427844005e-11,Nkain3,11.854391391288695,DEG
Mir100hg,12.233776611996065,2.5423876650243296,0.9820485721758955,2.5888614240243104,0.009629383673994579,0.049222841171416745,Mir100hg,2.016401508882631,DEG
Minar2,10.661495459464787,2.5407459490491586,0.99109930049151,2.5635634570513184,0.010360376025343086,0.05253529648690656,Minar2,1.984624481775345,DEG
Papss2,12.107811477816444,2.539446166580373,0.7247244737088203,3.504016020853563,0.00045829778539434616,0.0033178832478945536,Papss2,3.3388522413660335,DEG
Kcnc1,14.762474101906761,2.5375794780066703,0.971222892984164,2.6127673640494034,0.008981241299286324,0.04636862616347311,Kcnc1,2.046663635250859,DEG
Dach2,39.11563909283542,2.5249099697788853,0.4318429034256725,5.8468251990471,5.010435275443448e-09,8.473701674579133e-08,Dach2,8.300124543691288,DEG
Sox14,24.004982506512405,2.522619448759979,0.5192690667896356,4.858019878511142,1.185655083914849e-06,1.385134494312785e-05,Sox14,5.926041632167931,DEG
Gm16374,37.602669331345055,2.5211911970517447,0.6505674042871564,3.875372759897614,0.00010646159945906226,0.0008872478054281468,Gm16374,3.9728070133555735,DEG
Tgfb2,555.1101379469898,2.5114664291763984,0.5189624804334908,4.839398846480314,1.3023245486886561e-06,1.5119830082719851e-05,Tgfb2,5.885280772956544,DEG
Pdzrn4,54.647138143985046,2.5082724196744404,0.4744684632344218,5.2864892274940765,1.2468615530784575e-07,1.711894247743571e-06,Pdzrn4,6.904181766306594,DEG
Wnt5b,598.2767947425967,2.5064035789717414,0.19954721062875094,12.560454095421049,3.483278801016604e-36,5.843125759671144e-34,Wnt5b,35.458011763297364,DEG
Haglr,55.88952317101673,2.5048122609713155,0.3179709331212497,7.8774881602658064,3.3402782443559667e-15,1.1844258529873964e-13,Haglr,14.476217355058104,DEG
Nme5,98.0790238059152,2.4987317385828156,0.2541316653738236,9.832429716726649,8.162525693799305e-23,5.562562865602502e-21,Nme5,22.08817543865314,DEG
2510009E07Rik,305.440614135836,2.4965636335457577,0.2661974886183889,9.378614526017342,6.68452851179775e-21,3.876797944065354e-19,2510009E07Rik,20.174929219957093,DEG
Ttc6,26.226101355833265,2.492827378493849,0.7009730240115314,3.556238675531172,0.0003762023268856724,0.0027700375046413993,Ttc6,3.424578522580211,DEG
Pcdh18,810.267402462187,2.489907862595269,0.15427530498773306,16.13938058844382,1.3488818118546919e-58,6.229136207144967e-56,Pcdh18,57.8700261012606,DEG
Gpnmb,18.32692352393731,2.4897259836023853,0.5188792809324468,4.798275967250509,1.6003717878908032e-06,1.8336075245206565e-05,Gpnmb,5.7957791131736585,DEG
Ube2l6,49.22169845920752,2.4822498323994986,0.36832769661480236,6.739242949181308,1.5921399332952396e-11,3.744533780805155e-10,Ube2l6,10.798018764747068,DEG
Ust,142.12449650331746,2.481545065015735,0.32993766668149055,7.521254211363887,5.425324316064228e-14,1.6996029958377423e-12,Ust,13.26557429536567,DEG
Lingo1,28.20623856811386,2.479554738668718,0.3931701759638363,6.306568733475824,2.8528931719562676e-10,5.7251848506543646e-09,Lingo1,9.544714490417418,DEG
Anxa5,881.931586645127,2.4763546484595045,0.14810288303902083,16.720502650897462,9.293209441250242e-63,5.066477086074941e-60,Anxa5,62.03183427503616,DEG
Cavin1,239.55835309683897,2.4742778869294786,0.23376823239623448,10.584320468042064,3.5232789226497177e-26,3.1575175239901685e-24,Cavin1,25.45305297425484,DEG
Fat4,93.48272444610548,2.4728424795261357,0.8570874623308871,2.885169353429966,0.003912031567307456,0.022335850925311936,Fat4,2.407597649423259,DEG
Smox,173.8592226028378,2.469479257200446,0.16122563388288053,15.31691454842941,5.895016025351196e-53,2.2465734373117525e-50,Smox,52.229515009956145,DEG
Tirap,387.5736386770222,2.4658896735913904,0.15692364322448965,15.713946113676268,1.2138284440754085e-55,4.963167491176251e-53,Tirap,54.91584268974862,DEG
Sp5,1283.1577760294044,2.4638634951833316,0.40975997350911686,6.012943319190527,1.8218475134846447e-09,3.272905283606992e-08,Sp5,8.739487975784286,DEG
Rab38,264.10867146357697,2.460046894940826,0.16797524279898887,14.64529447285689,1.443743972637388e-48,4.359329396764261e-46,Rab38,47.840509815858695,DEG
D030055H07Rik,35.592092782476925,2.448961661711051,0.28239026889744595,8.672259392197493,4.236292592000088e-18,1.9517276187063318e-16,D030055H07Rik,17.373014051703667,DEG
Flrt3,991.6566378764786,2.4422441726452866,0.2473353082312145,9.874223741489521,5.384826168412268e-23,3.762470707795009e-21,Flrt3,22.268828311923635,DEG
Ism1,74.79841164706075,2.441975139500107,0.4177061838134391,5.846155106458205,5.030650018009699e-09,8.504225028291763e-08,Ism1,8.298375895461804,DEG
Slc8a3,112.18649375716745,2.4377038676537293,0.8303663912467281,2.9356966916660894,0.003327995503223104,0.019413554389659162,Slc8a3,2.4778172691982343,DEG
A530041M06Rik,33.46943535458156,2.4262529215356636,0.48277794049124834,5.025608500394285,5.018387374070088e-07,6.247597830459028e-06,A530041M06Rik,6.29943581812547,DEG
Adamts18,25.12943082573321,2.418166507486805,0.488059984130435,4.954650219470861,7.246051818867898e-07,8.7732656399143e-06,Adamts18,6.1398985645096085,DEG
Gm28875,19.788059409057634,2.3958176357715737,0.5231546435817598,4.5795591517045375,4.659570007664827e-06,4.971516757566389e-05,Gm28875,5.331654158828163,DEG
Kif17,12.31420236434849,2.3931247473988475,0.6647286686254057,3.6001527545781906,0.0003180302900650619,0.002377552692881586,Kif17,3.497531514664488,DEG
Tifa,16.63687445074742,2.3916143232758045,0.4932535383035831,4.848651124736252,1.24303813784714e-06,1.4487225660603858e-05,Tifa,5.905515546497153,DEG
Gm16835,10.280579115427976,2.3911905151032586,0.7275587328555808,3.286594479758524,0.0010140674981829597,0.006752364971361445,Gm16835,2.9939331366074398,DEG
Tmem151b,59.65916275318089,2.3795363844095543,0.37928161389310355,6.273798405319487,3.5234465934707126e-10,7.009926463938463e-09,Tmem151b,9.453032306921573,DEG
Chst7,216.6594643192012,2.3723247814660575,0.17965077212813554,13.205202256375507,8.187949343333918e-40,1.7467476933363385e-37,Chst7,39.08682485286574,DEG
Egflam,224.09140943577356,2.3680895772563755,0.27461336501212014,8.62335879811188,6.501833336041268e-18,2.9234417404310183e-16,Egflam,17.18696416713231,DEG
Ifi35,32.08304914413264,2.3632139022812026,0.3902153545962735,6.056178657362786,1.393931833689477e-09,2.5520525311479966e-08,Ifi35,8.855758463667247,DEG
Cdh20,14.979689327475306,2.3615920436496007,0.7642140945015135,3.0902230940794615,0.0020000620367455675,0.012379886727523748,Cdh20,2.698956533436803,DEG
Sema4f,93.83762876835179,2.355714966449819,0.23923185606478897,9.846995317428973,7.062373186681518e-23,4.872044546516865e-21,Sema4f,22.151049337376953,DEG
Pard3b,33.08776190281269,2.3553608564678186,0.48344510794891393,4.872033696774343,1.1045532375355633e-06,1.295786856933158e-05,Pard3b,5.956813347053093,DEG
Klhl32,214.45260461416987,2.3491114774013906,0.2205538325069207,10.650966481517289,1.7256404299969998e-26,1.5900601830674234e-24,Klhl32,25.76304969270911,DEG
Gata3,59.097098125006255,2.3425845885944323,0.6074807409024694,3.856228569673343,0.00011514982526316598,0.0009535814538090831,Gata3,3.9387367167297143,DEG
Gm4130,194.17620225612472,2.3407337841035796,0.34125645236163243,6.859163447034501,6.926495427670667e-12,1.7154750351327418e-10,Gm4130,11.159486448130407,DEG
Chst11,107.76334785929785,2.330812140125793,0.22584892079092336,10.320227043650615,5.708800082482458e-25,4.717632202898609e-23,Chst11,24.243455165365173,DEG
Olfml2a,151.22019913837596,2.326481892274482,0.4072868012338876,5.7121465395547695,1.1155995760794072e-08,1.779383590404103e-07,Olfml2a,7.952491659435038,DEG
Cpe,616.4211768987742,2.31838822634166,0.18388894620017449,12.607545337814658,1.9187645837181804e-36,3.288963589724442e-34,Cpe,35.7169783062775,DEG
Gm45428,11.600818362748083,2.3177894431051635,0.696885886392341,3.325923925800769,0.0008812597721052623,0.005946723368479949,Gm45428,3.054896054173184,DEG
Pygl,83.9333487223656,2.3152742532778277,0.4023155978098033,5.754870718118131,8.670812588034154e-09,1.4052659228658325e-07,Pygl,8.06194020056732,DEG
Ppm1h,382.6040968447617,2.3151695423980154,0.2325957265661801,9.953620286051489,2.4317240570096112e-23,1.748213633879089e-21,Ppm1h,22.614085708723856,DEG
Camkk2,186.59393181493047,2.3148912567298585,0.17325380940986057,13.3612719086228,1.0180951170794117e-40,2.283616436041037e-38,Camkk2,39.99221164548355,DEG
Slc66a2,150.18881622700897,2.314494048173569,0.22564713440933237,10.25713911338661,1.0991493391437856e-24,8.841169878977667e-23,Slc66a2,23.958943296875987,DEG
mt-Tq,79.18311302462648,2.313375755194902,0.7575706926207311,3.0536764129457503,0.0022605576748625073,0.013795657713211753,mt-Tq,2.645784408092196,DEG
Gm17322,30.144129965541765,2.3089672352535096,0.41697297408343137,5.537450575373531,3.069062631506572e-08,4.5875824628532925e-07,Gm17322,7.512994248668162,DEG
Ntm,64.1394780932267,2.307565236768943,0.44644570217346474,5.1687477906828345,2.3566767517056427e-07,3.1073776464461404e-06,Ntm,6.627699982421742,DEG
Gm10269,26.4769038096159,2.3065982864229726,0.5670297943159256,4.067860824148918,4.744670435590513e-05,0.00042308620765160016,Gm10269,4.323793948247265,DEG
Nog,135.56855534165746,2.3038790256428907,0.990209820644168,2.3266574190752145,0.01998350586321895,0.09244042515990777,Nog,1.6993283177374805,DEG
Gm16378,14.079532845276114,2.3003889248198277,0.7068068565425731,3.2546216884092556,0.0011354350489624768,0.0074630328159618385,Gm16378,2.944837703966458,DEG
Nr6a1,2937.541231454228,2.293489282240737,0.1262831380804334,18.161484716826937,1.0416902291017414e-73,7.863358954409742e-71,Nr6a1,72.98226140943656,DEG
Pax7,11.407119806962246,2.2866368940511763,1.0755540634403271,2.126008326105907,0.033502566269166166,0.14340110435179607,Pax7,1.4749219250869958,DEG
Dcn,51.45170697361757,2.2861910315915113,0.776552462780533,2.9440265032520125,0.003239722550183773,0.01897192738510572,Dcn,2.4894921811772264,DEG
Mro,14.235288965524607,2.286073037964339,0.6848147327062515,3.338235772075512,0.0008431217559582061,0.0057307460236584356,Mro,3.07410970399622,DEG
Tns1,118.78480320200744,2.2857878398854443,0.33819994965660577,6.75868770000214,1.392471719692998e-11,3.300645677120124e-10,Tns1,10.856213616338072,DEG
Igf2os,11.948814894258579,2.2844517617655726,1.1612044090548435,1.9673123387681508,0.049147213425465214,0.19727750100604532,Igf2os,1.3085011009905705,DEG
Rspo3,800.0587109430427,2.2787699546908087,0.2622673092592785,8.688730445005664,3.665121340442509e-18,1.6985479099927958e-16,Rspo3,17.435911642683894,DEG
Cldn5,58.37095602068349,2.2779831590259034,0.4675713458777007,4.871947733986546,1.1050340546361466e-06,1.2959636016322874e-05,Cldn5,5.956624337804512,DEG
Nrp1,237.5671602980748,2.270984906627639,0.5382465425429347,4.219228043525218,2.4514022487083904e-05,0.00023042359307603075,Nrp1,4.610585419853231,DEG
Pdgfra,475.42249489875945,2.266243723251642,0.46953503475958763,4.826570022430827,1.3890456955605112e-06,1.6064882347624263e-05,Pdgfra,5.857283467002955,DEG
Adcy2,31.853906646812323,2.265663165516651,0.335262805295121,6.757872122206522,1.4003303612749722e-11,3.3152694614672186e-10,Adcy2,10.853769494926434,DEG
Psd2,38.381970901968344,2.2641290152916103,0.4368771060403617,5.182530702541403,2.1889531910993135e-07,2.9037843734444526e-06,Psd2,6.6597635253505825,DEG
Hs3st3b1,139.6422546894796,2.260019024148147,0.47640984072726794,4.743854620421135,2.096893621852309e-06,2.3490115678815265e-05,Hs3st3b1,5.678423601301178,DEG
Selenop,1192.781783763897,2.259713327076505,0.20736194886614606,10.89743484488164,1.1855243791831442e-27,1.1841065764904824e-25,Selenop,26.92608951074033,DEG
Arl4a,1985.876522694736,2.255918704119779,0.16542238719492133,13.637324079125841,2.4021435768757865e-42,5.680201314644895e-40,Arl4a,41.619401038239786,DEG
BC067074,134.34353263571037,2.2545010297175985,0.2940308964705613,7.667565064691499,1.7529210904459038e-14,5.816349244570843e-13,BC067074,13.756237633681021,DEG
Slc46a3,335.98259740615396,2.245569613504309,0.16889816209192188,13.295405856945738,2.4613404208991656e-40,5.458474324381635e-38,Slc46a3,39.608828316125035,DEG
Ttc28,284.47656620314064,2.2454623869922843,0.17211066230341804,13.046619872008305,6.642989474404505e-39,1.3581107595770835e-36,Ttc28,38.17763643568304,DEG
Kcnh8,65.27989286045502,2.2394507463736004,0.35818626711867874,6.2521959995512555,4.047210183898513e-10,7.971156113826811e-09,Kcnh8,9.392844240793261,DEG
Shpk,18.354396394997124,2.2350013243367317,0.49287527757212773,4.534618444135007,5.770771115968703e-06,6.076635227361759e-05,Shpk,5.23876615061649,DEG
Rnase4,40.021506291037596,2.2276097702992828,0.4236869501644123,5.257678503987097,1.4588526601391622e-07,1.9835241935726546e-06,Rnase4,6.835988568366838,DEG
Hoxd3,34.041703543282054,2.2274015487206977,1.1200343928365317,1.988690314303398,0.046735395730131545,0.189065700154061,Hoxd3,1.3303540755871894,DEG
Prickle2,185.77031152987985,2.2249861161743634,0.27983428808887856,7.951084662890498,1.848855356862544e-15,6.658084341552791e-14,Prickle2,14.73309706405641,DEG
Smoc2,237.64813910151906,2.2221761839673553,0.2936097374479279,7.56846895911094,3.776485326237529e-14,1.1993396319644153e-12,Smoc2,13.422912198441049,DEG
Gm1866,14.98443127201112,2.220340373343306,0.6664049851978586,3.331818372703315,0.0008628054673831303,0.0058432889943392016,Gm1866,3.0640871115449206,DEG
Col13a1,95.98557745166353,2.218645875826051,0.4145265454068701,5.35224076819588,8.687170387013178e-08,1.2200268307743409e-06,Col13a1,7.061121660308825,DEG
Wnt16,34.4044654990438,2.2177346224407026,0.6000066906012383,3.6961831545885184,0.000218865105239524,0.0016975127397682345,Wnt16,3.6598234746584044,DEG
Skap2,1741.1097895594153,2.209547481019609,0.11159611328082919,19.799502115806945,3.006504497126333e-87,3.3718377435914274e-84,Skap2,86.52193814220075,DEG
Gm45203,10.357010999558604,2.205991793892648,0.8991702015487643,2.4533639905915097,0.014152704861585643,0.06881408694807646,Gm45203,1.8491605499489492,DEG
Gm13127,51.38435269561639,2.2048343123595795,0.39671096269937256,5.557785187878466,2.7321934250460595e-08,4.123290600281929e-07,Gm13127,7.563488558117667,DEG
Pax2,10.062564198677382,2.201263453385777,0.7184104038772036,3.06407513241141,0.0021834406746840495,0.01338747216547532,Pax2,2.660858603608623,DEG
Svep1,15.990961691095407,2.1962682451335778,0.8343117550376142,2.632431140844421,0.008477620599061186,0.044122519407975166,Svep1,2.07172602341549,DEG
Mgst1,359.04557276418575,2.1860540659493224,0.14286354677787783,15.301692525862931,7.44938743930168e-53,2.7848648109991323e-50,Mgst1,52.12787943767703,DEG
Zfp112,29.23078109320421,2.1790755499380365,0.5446889789059925,4.0005868198668315,6.318559940236434e-05,0.0005507937671199217,Zfp112,4.199381890273304,DEG
Fam222a,67.71846950661518,2.17411340736059,0.33188078437059204,6.550886673007508,5.719645302076733e-11,1.2577772383328738e-09,Fam222a,10.242630902697734,DEG
Gm8172,39.23672766973853,2.165749282428464,0.6662678730226143,3.2505683826585394,0.0011517456625174125,0.007562641768283036,Gm8172,2.9386434146283977,DEG
Naip6,54.865671259775326,2.1646171288331124,0.42639602886270256,5.076541483293477,3.8436691077333034e-07,4.870095012454982e-06,Naip6,6.4152540067659665,DEG
Gm47547,16.03790274904742,2.1593184766751152,0.41839509076864495,5.160955576003945,2.4569248320150044e-07,3.2254739274610356e-06,Gm47547,6.609608130268177,DEG
Gpr153,57.05095465083218,2.157114375777291,0.3883078693357508,5.555165233883375,2.7734927563850745e-08,4.1826499710511394e-07,Gpr153,7.5569729640437,DEG
Epp13,195.88983469842444,2.153696466363904,0.177421629221058,12.138860835735601,6.573481873395811e-34,9.88616413702704e-32,Epp13,33.18220453031113,DEG
Slc5a9,14.187100600346755,2.1486834551522853,0.8447806496937367,2.543480909430466,0.010975405431618478,0.05524010634790616,Slc5a9,1.9595794279457484,DEG
Tmsb4x,2338.535704586364,2.1447832626112895,0.1712110532023184,12.527130827685642,5.30472537456e-36,8.860697239472496e-34,Tmsb4x,35.275337094590235,DEG
Scn2b,51.65379098520314,2.135613736953521,0.26126928215381706,8.173994735807561,2.983428414658413e-16,1.1537784784294253e-14,Scn2b,15.525284378296442,DEG
Slit2,566.4229078378785,2.1308812757122135,0.27352764717080214,7.790368899643997,6.681383320389421e-15,2.3106990262136206e-13,Slit2,14.175133611444261,DEG
Lurap1l,250.3523497872125,2.1304625222083535,0.17463180410102555,12.199739521535655,3.1181983674329313e-34,4.7258162361716164e-32,Lurap1l,33.506096260173095,DEG
Gsdmd,19.04463862385676,2.1289825251647287,0.5130051581694266,4.150021673781308,3.324437944382151e-05,0.0003053209233290421,Gsdmd,4.478281769394479,DEG
Lmx1b,22.592395741513595,2.1259940051266106,0.8778497282423334,2.421819972973464,0.015442998906542663,0.0741237510489752,Lmx1b,1.8112683593049208,DEG
Tnnc1,12.611440296211658,2.1159033838437953,0.6048471510681939,3.4982447716038534,0.0004683311007288886,0.003381788207673117,Tnnc1,3.329447000820418,DEG
Gm11992,29.82937535070347,2.1154767952826927,0.6440851000127856,3.2844678369996423,0.0010217515949831166,0.006798617146848686,Gm11992,2.9906546756698793,DEG
Acnat1,14.205145852764533,2.1125495992141365,0.4468855670674608,4.7272719346857555,2.275564246176829e-06,2.535416501708177e-05,Acnat1,5.642910898515663,DEG
Dpysl3,446.54124041448927,2.111901723492222,0.19222833481849383,10.986422607709345,4.441846912056881e-28,4.637122788270445e-26,Dpysl3,27.352436413458555,DEG
Greb1l,1444.386665209912,2.1113921466890497,0.25330072073692433,8.33551574802632,7.71611055335462e-17,3.1451764023969773e-15,Greb1l,16.11260155858545,DEG
Unc5c,11.09754059173519,2.109693496601825,0.7761999567317498,2.7179768283998027,0.00656824378348921,0.035226571011518236,Unc5c,2.1825507365434054,DEG
Rassf9,60.440863938146386,2.1065676721072184,0.3681112837187702,5.722638140363539,1.0488250172310036e-08,1.6824490560428517e-07,Rassf9,7.979296962130521,DEG
Mfge8,1499.2770115877593,2.1062105530868247,0.1125912976614678,18.70669045328567,4.3666376992238e-78,3.895537036537087e-75,Mfge8,77.35985284008122,DEG
Heg1,312.4405511756834,2.0862236304428143,0.26170564713690647,7.971641625873838,1.56580314612589e-15,5.696243827143611e-14,Heg1,14.80526283865428,DEG
Myrfl,18.24058701572734,2.083624723852596,0.7917047701995601,2.631820348041341,0.008492875846873879,0.04418434136744074,Myrfl,2.0709452246037654,DEG
Maf,13.960307640952415,2.0836159052515404,0.6750624267053643,3.086552921365522,0.0020249189819175543,0.012515217256685524,Maf,2.693592348454266,DEG
Sh2d5,24.32256512870155,2.0834620149335583,0.4653062527933765,4.477614479551683,7.548175255909838e-06,7.795015083405126e-05,Sh2d5,5.122158024804012,DEG
Scara5,78.33881639359447,2.083345829959543,0.2806148454669736,7.424218153863633,1.1344804266043584e-13,3.415012284164178e-12,Scara5,12.945202992675519,DEG
Kdelr3,216.3385290140807,2.0779675866002956,0.16904359323398624,12.2924953667071,9.9389856626575e-35,1.5481547786360906e-32,Kdelr3,34.002657935883256,DEG
Tmem181b-ps,185.46298283097238,2.0751850188020393,0.1806122222689592,11.489726402412412,1.4858175398451544e-30,1.8112669531534735e-28,Tmem181b-ps,29.828034519178196,DEG
Sidt1,48.12220666603104,2.0733155433481123,0.5069383628162617,4.089876985892227,4.3160203504349975e-05,0.0003879476684580375,Sidt1,4.364916516245664,DEG
Cystm1,623.583871046955,2.072066391265914,0.17471263903374484,11.85985400212348,1.9130841356222939e-32,2.625674530614752e-30,Cystm1,31.718265929694088,DEG
Slc16a4,47.325486605513674,2.066293983384719,0.3197090973957348,6.463044061667934,1.0261739611540449e-10,2.1891525270206372e-09,Slc16a4,9.988779009628585,DEG
Psd3,103.79814585090104,2.0644316222122066,0.3053150447927705,6.761643939339506,1.3643467450502941e-11,3.237890132010834e-10,Psd3,10.865075240878664,DEG
Dock8,48.08763790322574,2.063996826771088,0.5757502277411491,3.5848823453684115,0.0003372301953728964,0.0025080138042766773,Dock8,3.4720735458601215,DEG
Selenov,37.85200176925418,2.061668706812367,0.26212286933105955,7.865275975628407,3.6828462435549695e-15,1.3011949918835573e-13,Selenov,14.433816412279905,DEG
Rapgef4,14.557524722530896,2.061398063842987,0.7060319040971851,2.919695345041003,0.003503737254291908,0.020317949245489773,Rapgef4,2.455468469082035,DEG
Tmem200c,10.05148347332454,2.0609795579716637,0.8371313138069431,2.4619549215034633,0.013818203307308116,0.06738216319906162,Tmem200c,1.859548421827802,DEG
Gab2,82.33743763580105,2.057987678418209,0.3721796709291028,5.529554242661037,3.2104552182594824e-08,4.791634930887431e-07,Gab2,7.49343338355731,DEG
B230323A14Rik,27.50229274639981,2.0549579865189784,0.4464195305848904,4.603199111442573,4.1605011589121185e-06,4.464520284056243e-05,B230323A14Rik,5.380854352680742,DEG
Ct55,10.488828087849702,2.0532081269419264,0.7313720478378412,2.807337432448828,0.004995288598844162,0.027816720580285132,Ct55,2.3014394156932916,DEG
Dsc2,337.0168080544879,2.049735896954276,0.18119482688907046,11.312331219086886,1.1401921851005873e-29,1.3320227333855164e-27,Dsc2,28.94302193998451,DEG
Gbp7,23.95587359112051,2.0485052719495918,0.8668334937467207,2.36320502925576,0.01811764307139921,0.08495661730756579,Gbp7,1.7418983004595885,DEG
D230049E03Rik,10.853430602787663,2.0467960796224376,0.9635755102543464,2.1241678081691417,0.03365611405016327,0.14381705255944469,D230049E03Rik,1.4729360292988611,DEG
Pcolce,239.70784612940517,2.04616894840079,0.2175777355670916,9.404312178668851,5.2371613956771245e-21,3.06370039142346e-19,Pcolce,20.280904042067213,DEG
T2,18.971770893717462,2.0448381806632683,0.441234822990727,4.6343535779954586,3.5805455893558736e-06,3.8825181220714394e-05,T2,5.446050792240695,DEG
Bmp2k,159.7210433709101,2.044471857127787,0.15655535767367215,13.059098631356552,5.639150784310589e-39,1.1589192970499661e-36,Bmp2k,38.2487862927288,DEG
Meis3,621.7076106724325,2.04351488207954,0.1387616547362552,14.72679816310678,4.337761371715591e-49,1.3731463477738073e-46,Meis3,48.36273434300824,DEG
Gm30531,18.284466270829977,2.040785317286876,0.49993818742577073,4.082075281736476,4.463533249743322e-05,0.00040029031448977524,Gm30531,4.350321225732449,DEG
Stambpl1,69.61373238445553,2.0363589603630103,0.20686159537137064,9.844064852672211,7.271226011345896e-23,4.9985540214248765e-21,Stambpl1,22.13839235598124,DEG
Kcnj12,12.909986389360714,2.028331448041937,0.7359473065346905,2.756082439641794,0.005849825088507781,0.03191870783975479,Kcnj12,2.2328571192565443,DEG
Zfy1,25.85610245304759,2.026037809039868,0.4385890911559897,4.619444144631683,3.8476943895605074e-06,4.146994724695733e-05,Zfy1,5.414799429929004,DEG
Habp4,178.07093015019092,2.0202285595331753,0.4103949724527636,4.922644513550183,8.538246917177415e-07,1.0208705642399179e-05,Habp4,6.068631290007937,DEG
Cmtm3,489.16386699855474,2.019836577563145,0.14461037043825162,13.96743934367841,2.463248966839156e-44,6.361178401009039e-42,Cmtm3,43.608491690694386,DEG
Chst2,164.9935858189399,2.018930350413509,0.2101158657358871,9.608652556258072,7.350455453680724e-22,4.661186234625678e-20,Chst2,21.13368575004614,DEG
Antxr2,324.3842849554504,2.018083028886514,0.22892596753699024,8.81543955279092,1.1921640819068028e-18,5.777286013220708e-17,Antxr2,17.923663966942595,DEG
Slc25a21,10.270378548993747,2.0177649818814447,0.6839082830627398,2.9503444129164627,0.003174198709836242,0.01865221885586856,Slc25a21,2.498365889211886,DEG
Mall,15.97881630108912,2.017113523172108,0.919240643625227,2.1943258679437614,0.028211991073861006,0.12409292756860894,Mall,1.5495662622361102,DEG
Mixl1,1898.6776267020502,2.0157255871315582,0.31588216324100943,6.381258018654302,1.7563908787643118e-10,3.6343495605764647e-09,Mixl1,9.755378826926687,DEG
Atoh8,92.88526164689581,2.011152868953929,0.34634336761903456,5.806817906691159,6.367131767509562e-09,1.055889409674917e-07,Atoh8,8.196056162338113,DEG
Rab8b,1624.392541687599,2.0104622462458615,0.10252301842490519,19.60986203033478,1.2737696745374079e-85,1.35133191985451e-82,Rab8b,84.8949090948583,DEG
Lrriq3,23.99355631590381,2.0098402930457273,0.4090107520214808,4.91390576681019,8.927967369040273e-07,1.062934495410791e-05,Lrriq3,6.049247405712909,DEG
Hnf1b,46.54316636290428,2.009747790252115,0.8820426136227956,2.278515526588357,0.0226958804933518,0.10324271607434676,Hnf1b,1.6440529640122794,DEG
Col4a5,124.66112000413693,2.0095459508373588,0.3318505502488956,6.0555751657791514,1.3991682076008097e-09,2.5592520807527763e-08,Col4a5,8.854130071611428,DEG
Shisal1,23.53932044269119,2.009176650166579,0.5338190101633667,3.7637787563086276,0.00016736496940739968,0.0013304125443800445,Shisal1,3.77633543753216,DEG
Lxn,290.5230866363822,2.0088795268823407,0.1966421565844883,10.215914846414,1.6828413041204803e-24,1.3291060303951955e-22,Lxn,23.773956837080842,DEG
Pip5k1b,34.038290744408066,2.007590356814036,0.2947337856108887,6.811537919390356,9.656083715856553e-12,2.3556883411965026e-10,Pip5k1b,11.015198977668687,DEG
Erich2os,13.044621588671188,2.00148032607885,0.5833333345477322,3.431109123277911,0.000601118737033866,0.004241544811215233,Erich2os,3.221039734743758,DEG
Evx1,505.7414417293105,2.0008125197576474,0.38019646193776757,5.262575326345752,1.4205143424359941e-07,1.9358565951534563e-06,Evx1,6.847554376999571,DEG
Rec8,76.39503090614181,1.996452948083349,0.2576111088922855,7.74987133384113,9.198570556360117e-15,3.1261600870026286e-13,Rec8,14.036279656102067,DEG
Tek,80.79065816900261,1.9869227102336078,0.5383482553024782,3.6907757955252007,0.0002235711360009366,0.0017278672576185794,Tek,3.6505842664594788,DEG
Iqck,11.78196996663503,1.9855988544776828,0.7795764108835694,2.547022750761803,0.010864634976022155,0.05475982495041058,Iqck,1.96398486028339,DEG
Epha7,715.9563414219045,1.9842973417337395,0.16862929196077944,11.767216233080408,5.75937728048576e-32,7.768825992814691e-30,Epha7,31.23962447113735,DEG
Pkd1l1,191.5419898793653,1.9836950837357963,0.9595938937669314,2.067223537603712,0.03871309527867763,0.16131689267239208,Pkd1l1,1.4121421035787862,DEG
Gckr,10.979174050355423,1.9816761678028116,0.9558370756323741,2.0732363478281597,0.0381502892151771,0.15947958493752362,Gckr,1.4185021653348047,DEG
Slc44a5,89.86097099866939,1.9780883659889152,0.5138527113742275,3.849524041040464,0.00011834756797285374,0.0009773820924970393,Slc44a5,3.926840662338379,DEG
Pdgfd,19.847561688431778,1.9769865239164433,0.5097259222808884,3.878528514049182,0.00010509021041245768,0.0008773088109996173,Pdgfd,3.9784377384138985,DEG
Pik3r3,586.9823950814592,1.9739486136566078,0.16174252616893262,12.204264768283075,2.949607997782264e-34,4.4876342146103566e-32,Pik3r3,33.53023569782261,DEG
Nr1d1,200.0421103449502,1.9733338738141781,0.1523462319577806,12.952954913653816,2.2608115179222852e-38,4.371607611478003e-36,Nr1d1,37.64573564293477,DEG
Nr4a2,48.115398119146384,1.9731766329194385,0.3078573139571098,6.409386892767921,1.4610599409992735e-10,3.06035143351358e-09,Nr4a2,9.83533196646733,DEG
Dll1,1429.168958655239,1.971033002651326,0.20480187913111425,9.624096277893377,6.326054107473446e-22,4.04424433030383e-20,Dll1,21.198867097833407,DEG
Rsad1,63.0067848163087,1.9659774500443057,0.28717870907976434,6.84583288344768,7.603219676438627e-12,1.8770388802468266e-10,Rsad1,11.119002461455,DEG
Igfbp5,4624.875188611249,1.9620134799134181,0.3149220188389138,6.230156554778758,4.659692879090678e-10,9.104376534740984e-09,Igfbp5,9.331642706767441,DEG
Dhrs3,201.95268883537855,1.9603839432559085,0.25588964926617735,7.6610521327367564,1.8441597389624397e-14,6.083092624663248e-13,Dhrs3,13.734201463572353,DEG
Acss3,30.394256824776335,1.9597879308584936,0.5548949413617289,3.5318179799028533,0.0004127133316845824,0.0030139974713702163,Acss3,3.3843515020856714,DEG
Phactr2,299.75910159787725,1.958601706769932,0.2245058982378542,8.724054566686169,2.6841365932909993e-18,1.2572841729886824e-16,Phactr2,17.571195387086092,DEG
Ldhb,4133.781382154449,1.957018456871134,0.14193904099040025,13.787739040758298,3.020798204041572e-43,7.504771639445811e-41,Ldhb,42.519878285583516,DEG
1110032F04Rik,28.228330535707016,1.952402808516147,0.5039910289817271,3.873884050001481,0.00010711439094714143,0.0008923092503922204,1110032F04Rik,3.9701521772627038,DEG
Cadm4,26.815825546954972,1.9516140027392754,0.35577234230816907,5.485569760925352,4.121388692619831e-08,6.061328975324325e-07,Cadm4,7.384956424762112,DEG
Gm9844,52.16196431658625,1.9479484737534798,0.5439277118304865,3.5812635234156858,0.0003419365474637985,0.0025377264695777054,Gm9844,3.466054477695432,DEG
Rnf43,63.062891293532054,1.9472215025536297,0.3255282709519455,5.981727783148759,2.207830306914191e-09,3.9179006798057295e-08,Rnf43,8.656034309386166,DEG
Tcl1,481.68294147257706,1.9450192964073685,0.4656824933803275,4.176706928123346,2.9575968859811837e-05,0.0002741311701662796,Tcl1,4.529061019698237,DEG
Rftn1,224.31642428076933,1.9447307376020262,0.18031169048147946,10.785383534528934,4.0355639211137395e-27,3.9209898662246937e-25,Rftn1,26.394095769314728,DEG
Gfra2,101.00324541823566,1.937505746137782,0.4030565025423521,4.807032596960011,1.5318702141165065e-06,1.7607760326417345e-05,Gfra2,5.8147780282286785,DEG
B230216N24Rik,14.246913148423445,1.9351803302086483,0.5387806480771742,3.5917777245990763,0.00032842992236670264,0.002447666554520634,B230216N24Rik,3.4835572823481167,DEG
Dlx3,60.4470682032582,1.9283764015282372,0.8409441512616597,2.293108761901863,0.021841744074060858,0.09985487772409864,Dlx3,1.6607126859536188,DEG
Wls,2518.8180998600083,1.927451858758767,0.1288613619651293,14.957562370637893,1.3902581139894506e-50,4.624728961731178e-48,Wls,49.85690456156265,DEG
Pax3,162.62268570520897,1.9249599631878072,0.8290298418956109,2.321942909541479,0.020236009907271552,0.09344989375178003,Pax3,1.6938751166388255,DEG
Cpne2,105.39400852368689,1.9233823424037468,0.2541231152724574,7.568702832647072,3.7696937769173476e-14,1.1981521443347096e-12,Cpne2,13.42369392735296,DEG
Gprc5c,1257.0221880673826,1.918912113696767,0.1562531292705462,12.280791576175384,1.148688111850507e-34,1.78219187567067e-32,Gprc5c,33.939797873565226,DEG
AA986860,22.137852616265572,1.918477144880672,0.5377486189984046,3.5676096173970153,0.0003602526875115189,0.00266058301841762,AA986860,3.443392770633143,DEG
2810410L24Rik,10.967714449636588,1.9089323712445687,0.8572632261913434,2.2267750591910844,0.025962311062846695,0.11566208105208503,2810410L24Rik,1.585656650963794,DEG
Tex2,421.93042686955556,1.9062957661333069,0.14761794062106112,12.913713320434505,3.766881122440194e-38,7.212750473129021e-36,Tex2,37.424018085313826,DEG
Sox17,189.52731095760691,1.9020943008376008,0.5624357910990612,3.3818870188198726,0.0007198974624040474,0.004968026563246497,Sox17,3.1427293572956083,DEG
Cd36,556.0427111119841,1.8997099961990636,0.638260411327258,2.976387008319426,0.0029166653866373503,0.017286405922040754,Cd36,2.5351133922949916,DEG
Peli3,140.73629303821,1.8988618316217534,0.3175783546275595,5.979191604064598,2.242476691501432e-09,3.972199348894662e-08,Peli3,8.649272062355182,DEG
Ifngr2,356.7240920979355,1.8986247980564226,0.1378264703004152,13.775472838548803,3.5803120974757293e-43,8.838867343535522e-41,Ifngr2,42.44607911405341,DEG
Gap43,228.71081629709627,1.8939275676531762,0.1919591361358354,9.866305953330519,5.827116027013999e-23,4.062731534784734e-21,Gap43,22.23454633433987,DEG
Amhr2,31.76736086586069,1.8929742363903084,0.4945357714656769,3.8277802044127553,0.00012930414338819705,0.0010563112467048695,Amhr2,3.888387558477692,DEG
Aldh1a7,16.77209955077253,1.8919374699875044,0.508604912133442,3.7198568571652313,0.0001993357198099881,0.0015602243289534322,Aldh1a7,3.7004148712624985,DEG
Gm40977,16.135716812417478,1.8887739856526724,0.7739322506565595,2.4404900868911272,0.01466734849888464,0.07100169497541678,Gm40977,1.833648388977539,DEG
Heph,240.16071739154629,1.8872781843386734,0.3012784060003755,6.264233170220375,3.7466450446353174e-10,7.42387975452146e-09,Heph,9.426357449809396,DEG
Dram2,706.778154823001,1.886907451361498,0.12673316248969785,14.888821633523785,3.8957510454031557e-50,1.2638009569025627e-47,Dram2,49.40940880411946,DEG
Ebf2,86.96727625573804,1.884316866286936,0.6914919050207531,2.725002060914052,0.00643010856980292,0.034613419046965715,Ebf2,2.191781694125818,DEG
Lgr5,176.00939873304335,1.8828220951971382,0.32932252058897377,5.717258849561283,1.0825614648590803e-08,1.7309077466441336e-07,Lgr5,7.965547436229735,DEG
Prkd1,350.6295807122401,1.8821239924510358,0.2563482038823223,7.3420603848468255,2.1033045398583959e-13,6.188981491983629e-12,Prkd1,12.677097840768495,DEG
Fgfbp1,287.72480020342493,1.8817292675276678,0.2259174669480144,8.329277469991597,8.1337229604738e-17,3.30168590866058e-15,Fgfbp1,16.089710624012387,DEG
Ncald,57.00771432932287,1.880176024221817,0.6673148681410778,2.817524550980523,0.004839541458682827,0.027049198473256018,Ncald,2.315195785338587,DEG
Serpinh1,5447.258908590173,1.8794628195631142,0.15172953062315878,12.386928318067625,3.0760125322352055e-35,4.928274282768511e-33,Serpinh1,34.5120118994722,DEG
Pdzk1,56.530521805638465,1.8774365672945175,0.3339686019841194,5.621596030706479,1.8920127698089272e-08,2.925056213206373e-07,Pdzk1,7.723075936729767,DEG
Kcnmb2,10.209898115449347,1.8771808295329435,0.7598450734641617,2.470478384461726,0.013493247326508825,0.06603296812211082,Kcnmb2,1.8698835190999996,DEG
Pam,1050.606744778023,1.8752561527072058,0.11846043339435659,15.830232078118856,1.9250983590647468e-56,8.0389240306775e-54,Pam,55.715547076177415,DEG
Letmd1,324.60231515154175,1.8750880139859019,0.17899485729418427,10.475653001047565,1.1176358306649709e-25,9.64188115628398e-24,Letmd1,24.951699683477052,DEG
Syngr2,1265.291009451591,1.8714460126060215,0.0973377795332207,19.226306800714617,2.2295125837239864e-82,2.187876436222941e-79,Syngr2,81.65179007208026,DEG
A730056A06Rik,13.553014084616162,1.8697953810087546,0.7219840251857879,2.5898015964101155,0.009603126131781771,0.049113695167820104,A730056A06Rik,2.017587366879507,DEG
Prkg1,36.59631309075086,1.8692657707262283,0.7374508785610921,2.534766484207767,0.011252230646119705,0.05640917107945553,Prkg1,1.9487613743285184,DEG
Cdkn1c,468.36583250630673,1.8687864711522075,0.38784221274303654,4.818419475113621,1.4469990289064042e-06,1.6700691820541924e-05,Cdkn1c,5.839531760339657,DEG
1700001G17Rik,10.684073549252002,1.8685669387930084,0.6101228949496692,3.062607475084428,0.00219417667040486,0.01344699716524621,1700001G17Rik,2.658728406892157,DEG
6430548M08Rik,20.16234122027703,1.8636097213143694,0.5131625417621855,3.6316168263466526,0.0002816511028876607,0.0021301831872156734,6430548M08Rik,3.550288543817633,DEG
Thsd1,61.13467115727636,1.8631293579771304,0.3364228276061535,5.538058672279741,3.058428107535665e-08,4.573427752575141e-07,Thsd1,7.514501723721847,DEG
Tgfb3,56.510482956781075,1.8631109253229254,0.39064124840821174,4.76936558265351,1.8480700857972254e-06,2.091158693508172e-05,Tgfb3,5.7332815627166545,DEG
Msrb2,473.45324515730414,1.8609701816362068,0.1620025321545019,11.487290703958866,1.5283009216047771e-30,1.8572878042028582e-28,Msrb2,29.815791124997673,DEG
Bglap3,11.684938628195555,1.8580485943225407,0.6550487818022547,2.8365041595992864,0.004561038423476879,0.025618708047143293,Bglap3,2.34093626912418,DEG
Adgrd1,36.91080967679592,1.8532174187541335,0.8587148749904461,2.1581289351424733,0.030917808652072405,0.13414576578089954,Adgrd1,1.509791294961939,DEG
Gm12166,19.81731966342574,1.8458306027607025,0.48546893294494364,3.802160092023923,0.00014343998668892407,0.0011571002460954247,Gm12166,3.843329763747931,DEG
Dact1,101.95701647864007,1.8373156291263093,0.3679519705857447,4.9933572205129835,5.933865753566446e-07,7.290204457738457e-06,Dact1,6.2266622832879355,DEG
Sox4,802.9082490308059,1.832759290453947,0.14287858267719997,12.82738991465662,1.151793809793467e-37,2.1126804867206992e-35,Sox4,36.93862525987432,DEG
Slc15a2,159.98810372676317,1.831894721120079,0.2395578396641289,7.64698297366715,2.0574955657471037e-14,6.741475245598586e-13,Slc15a2,13.68666109209316,DEG
Bmp5,36.415170952222226,1.8300006446524129,0.49645861779226874,3.6861091318957278,0.00022770873575380128,0.001756386520837878,Bmp5,3.642620307914078,DEG
Olfr539,76.72661150769608,1.8281812264542066,0.43860331967021643,4.168188302425086,3.070302496318256e-05,0.00028377344922999887,Olfr539,4.512818834291551,DEG
Tph1,71.95649133791804,1.8280971020479502,0.7411846210118904,2.4664530944424747,0.013645859940248056,0.06665516926761535,Tph1,1.864999090588691,DEG
Tubb3,381.77127682673586,1.824536514619402,0.18885162034660385,9.661217156997576,4.405976000535523e-22,2.858640924777205e-20,Tubb3,21.35595787279201,DEG
Gm4600,28.54124380316627,1.8211641256689213,0.5222480773381734,3.4871629110654543,0.00048817389147431657,0.003514082112972923,Gm4600,3.3114254512437795,DEG
Pglyrp1,22.915498709738184,1.8207612416259729,0.3702799732005901,4.917255518541426,8.776596209136648e-07,1.0471359604779358e-05,Pglyrp1,6.056673882066992,DEG
Fam189a1,18.438519224429754,1.8149272033698591,0.6536148038104345,2.7767535141328223,0.0054904798781008025,0.030218424937617894,Fam189a1,2.2603896957496787,DEG
Gm48377,19.60507965781847,1.813088563249725,0.37704916796920945,4.808626347102257,1.5197096380538046e-06,1.7488467435510406e-05,Gm48377,5.818239382211187,DEG
Id4,13.977984668567982,1.8130734159357467,0.6687637801392767,2.7110819541664712,0.0067064048155839094,0.035874421944142164,Id4,2.1735102350008417,DEG
Sox8,10.204246908500615,1.8130441402263895,0.8954079672478492,2.024824668244814,0.04288537110266953,0.1754799824760854,Sox8,1.3676908274624107,DEG
4933434E20Rik,3205.7220582654927,1.8109001179303557,0.14567416567050187,12.43116862619555,1.7702728710613088e-35,2.8953550419903984e-33,4933434E20Rik,34.751959786032316,DEG
Dyrk1b,87.04921509509622,1.810722285689589,0.21339770154477494,8.485200508636522,2.1534707737809606e-17,9.208081512333775e-16,Dyrk1b,16.666861017967687,DEG
Fgf4,603.9731801248296,1.8101563736039996,0.3795365569457546,4.76938608541658,1.847882017356399e-06,2.091158693508172e-05,Fgf4,5.733325760846858,DEG
Nlrc4,53.508229198757746,1.8037975354106193,0.41528925221504986,4.343472713992983,1.402479040235374e-05,0.00013752563019325288,Nlrc4,4.853103620466195,DEG
Dsg2,443.97597199324673,1.8033564359227554,0.15492567690755585,11.640139142324472,2.57595028594307e-31,3.251246835180814e-29,Dsg2,30.589062522814142,DEG
Pcsk1,147.21958934874772,1.8013348920476238,0.23538404122470558,7.652748600437225,1.9672828664768934e-14,6.46748361455758e-13,Pcsk1,13.706133190402076,DEG
Znrf3,896.3020864110292,1.7999116630829468,0.20963078135416832,8.586103870127836,8.99683342165685e-18,3.990426014692614e-16,Znrf3,17.04591032050391,DEG
Gm40723,14.088452700233969,1.7996754767724807,0.5190679047361979,3.467129175877512,0.0005260490212494567,0.0037570964758196733,Gm40723,3.2789737830969488,DEG
2310043M15Rik,40.48459012477588,1.7984282714496802,0.5911587610375059,3.042208607876116,0.002348490759907822,0.01427901297996619,2310043M15Rik,2.6292111442007404,DEG
Tsc22d1,4439.749277159227,1.7967025710429019,0.12008250819287611,14.962233868042167,1.2960157627066058e-50,4.348077498591658e-48,Tsc22d1,49.88738971635519,DEG
Arhgap28,847.9047952517279,1.7963776257041892,0.14184527016713921,12.664346323197666,9.319340596858543e-37,1.6258314508821707e-34,Arhgap28,36.03061481568002,DEG
Tmem260,157.10034396903905,1.7942582237501823,0.23173312912816377,7.7427782143218655,9.726762746868936e-15,3.297103783271557e-13,Tmem260,14.01203167721409,DEG
Fchsd1,42.56905304939524,1.792241327601483,0.29286530649986336,6.119677844471206,9.376472880851047e-10,1.7601850310475665e-08,Fchsd1,9.02796049813001,DEG
Pdcd4,1144.557951928304,1.7882875709185462,0.17866272614526957,10.009292981819279,1.3874048669572736e-23,1.0179402475266142e-21,Pdcd4,22.85779678634724,DEG
Trf,51.86564441422813,1.787546876074526,0.46605246804109396,3.8355056536615306,0.00012530622366268047,0.0010285749053599324,Trf,3.902027358094159,DEG
Creg1,393.5741668719251,1.7860586479087113,0.13073254589510583,13.66192814252824,1.713848684605659e-42,4.127221007167235e-40,Creg1,41.7660275245025,DEG
Gm20052,11.231035464166593,1.7852851721179384,0.8219617980043915,2.1719807130360094,0.029857117714836307,0.13027806154518337,Gm20052,1.524952119617017,DEG
Rcsd1,98.78408768314748,1.7844357622909015,0.3068493667094021,5.815347710920419,6.050797796002948e-09,1.0072602454898376e-07,Rcsd1,8.218187359965842,DEG
Gm6563,181.72157751501885,1.7799295017929035,0.3169570037120054,5.615681246817279,1.95789302872704e-08,3.0197711220676817e-07,Gm6563,7.708211039960183,DEG
Uros,213.680323618387,1.778497362863497,0.18154582935856872,9.796409915596634,1.1665837052242919e-22,7.895156927787781e-21,Uros,21.933084094064583,DEG
Mafb,91.21213214869661,1.774601828156349,0.34014349705278346,5.21721521514482,1.8163317675681375e-07,2.439153981264184e-06,Mafb,6.740804821198089,DEG
Fhl1,1470.4859376587463,1.7693635658948563,0.13771454579404743,12.84805142182254,8.820411490871319e-38,1.6254817476580838e-35,Fhl1,37.05451115363846,DEG
Dpp6,50.819600355855904,1.7668664487142476,0.2908471729573126,6.074896416385553,1.2406778076662791e-09,2.2907020688769736e-08,Dpp6,8.906340986043455,DEG
Fgf18,11.482780849726865,1.7615259939337635,0.7501294039434471,2.3482961535348195,0.01885951925300441,0.08798344535752105,Fgf18,1.7244693820349803,DEG
Zadh2,388.2954037411109,1.7613894197514728,0.19206206980455773,9.170938444763518,4.689188049366075e-20,2.5529084396916302e-18,Zadh2,19.3289023505061,DEG
Pdgfa,279.1614508653583,1.760006284839858,0.14789053329635896,11.900736616541698,1.1730709375314532e-32,1.6328565074795082e-30,Pdgfa,31.930675724587836,DEG
Zdhhc16,681.1212343162078,1.7600035202954254,0.09771763280254335,18.011114983227642,1.5938549809647867e-72,1.1585849919964958e-69,Zdhhc16,71.79755119600884,DEG
Grhl3,218.37489902339857,1.7597539570193987,0.193859872259631,9.07745340233491,1.1114478884624184e-19,5.871825567404483e-18,Grhl3,18.954110894893702,DEG
Fhod3,111.7606944598347,1.7571795012043994,0.24490713508375803,7.174880799628175,7.23702131888175e-13,2.0233247708694112e-11,Fhod3,12.140440148023515,DEG
Zeb1,395.8360897522405,1.7559263113572585,0.22053917995399824,7.961969894526328,1.6932167908074075e-15,6.125699418392919e-14,Zeb1,14.771287433489519,DEG
Lmo1,24.15135062848585,1.754348663462173,0.520953873410493,3.3675700537114714,0.0007583375748512082,0.005211313870034047,Lmo1,3.1201374246329183,DEG
Greb1,528.0488945541734,1.7538400167998038,0.17008692586648658,10.311433450073162,6.256113825793978e-25,5.148243941381363e-23,Greb1,24.203695358179584,DEG
Dsp,554.0387168111328,1.7528466096566353,0.17200519172217607,10.190661061486125,2.1827485987195506e-24,1.6999887052686215e-22,Dsp,23.660996281916244,DEG
Dnaaf1,11.778224920125645,1.7508243152644918,0.6892735764933642,2.540100730644137,0.011082054620881401,0.05569832138712645,Dnaaf1,1.9553797136338906,DEG
Klhdc8b,148.97549383302476,1.7495172839803255,0.2006036111887939,8.721265153765371,2.7511034818169527e-18,1.287116388221226e-16,Klhdc8b,17.56049307346461,DEG
2810414N06Rik,21.64016968065786,1.7464768781876967,0.3936389770314795,4.43674783264166,9.132817468022691e-06,9.26571424327461e-05,2810414N06Rik,5.039395222240704,DEG
Lrrc6,10.940094753851943,1.746225021204945,0.8167539193637822,2.1380062951705,0.03251623231206443,0.1399824157650214,Lrrc6,1.487899782293078,DEG
Ctsa,1883.751426665018,1.7441632020591347,0.11852521416864518,14.715545669273618,5.123131003875068e-49,1.6087860903608644e-46,Ctsa,48.2904645386127,DEG
Cldn4,1220.2984680698864,1.7427027590271276,0.19537613503826376,8.919731975892681,4.674180299778422e-19,2.3492394277490704e-17,Cldn4,18.33029453933604,DEG
Plcxd1,237.42263589369443,1.7411527975627095,0.18570119717911965,9.376098937495088,6.845884925240539e-21,3.95760708351203e-19,Plcxd1,20.164570405337358,DEG
Col1a2,62.140799546325844,1.738147356979167,0.4657877475518233,3.7316296233957544,0.00019024507462066454,0.0014953323816749992,Col1a2,3.7206865781461214,DEG
Tnfrsf19,1279.017157165874,1.737626358635032,0.20257307234999952,8.577775606981044,9.672540968731264e-18,4.2708239667672473e-16,Tnfrsf19,17.01445942211783,DEG
Asphd2,47.76969080229946,1.7346511255051602,0.32334024217381674,5.364785755843749,8.104535853625024e-08,1.1439314845823195e-06,Asphd2,7.091271852127184,DEG
Tent5c,36.40540135659875,1.7336889395997774,0.4967965285103826,3.4897364214644364,0.00048349716987058087,0.0034836113085407326,Tent5c,3.3156060636971887,DEG
Gm44103,18.802889323420345,1.7317175095639805,0.4803755568663625,3.6049242822855234,0.0003122439502885151,0.002339028965777688,Gm44103,3.5055059673069646,DEG
Srsf12,114.00998476730383,1.730523367029659,0.24623978046350653,7.0277977172178625,2.098187769842954e-12,5.523820558661668e-11,Srsf12,11.678155648765122,DEG
Tmc8,34.336944583542525,1.7267988443855045,0.3207804665028585,5.383117192923332,7.320684072250313e-08,1.0411551155363823e-06,Tmc8,7.135448334935795,DEG
Ifih1,30.042897945099135,1.7230767432617733,0.7117415040737867,2.42093053924693,0.015480835046905174,0.0742962731502835,Ifih1,1.8102056168778091,DEG
Dlx1,16.62929369836444,1.7174293850780835,0.8319149172315667,2.064429125508793,0.03897704734407741,0.16222733956071156,Dlx1,1.4091910633903635,DEG
3110053B16Rik,20.306185666711208,1.715400061130185,0.4419622793506674,3.8813268490932242,0.00010388810597604293,0.0008684956995003802,3110053B16Rik,3.9834341714481867,DEG
Gm41609,123.29887819546815,1.7142486844529419,0.21520489062788928,7.965658584483792,1.643461182818404e-15,5.956674220606724e-14,Gm41609,14.784240549134443,DEG
Tcp11x2,48.80868723899154,1.714018063745631,0.3687998677437195,4.647556069452577,3.358908106801051e-06,3.6573431322125284e-05,Tcp11x2,5.473801877448938,DEG
Eva1a,19.91536642911614,1.7138513049837223,0.4943305587510415,3.4670146820659435,0.0005262731433121376,0.0037580134063000432,Eva1a,3.2787887922645886,DEG
Crtac1,42.88731213922821,1.7098201866352531,0.3316861308920315,5.15493422060455,2.537199778620233e-07,3.3153363152523307e-06,Crtac1,6.595645335168321,DEG
2610035D17Rik,35.071030080458776,1.70648846621644,0.35338508437395477,4.828977061212411,1.372362146033824e-06,1.5890658205978083e-05,2610035D17Rik,5.862531269627345,DEG
Erich2,27.916523812511166,1.7046448785637869,0.44522109908750485,3.828760321686264,0.00012879035571096558,0.0010529905921105045,Erich2,3.8901166573048496,DEG
Fam102b,241.1001121634279,1.7041440795999243,0.18058338906022792,9.436881700296146,3.840382154228353e-21,2.2875041077378683e-19,Fam102b,20.415625557086983,DEG
Shroom1,13.785377639018098,1.7023850110328849,0.5361894646711944,3.17496915400386,0.0014985242996135005,0.009566039084847737,Shroom1,2.8243362102742315,DEG
Lad1,311.8360771742076,1.7006012779637873,0.19383234866643562,8.77356792952211,1.7309244724066393e-18,8.23563373519731e-17,Lad1,17.76172188182573,DEG
Bdkrb2,12.620604653784365,1.698697063468551,0.7898999410809326,2.150521825769453,0.03151396146818289,0.13640065382187486,Bdkrb2,1.5014970003285968,DEG
Prss23,150.53488777771395,1.6986767539357157,0.30740915519269724,5.525784529321882,3.280165054618255e-08,4.886387813621645e-07,Prss23,7.484104302475394,DEG
Rhbdf1,122.23107513482174,1.696508800043978,0.2881911150907753,5.886749143913083,3.9386583687121796e-09,6.74538206575302e-08,Rhbdf1,8.404651687385211,DEG
Plxnc1,38.10337961637132,1.6961627485534128,0.38617362344464434,4.392228380135722,1.121947532648281e-05,0.00011180453541265036,Plxnc1,4.95002745218335,DEG
Halr1,258.2581325508547,1.6945254386381576,0.3394138940869489,4.992504632718615,5.960128365114036e-07,7.3156009604697086e-06,Halr1,6.224744386625476,DEG
Tmem150a,106.20893353473515,1.6907247951765982,0.19960581778087289,8.470318220046446,2.4472354652898232e-17,1.0407511778875561e-15,Tmem150a,16.6113242421904,DEG
Gss,522.6035075495008,1.688783034948672,0.12270157459802868,13.763336293614314,4.2352202091576315e-43,1.0390318679379033e-40,Gss,42.37312400371918,DEG
Spata17,10.539931600947721,1.6885679158877887,0.7623429524353893,2.2149715039582523,0.026762020504829814,0.11863236486460584,Spata17,1.572481100882822,DEG
Aldh1b1,78.14963871150174,1.6882024063846366,0.26552685278059335,6.3579347576556025,2.0448428008801744e-10,4.185825382613482e-09,Aldh1b1,9.689340073150243,DEG
Myh13,19.660505704047548,1.6866303524113904,0.4705292219300998,3.5845390122485328,0.00033767409116392807,0.0025108393825454952,Myh13,3.471502260348296,DEG
Grasp,85.17384519133678,1.6854184596854405,0.37674258627289675,4.473660587084766,7.689176183012519e-06,7.928112233038886e-05,Grasp,5.114120187940737,DEG
Boc,355.78454476308633,1.6824996715829166,0.27688797204505583,6.076463557287121,1.2286190956750497e-09,2.270573698800976e-08,Boc,8.910582738990529,DEG
Foxd1,33.647253827859814,1.68102943450768,0.6503973134488727,2.5846192777052797,0.009748657835427322,0.04976772870516694,Foxd1,2.0110551724851997,DEG
Cep83os,15.666343891138698,1.67899821039647,0.7802496903848269,2.1518729594988644,0.03140736150878839,0.13607430036473186,Cep83os,1.5029685465783955,DEG
C030037D09Rik,25.996924677926017,1.6753998001119133,0.4193153665461975,3.9955602245436155,6.454144679115674e-05,0.0005616150323416705,C030037D09Rik,4.190161303475447,DEG
Rel,176.18262528761824,1.6741923026243404,0.2578665658461827,6.492475273521869,8.443738093562984e-11,1.821110172453999e-09,Rel,10.073465246028096,DEG
Efna3,338.0917219585794,1.6735705549203608,0.17464388571249503,9.58276064514192,9.44850080563407e-22,5.943621828903111e-20,Efna3,21.024637095563975,DEG
Tcf12,1844.9681365716006,1.6721168751285649,0.14374372143148506,11.632625470362358,2.813099697516845e-31,3.5166433893830804e-29,Tcf12,30.550814875970538,DEG
Crispld1,113.43381701844339,1.6637438347697104,0.32445226864309223,5.127853911232415,2.930637075786823e-07,3.7865798925562925e-06,Crispld1,6.533037960388638,DEG
Pts,384.6319992536377,1.6614247801780442,0.12411266662681172,13.386424007580956,7.259259790811938e-41,1.637630600969776e-38,Pts,40.139107661001695,DEG
Scrn1,353.38000361644947,1.660512407977314,0.13218019778345158,12.56248996311612,3.39478509640099e-36,5.719120145451847e-34,Scrn1,35.46918771310697,DEG
3010001F23Rik,15.213379273176773,1.6598535817868443,0.4614609804918372,3.5969532678965157,0.00032196630006885895,0.0024022321187232316,3010001F23Rik,3.492189583149079,DEG
Tfcp2l1,832.3186104088095,1.6596019513015792,0.20276028959197373,8.185044293640004,2.7220351469202833e-16,1.0589499070571048e-14,Tfcp2l1,15.565106271485737,DEG
Mylpf,266.9273027488912,1.659029735230879,0.2757859820946627,6.015641993948126,1.7917516450880626e-09,3.223264313686605e-08,Mylpf,8.746722188112871,DEG
Dnaaf3,107.68656245309643,1.654549856681276,0.2399546602095364,6.895260359754913,5.376623840354459e-12,1.3451154595629928e-10,Dnaaf3,11.269490346593901,DEG
Oaf,312.72137397925366,1.653644665586466,0.23642483065460446,6.9943781328209695,2.6643806180882997e-12,6.898742242864118e-11,Oaf,11.574403734258505,DEG
Cdkn1a,4960.913600849351,1.6506072006132886,0.1832684787368068,9.006498073156036,2.127411782251652e-19,1.1002278615115165e-17,Cdkn1a,18.672148439833578,DEG
Gm2061,11.528183508471844,1.6480148174501525,0.7223408491865331,2.2814919290610116,0.0225193537608358,0.10255855588514766,Gm2061,1.6474440766150962,DEG
Chrna3,38.209840736889404,1.6476461586980196,0.7929461257462328,2.077879070469558,0.03772049867868367,0.1581207533782967,Chrna3,1.423422574366073,DEG
Bmp8a,18.451254206749798,1.645385093048448,0.5157423744511667,3.190323647149226,0.0014211354512642163,0.009138897422751358,Bmp8a,2.847364526623461,DEG
Rhobtb1,114.06914005602337,1.6445372983240858,0.26614632328725063,6.179072015769098,6.447948017052692e-10,1.2419102233236964e-08,Rhobtb1,9.190578472443377,DEG
Cyp2j6,87.28815398677173,1.643909275332479,0.2782507909772784,5.908012946014297,3.462588144897512e-09,5.976999668059016e-08,Cyp2j6,8.4605991622292,DEG
Spock3,67.61912812804336,1.643351115313732,0.43730006204188926,3.7579485071198415,0.00017131212278939382,0.0013587623269048445,Spock3,3.766211903384446,DEG
Lsamp,41.79642289305306,1.6429708321159002,0.44633626099391377,3.6810158073585324,0.0002323066006657068,0.0017893899128592994,Lsamp,3.6339384501568577,DEG
Nxpe4,144.56817564784342,1.6421838591281723,0.18210996525781795,9.017539796920442,1.9236052034067223e-19,9.961381932628505e-18,Nxpe4,18.715884056817732,DEG
Gm37531,25.418631689587233,1.6375081054600673,0.6680032012611191,2.4513476917006174,0.014232240387482909,0.06913230193415007,Gm37531,1.8467267294775551,DEG
Tbx15,17.029129931643585,1.6363124509201599,0.6703812119561433,2.440868600934491,0.014651984853613336,0.07096043941503816,Tbx15,1.8341035389561378,DEG
Scarf2,10.015866249996678,1.635046210422074,0.8138499048999502,2.009026726645716,0.04453429941477545,0.18152698389700733,Scarf2,1.3513053753386262,DEG
Slc16a9,70.92053006982732,1.6343810180153173,0.32805585209334387,4.98202061504538,6.292372936575809e-07,7.699330264320768e-06,Slc16a9,6.201185545505644,DEG
Nr0b1,533.2772179585614,1.6302514896265092,0.3974616715310026,4.101657106575488,4.1020184491713577e-05,0.0003703232064979837,Nr0b1,4.387002390687472,DEG
Tgfb1,17.38245616513546,1.6300624144893716,0.6789832583997675,2.400740216085908,0.016361947700642105,0.0778302875779574,Tgfb1,1.78616499985214,DEG
Bhlhe41,668.181769953639,1.6280907321427038,0.26622783097654334,6.1154039612265425,9.631267241017139e-10,1.8028427897551062e-08,Bhlhe41,9.016316566502395,DEG
Zfp558,117.79506729195879,1.6256825462138984,0.19337496514688007,8.406892510512378,4.21016596223294e-17,1.7618512208478634e-15,Zfp558,16.375700784197267,DEG
Tiam2,100.76947503633073,1.625094058818522,0.2542724464507934,6.391152802838231,1.6463975341440412e-10,3.4229895343091124e-09,Tiam2,9.783465293036233,DEG
Zfp607a,335.62028772269673,1.6229559480534155,0.15750677851295364,10.304038742814745,6.756374120684887e-25,5.513678864017544e-23,Zfp607a,24.170286310248088,DEG
Adamts20,29.26694578350148,1.6219875945756765,0.5169857801741853,3.1373930517570305,0.0017045744822630818,0.010719266605618833,Adamts20,2.7683840172986094,DEG
Ets2,1008.4212526867451,1.620522463725851,0.11379625836507455,14.24056016435079,5.131407679812504e-46,1.4285329479126257e-43,Ets2,45.28976348016833,DEG
Cdkn2c,12.184154467814189,1.6194669372054693,0.7034211451681974,2.3022721854888695,0.021319827369755778,0.09791355841172616,Cdkn2c,1.6712163161870228,DEG
Ptch2,234.85303781309437,1.6192869432172627,0.25261371198937743,6.4101308296572395,1.4539481287531005e-10,3.048708648394522e-09,Ptch2,9.837451087148327,DEG
Ctf1,76.07412554617292,1.6192339274347654,0.30941203657607314,5.233260946642762,1.6654535788133613e-07,2.2503975672688765e-06,Ctf1,6.778467467893948,DEG
Pcdh8,222.7585204778062,1.6177227000564665,0.3562455581080092,4.541032619881799,5.597936871282303e-06,5.906876774420545e-05,Pcdh8,5.251972003441906,DEG
Zfp125,209.43667147588747,1.6160966183686252,0.17457888850468087,9.257113687748642,2.1003294251403693e-20,1.1760945923685437e-18,Zfp125,19.677712583218273,DEG
4933415A04Rik,282.5059536793857,1.6116190814996731,0.24958103183150862,6.457297935155874,1.0658892780549293e-10,2.26771554642223e-09,4933415A04Rik,9.972287906404388,DEG
T,7919.723900699857,1.6112204631399707,0.3997220021686311,4.030852578538431,5.5574894491642804e-05,0.0004897647359061837,T,4.255121353131731,DEG
Tubb2b,682.7202110387984,1.6076768834849569,0.16031510623541845,10.02823078396696,1.1455070174011933e-23,8.451990028956587e-22,Tubb2b,22.941002245968882,DEG
Gm47234,13.01662265104309,1.6058971567190223,0.7332302516026964,2.1901676222562405,0.02851208245985742,0.12520245808219974,Gm47234,1.544971061617361,DEG
Rasl11b,321.15737659832274,1.6027656524083904,0.17575051261851807,9.119550370173508,7.543664593864025e-20,4.0397198677072924e-18,Rasl11b,19.12241762942665,DEG
Nudt6,20.276714562251684,1.6019987145065875,0.39666272528054136,4.038692350972901,5.3750006808387125e-05,0.0004755125123393329,Nudt6,4.269621476401292,DEG
Crym,98.3453850098614,1.6017186184784509,0.21909206363137418,7.3107103558683315,2.6573378690107326e-13,7.761047869961182e-12,Crym,12.575553223415001,DEG
Lpar1,744.4031923553212,1.6014856418413623,0.15935946047652322,10.049517217569223,9.231858186635697e-24,6.837323196226623e-22,Lpar1,23.034710875465922,DEG
Zfp389,13.020011489266265,1.6012728708457864,0.6827648180828568,2.345277361159321,0.019012929927322994,0.08863593093078496,Zfp389,1.720950952402301,DEG
Gm27217,11.7358237267706,1.600149507971713,0.5681502245132646,2.8164197406461717,0.004856217481379082,0.02712695386318103,Gm27217,2.3137018720053133,DEG
Nipal2,16.228322272509917,1.5993094874297857,0.5460385004563495,2.928931725680825,0.0034012912322289803,0.019788185080581614,Nipal2,2.4683561804357113,DEG
Commd3,1193.856484639698,1.5977424890264817,0.12281015328814052,13.00985664660653,1.0754364218785732e-38,2.1537809116326342e-36,Commd3,37.96841525932902,DEG
Tom1l1,1462.2137313427656,1.592988304164462,0.08595359459099722,18.53312024639062,1.1162253296759726e-76,9.128165180368949e-74,Tom1l1,75.95224812658401,DEG
Colec12,1236.9104475678776,1.5904150237362447,0.1515312266867849,10.495625611370738,9.047635973318834e-26,7.874653101123818e-24,Colec12,25.043464881331857,DEG
Gm49957,13.68102209955291,1.5890933523729998,0.4653138797225471,3.415099831796397,0.0006375863851933956,0.004461172616398638,Gm49957,3.1954609652921673,DEG
Adra2b,85.40548467880122,1.5889813305034977,0.4161933105390423,3.817892527982951,0.00013459653169048538,0.0010945344227152728,Adra2b,3.8709661309522385,DEG
Rab20,121.73260386287032,1.5870790289761483,0.2847535800453468,5.573517385535266,2.4964672634432287e-08,3.7893978921862747e-07,Rab20,7.602674124541449,DEG
Col23a1,76.93930016966931,1.5851244555800441,0.4972601124927215,3.1877168824862174,0.0014340086979510302,0.009202083279495142,Col23a1,2.84344821445575,DEG
Dmgdh,63.9642100210589,1.5849140338607932,0.4331229515384536,3.659270487124211,0.0002529342589207154,0.0019339052921852164,Dmgdh,3.5969923432433233,DEG
5031439G07Rik,381.7451093089731,1.584181156678481,0.1627750466392125,9.732334220673183,2.194973034528555e-22,1.4578557787537963e-20,5031439G07Rik,21.658570810741853,DEG
H2-DMb1,15.067957354456196,1.580855460063195,0.5409800367258931,2.9222066485684235,0.0034756085518380863,0.020169731295875282,H2-DMb1,2.458969142853359,DEG
Mid2,28.59861323577856,1.5795516536459746,0.6765189099066699,2.334822619908561,0.01955268901967974,0.09074881368708732,Mid2,1.7087935070097402,DEG
Msx2,20.10900639732053,1.5790194995617788,0.463562134188028,3.406273686110229,0.000658561249266704,0.004591563892977963,Msx2,3.181403827412084,DEG
Gas7,111.01956930748781,1.5762675651370825,0.339558120739784,4.642114173864907,3.4486219776088226e-06,3.748788659293246e-05,Gas7,5.462354408426506,DEG
Fuca2,897.7208587454427,1.5760546661219395,0.09693343664930193,16.259143599994186,1.9240855118443774e-59,9.210503487369189e-57,Fuca2,58.715775630584645,DEG
Casz1,41.25963118683546,1.575162019147589,0.3399948098409757,4.632900190106821,3.605784055443439e-06,3.9055695785960624e-05,Casz1,5.443000286026686,DEG
Tango2,189.14672766128874,1.5749936225452497,0.17343662658186987,9.081090041853312,1.0749285174832025e-19,5.7096304596438634e-18,Tango2,18.968620415278423,DEG
Slc16a12,33.50264216110179,1.5729426252032879,0.5601145437091306,2.8082517100647224,0.0049811276517309,0.027743255033526718,Slc16a12,2.302672328427832,DEG
Zfp983,200.85665856149515,1.5727098892224987,0.18517249285469892,8.493215514771798,2.0099708273861313e-17,8.622665015015061e-16,Zfp983,16.696810245861684,DEG
Ripk3,148.1189889443954,1.5714052976815243,0.18922747693431446,8.304318818492717,1.0039373551741437e-16,4.04180030796417e-15,Ripk3,15.998293385946972,DEG
Stat3,616.809601745684,1.5706362096181867,0.13208780127264294,11.890849832349247,1.320560077699605e-32,1.831658824379597e-30,Stat3,31.879241836168596,DEG
Diras1,25.41447468103205,1.5697271842555207,0.4106956518470059,3.822117855877087,0.00013231042309164422,0.0010781775041761076,Diras1,3.8784059418073595,DEG
Man2a1,422.8044951971071,1.5695186124562996,0.20936886719021633,7.496427876406078,6.558047446302943e-14,2.033357317612397e-12,Man2a1,13.183225445612214,DEG
Arl4d,99.21943436954892,1.5640255476545428,0.27259944859473495,5.737449417880997,9.611297110519456e-09,1.5481011304030371e-07,Arl4d,8.017217997354678,DEG
Npc2,4078.9184210400986,1.5638197528827642,0.08132962318328928,19.228169167321077,2.1508830516666444e-82,2.1648362160787383e-79,Npc2,81.66738320253518,DEG
Gm46339,106.07546276698812,1.5632950006198594,0.2428325146309335,6.437749915804385,1.2125756855102122e-10,2.564506109015752e-09,Gm46339,9.916291144458809,DEG
Stbd1,185.04161118504885,1.5630588516510502,0.17808158378508268,8.777206595025705,1.6758498826214414e-18,7.992969069567368e-17,Stbd1,17.775764886701594,DEG
Gm17655,101.26245869870665,1.5606805907039643,0.280013887969441,5.573582803415405,2.4955295403585006e-08,3.7893978921862747e-07,Gm17655,7.602837284888719,DEG
Smim14,563.5408703452185,1.5599124446333317,0.09700693547810513,16.080421847625633,3.4998760870244795e-58,1.5611435914087716e-55,Smim14,57.45594733155662,DEG
Srr,101.76779898765633,1.558741122329021,0.22965945840774302,6.787184525888736,1.1434292652201978e-11,2.741785519101309e-10,Srr,10.94179069653578,DEG
Slc29a1,1659.1698424441545,1.557697175716786,0.13665471594969508,11.398780970648687,4.2401457367786335e-30,5.013206042342522e-28,Slc29a1,29.372619216145228,DEG
6330403L08Rik,11.277090700626568,1.5560973759281382,0.5777184032414245,2.6935222544362256,0.007070142533230911,0.03762021212646238,6330403L08Rik,2.1505718307898465,DEG
Gm43460,23.804883482160253,1.5559527570842062,0.4486540952408786,3.4680453685568793,0.0005242587717793501,0.0037452569542249753,Gm43460,3.280454294284654,DEG
Aqp3,233.2374969902767,1.5521559621776264,0.21040024979161615,7.377158362287627,1.6170362906358454e-13,4.815897231891415e-12,Aqp3,12.79128023325004,DEG
Sema3a,258.6298537204994,1.5486097764594668,0.6269754519781665,2.4699687548746243,0.01351248538677773,0.06611887171368565,Sema3a,1.8692647627108054,DEG
Hacd3,2967.5524576884304,1.5454193161114043,0.08611204404985802,17.946610525429193,5.101008812511518e-72,3.640543616682084e-69,Hacd3,71.29234392618028,DEG
Irf2,59.30256133319278,1.5452784555519852,0.3427704998276777,4.508201424360756,6.5379492886475226e-06,6.819934186215286e-05,Irf2,5.18455845233105,DEG
Gstm3,71.80874774617355,1.5449199985854853,0.35240807212526754,4.383895037558407,1.1657595784675632e-05,0.00011584698919895508,Gstm3,4.933391007476715,DEG
Glmp,1877.9657572784845,1.5447546044514344,0.09606225037841751,16.080766361043917,3.480466449905617e-58,1.5611435914087716e-55,Glmp,57.4583625482819,DEG
Lhx6,30.361740033001578,1.5431295537345933,0.4290442170837542,3.596667877785094,0.00032231959311610257,0.0024039542064576047,Lhx6,3.4917132938560367,DEG
Bend7,52.6871522079767,1.5406316418765222,0.32856137312400713,4.6890224107234,2.7451332672131057e-06,3.020877940507879e-05,Bend7,5.561436567129965,DEG
Mfsd12,146.43458449351994,1.5372639283984155,0.18187027563146815,8.452529821384568,2.850577152455962e-17,1.2070518334989632e-15,Mfsd12,16.545067200079092,DEG
Ypel3,302.62757543288063,1.536076613513447,0.34213880860302703,4.489629866267842,7.1347038861672835e-06,7.401123986356352e-05,Ypel3,5.146624046834156,DEG
Dusp23,29.687842495312477,1.535302659154025,0.3883330048299185,3.9535724238181986,7.6992944785516e-05,0.0006590065550950414,Dusp23,4.113549069387268,DEG
Tspyl2,812.5116503556377,1.5345417697588521,0.16178329238223,9.48516838273594,2.4199206613709444e-21,1.470420212396187e-19,Tspyl2,20.616198872405366,DEG
Alox5ap,45.01747695977396,1.5345197099789145,0.27005198361032184,5.682312306926756,1.3288571465122497e-08,2.1009821171095682e-07,Alox5ap,7.876521703644205,DEG
Mpzl1,2773.7320799895647,1.531015489263707,0.11813670196005764,12.959693845028344,2.0707232449339914e-38,4.043885548925073e-36,Mpzl1,37.68387794129469,DEG
Sox6,68.31866665562988,1.5285781070648925,0.43836717911782097,3.48698118810134,0.0004885057177461653,0.003515181473637072,Sox6,3.311130348688143,DEG
Erlec1,243.4455831588263,1.5275774257449566,0.2215796051797803,6.894034423906231,5.423189151087366e-12,1.3550378341669789e-10,Erlec1,11.26574524788966,DEG
1700097N02Rik,109.22925585205644,1.526928281941524,0.2020337298573088,7.557788904951435,4.099786824834997e-14,1.295762417888313e-12,1700097N02Rik,13.387238724549714,DEG
Rmdn2,160.02862317248548,1.5262613732456531,0.2063321195970457,7.397109942098935,1.3918031538143709e-13,4.167234873888291e-12,Rmdn2,12.856422183732205,DEG
L1cam,60.67266194614259,1.5243197111747315,0.36761323936212964,4.146531049370476,3.375504234220301e-05,0.0003096486742366195,L1cam,4.471661342897392,DEG
Ppp1r3c,62.64534537828819,1.5234512934115072,0.501346486470996,3.0387193977066835,0.002375860357775581,0.014427544341547785,Ppp1r3c,2.624179088787525,DEG
Renbp,1585.0739631306456,1.5229926083761545,0.12994384684074967,11.720390348629824,1.002091884435512e-31,1.3024871768128193e-29,Renbp,30.99909245504186,DEG
Cyba,587.4058442349328,1.5223562784600468,0.1603805699633005,9.492149072723734,2.2631942144813527e-21,1.3773203488532798e-19,Cyba,20.64527817575875,DEG
Nfatc1,74.5889356744954,1.5217448554442865,0.29991118030427516,5.073985084185254,3.8956960658870607e-07,4.9280618006530715e-06,Nfatc1,6.409414933224901,DEG
Peg3,8317.20624514776,1.5121876107652548,0.13782713341186859,10.971624913988359,5.2323516276780785e-28,5.41914243908305e-26,Peg3,27.28130307798102,DEG
S100a16,19.51513072264442,1.5118995356766551,0.5120947999720923,2.9523821287758625,0.003153324337848019,0.018545861920248683,S100a16,2.5012313572275544,DEG
Hapln3,72.81711899612961,1.5112603821859583,0.4097331001550438,3.688401990500876,0.00022566692051131953,0.0017420066137327091,Hapln3,3.6465320975119035,DEG
Gm10479,12.815838039595704,1.5080588092059843,0.45842341591789176,3.2896635661300793,0.0010030723790419658,0.006687092407359763,Gm10479,2.998667728311174,DEG
Thsd4,176.68681914671762,1.504162408998499,0.4839398182632033,3.108160048488552,0.0018825608826293348,0.01172582709074092,Thsd4,2.7252509696757854,DEG
Ppic,917.4389546359363,1.5037656970705986,0.09752684364208007,15.418992770742827,1.2199216739227285e-53,4.8369278248978645e-51,Ppic,52.91366805266554,DEG
Gm12263,31.376346177905877,1.5020830217225623,0.34909870736340015,4.302745871123904,1.6869430291298785e-05,0.0001634194835203236,Gm12263,4.772899584009754,DEG
Acap1,37.51711501911721,1.5009938764110167,0.39387194400438447,3.810867717946186,0.0001384798580623857,0.001121929797424732,Acap1,3.8586133902709805,DEG
Rcan2,42.730412993906825,1.500682846602268,0.45103776631623393,3.327177807878069,0.0008773037513848606,0.005927160783667802,Rcan2,3.0568500135774213,DEG
Wnt5a,615.8379530097807,1.5000695688537666,0.25287117878077514,5.932149231424437,2.9899467053968044e-09,5.211562079349057e-08,Wnt5a,8.524336552731878,DEG
F5,91.88711273370433,-1.5020124946936406,0.5455130614137307,-2.7533941915177667,0.005898083205575537,0.0321507374070902,F5,2.2292891050518655,DEG
Atp2a3,170.8173216362842,-1.5031462645998808,0.21678637633715508,-6.933767195140186,4.09778816103162e-12,1.0417777116902472e-10,Atp2a3,11.387450496611496,DEG
Clip3,690.0386216682067,-1.5037865959715826,0.17267611119114712,-8.70871243044695,3.0734590459016847e-18,1.432808645234903e-16,Clip3,17.51237256951479,DEG
Pnpla3,38.27621241402525,-1.5050423029728033,0.2882239518763792,-5.221780817224809,1.772106436920738e-07,2.3838414656768237e-06,Pnpla3,6.751510196907699,DEG
Spats1,24.439520398348225,-1.5056389234932241,0.532020324666636,-2.830040232836326,0.0046542151041292,0.026110033654763967,Spats1,2.332153548772205,DEG
P2rx6,12.935315646738205,-1.5066325573797734,0.7516073271115452,-2.0045474585377154,0.0450114484590541,0.183224555259074,P2rx6,1.3466770113305084,DEG
Frat2,23.84078327100431,-1.5072570403678351,0.5080221461709973,-2.9669120760347742,0.0030080696681430994,0.01777713921764846,Frat2,2.5217121095233033,DEG
Lama5,2326.3044841089863,-1.508680210476017,0.221835911036136,-6.800883605496408,1.0397940733800294e-11,2.5086070536193173e-10,Lama5,10.983052662287788,DEG
Pcsk4,36.65899211127293,-1.5097764595609025,0.3553344219145485,-4.248888839494352,2.1483348449036685e-05,0.00020379069035041976,Pcsk4,4.667898027460144,DEG
Celsr2,167.16937571694544,-1.51059539931655,0.26855671116915086,-5.624865573979639,1.8565248977751205e-08,2.8724545452253373e-07,Celsr2,7.731299222094251,DEG
Chd5,34.37130286515051,-1.5118533795994988,0.5174416841223783,-2.921785055186887,0.0034803163490841897,0.02019406617155975,Chd5,2.4583812783472854,DEG
Alyref,637.9890737188838,-1.5122769895449957,0.2502751365444848,-6.042457954173159,1.5178391158612384e-09,2.7557696029093987e-08,Alyref,8.818774259268318,DEG
Tcf15,63.33871747444642,-1.513323402331612,0.6730906019148919,-2.2483205054807205,0.024555760094618143,0.11025935152070991,Tcf15,1.6098466182503848,DEG
H2bu2,51.77624804429275,-1.5147594230316015,0.31760971952521294,-4.769247695870198,1.8491517986176669e-06,2.0917796988800944e-05,H2bu2,5.733027435733199,DEG
Slc18a3,26.638919838579625,-1.5164547407318882,0.4696046422711993,-3.2292158216275193,0.0012413017943480856,0.008091135724600698,Slc18a3,2.9061226168206145,DEG
Slc30a4,12.5435836538135,-1.5191425276430433,0.6337972948292947,-2.396890204544349,0.016534877512802283,0.07855767937666763,Slc30a4,1.7815990179084944,DEG
Ywhag,9796.218793534124,-1.519786251714002,0.141230581455102,-10.76102807235946,5.2580267961600476e-27,5.033983556821228e-25,Ywhag,26.279177204955637,DEG
Rps12-ps9,235.27836345507225,-1.5241595697954793,0.4022987025034126,-3.788626610801834,0.00015148238698370806,0.0012162278863308432,Rps12-ps9,3.8196378601020085,DEG
Ahdc1,523.9943690298251,-1.5245187548810921,0.17785938955353853,-8.571483117691617,1.0216069589097605e-17,4.500688884184604e-16,Ahdc1,16.990716157438243,DEG
Dut,6254.882398815412,-1.5245439811855646,0.09181634123881556,-16.604277197456657,6.489715382354823e-62,3.3965439720476516e-59,Dut,61.187774349514456,DEG
H2-Q2,52.11123181694869,-1.5283913362865749,0.3763486703581545,-4.061104652853089,4.884107035529513e-05,0.0004348284270030392,H2-Q2,4.311214827030499,DEG
Cdkn1b,255.34308959626898,-1.530088402697555,0.2300933300460131,-6.649859873780671,2.9337218904290753e-11,6.702990999127619e-10,Cdkn1b,10.532581058582963,DEG
Oas3,91.48902239655001,-1.5302622591295736,0.37118510593063603,-4.1226391756557605,3.745561674279742e-05,0.00034057107343178763,Oas3,4.426483047457249,DEG
Snhg9,117.43182196300245,-1.5307237532749074,0.4389671894431879,-3.48710288624662,0.0004882834735836858,0.003514226473887132,Snhg9,3.3113279745749207,DEG
Gm6682,33.22816484632215,-1.5312028771615438,0.32017299503240193,-4.782423567629693,1.7319424992280647e-06,1.9745552983502533e-05,Gm6682,5.761466530726579,DEG
Gm23201,17.46625105415172,-1.5317317921499376,0.5312357312227967,-2.8833372872419605,0.003934858720032792,0.02244659342209667,Gm23201,2.405070856243075,DEG
Kcnma1,11.350310821763147,-1.532200329250133,0.7708455286576578,-1.9876878989209295,0.04684621809004928,0.18931891266227782,Kcnma1,1.3293254640914458,DEG
Crls1,215.55469001416083,-1.5327994933732987,0.33248815879302074,-4.61008746578398,4.024995934222018e-06,4.325025059020445e-05,Crls1,5.39523455399073,DEG
Icosl,132.40543933347007,-1.5359954739570836,0.2191545808521144,-7.008730860130065,2.404895536893354e-12,6.26748097055001e-11,Icosl,11.618903783629484,DEG
Kcns3,130.1856347144528,-1.5361698835104085,0.23697719942672735,-6.482353100747938,9.030299281454394e-11,1.944375340384429e-09,Kcns3,10.044297856095096,DEG
Xkr4,32.51799813457745,-1.5371060687629072,0.43763969688738946,-3.512263809008224,0.00044430673027361664,0.0032273079354978302,Xkr4,3.352317108099315,DEG
Wt1,148.81881545209356,-1.538455936076358,0.4715945620869175,-3.2622427393316973,0.001105344497104728,0.007288440709701308,Wt1,2.9565023465267433,DEG
Psmb10,501.2316158937852,-1.538593214441173,0.1585649113024808,-9.703238893162998,2.920765335583278e-22,1.9236376127122552e-20,Psmb10,21.5345033343497,DEG
Zscan10,1700.1645735702018,-1.538685871521259,0.1258824253529067,-12.223198490238891,2.3370531550719654e-34,3.5695076846708114e-32,Zscan10,33.63133140969082,DEG
Mrpl52,398.5702557515813,-1.5391108160737101,0.23177326252925098,-6.640588302887036,3.12433589842378e-11,7.109539537439341e-10,Mrpl52,10.505242281135997,DEG
Gm17092,26.67056851077294,-1.5397654055417331,0.41579542548624693,-3.703180244806862,0.0002129134947791101,0.0016572463633877472,Gm17092,3.6717968114486297,DEG
Slc16a7,31.14366565753454,-1.5412790411552109,0.42815161598602575,-3.5998440356360026,0.0003184081036990351,0.0023786803783220445,Slc16a7,3.4970158877089035,DEG
Frat1,161.95728172474273,-1.5425831153930367,0.31466235221619393,-4.902344066674934,9.469978056963635e-07,1.121342529924566e-05,Frat1,6.023651027306193,DEG
Ifi27l2a,44.44004970100312,-1.544258931191981,0.4015451173034425,-3.8457918292280078,0.00012016375122079515,0.000991338320023092,Ifi27l2a,3.9202265225081603,DEG
Hspb6,95.15489771359266,-1.545226418839747,0.26999107340750106,-5.723250029483443,1.0450528820673034e-08,1.6777693570465384e-07,Hspb6,7.980861732702271,DEG
Ptchd1,33.12136655242569,-1.5459814983487266,0.5710921613858124,-2.707061316683541,0.006788171845170253,0.03625892673941591,Ptchd1,2.1682471718840444,DEG
Mip,13.327559518761012,-1.5480568140033375,0.6349822076035719,-2.4379530567410965,0.014770692008104437,0.07143839001899008,Mip,1.830599157480127,DEG
5830418P13Rik,12.940939698190833,-1.5490787080956652,0.585217243336107,-2.6470148064416907,0.00812057973780398,0.04246131829599303,5830418P13Rik,2.090412964854677,DEG
Snord34,13.53983037032163,-1.5491341954401627,0.46897023271404936,-3.303267643395896,0.0009556513009960296,0.006402488567673178,Snord34,3.0197005446259335,DEG
Gpr1,13.015281635341633,-1.5493580890769356,0.6177178729795528,-2.5081969566521205,0.012134900692876848,0.060264582097355135,Gpr1,1.9159637734080308,DEG
Tc2n,77.0107685185312,-1.5501937113479003,0.3738987972867698,-4.146024867148599,3.3829710249032253e-05,0.0003102611253283325,Tc2n,4.470701721921902,DEG
Fzd2,520.367470493156,-1.5505548974151697,0.15074830719850987,-10.28572012668343,8.172882105864119e-25,6.642031911003814e-23,Fzd2,24.08762476575047,DEG
Rpsa-ps9,73.65895847844429,-1.5509921291496296,0.3394264345720235,-4.569450022669114,4.890057551728507e-06,5.201881546829243e-05,Rpsa-ps9,5.3106860295776,DEG
Zmynd19,522.2262799604708,-1.5516501437500594,0.22289846303040037,-6.961242005237313,3.3728578918733865e-12,8.658913723329368e-11,Zmynd19,11.472001956491011,DEG
Gm10602,20.35092270786255,-1.5543274156168205,0.4847073625400155,-3.206733661877277,0.0013425122750358146,0.008685945991755534,Gm10602,2.8720817347114997,DEG
Vgf,15.695707870367245,-1.5560131008251354,0.4805083334137785,-3.2382645474021596,0.0012025923988188976,0.007859700204934763,Vgf,2.9198815455108433,DEG
Itga8,148.09791466639254,-1.5570372577815084,0.3728412864882423,-4.176139591318061,2.9649791219675898e-05,0.0002746956482406989,Itga8,4.527978360392869,DEG
Nfatc4,268.5610820594853,-1.5578692011705693,0.19085953917157836,-8.162385846326918,3.2847095883215317e-16,1.2640657399057362e-14,Nfatc4,15.483503021770805,DEG
Pcolce2,273.4794843087239,-1.5589544564998343,0.17773341530244077,-8.77130760047025,1.76603267239252e-18,8.3722319431671e-17,Pcolce2,17.75300126604241,DEG
Mpig6b,35.957906672162345,-1.5598742649123518,0.4657314783236071,-3.3492996233088945,0.0008101613246293202,0.0055287313066193855,Mpig6b,3.0914284929482587,DEG
Marveld1,85.8880347187324,-1.5621469977074256,0.2678150316498211,-5.832932483603069,5.446160961121827e-09,9.151462166391911e-08,Marveld1,8.263909527246149,DEG
Adamts8,26.936223475270392,-1.5625907211260035,0.3765230490821811,-4.150053296697243,3.3239786870937696e-05,0.0003053209233290421,Adamts8,4.478341769517061,DEG
Pip5kl1,35.201977567166566,-1.5652708176011776,0.3136085675521521,-4.991160891485779,6.001747774235795e-07,7.364382787811118e-06,Pip5kl1,6.221722259920711,DEG
Ap1s3,244.32142784038552,-1.5668986650807413,0.18707581568853993,-8.37574145708631,5.487726657582213e-17,2.2674708893692063e-15,Ap1s3,16.260607528872033,DEG
Ppm1n,80.97350140836681,-1.5675433915870987,0.26819843391224907,-5.844714932600904,5.074364782602269e-09,8.574431373718764e-08,Ppm1n,8.294618315715624,DEG
Zmiz1,982.9622412970361,-1.5701427523148739,0.1890650121279062,-8.304776937007475,1.0000714894790089e-16,4.0303702439958456e-15,Zmiz1,15.999968953623483,DEG
Tmem200a,357.1092153390766,-1.574414932807156,0.21985525944017775,-7.161142912005485,8.000718653781551e-13,2.2225917149107373e-11,Tmem200a,12.096871001338807,DEG
Anxa11,448.6613205579855,-1.574803796506934,0.11007808520397834,-14.306242642109648,2.000325685737292e-46,5.608484581588994e-44,Anxa11,45.69889928833439,DEG
Steap3,139.62027831406994,-1.5755008182402168,0.2395288316022985,-6.57749970098004,4.784248199831689e-11,1.0640005359093106e-09,Steap3,10.320186297869725,DEG
Plag1,108.89173330192722,-1.578201593405932,0.2919371514252435,-5.40596352914015,6.446091316126257e-08,9.234613957368757e-07,Plag1,7.190703546510802,DEG
Fem1a,436.44094122424366,-1.5798174761352368,0.20072875539655874,-7.8704093641897845,3.5348267834841273e-15,1.251150186944116e-13,Fem1a,14.451631863004325,DEG
2010204K13Rik,500.15925990290117,-1.581320373588935,0.18492629103212194,-8.55108467683623,1.2193712329371133e-17,5.341961942687557e-16,2010204K13Rik,16.913864054946412,DEG
B830012L14Rik,171.7972231955532,-1.5819078202049142,0.32265976947160196,-4.902711679226379,9.452267003914997e-07,1.119583092047904e-05,B830012L14Rik,6.024464019086945,DEG
Il15ra,49.79380708335885,-1.5821341903464743,0.5401404575052129,-2.9291162481218236,0.0033992726629399855,0.019779372937797697,Il15ra,2.468613998329289,DEG
Eef1a1-ps1,29.49786905248341,-1.5832382004894727,0.3963329594002898,-3.994717479174948,6.47714428112558e-05,0.00056336659531802,Eef1a1-ps1,4.188616428745275,DEG
Pde1b,78.34928728020658,-1.5833877227360562,0.35947178181231443,-4.40476221736583,1.0589997384110928e-05,0.0001059350579303023,Pde1b,4.975104147169789,DEG
Nsmce4a,980.2855878023335,-1.583403923249003,0.3530500335264921,-4.4849278370913614,7.293861539614812e-06,7.55624035403801e-05,Nsmce4a,5.137042485216369,DEG
Hpn,143.85147213658945,-1.5840725389004169,0.17912849240373452,-8.843219287136655,9.299945646538502e-19,4.568845637842e-17,Hpn,18.03151958966944,DEG
Smchd1,3082.034883881875,-1.5843762516795719,0.12575842379059843,-12.598569574295333,2.1500843803145352e-36,3.66944618176028e-34,Smchd1,35.66754449581189,DEG
Mroh6,11.114121876280741,-1.5864765798407536,0.6125272832392044,-2.5900504732639025,0.009596186085522169,0.049097900471194174,Mroh6,2.0179013389522416,DEG
Tspyl3,131.73712842585837,-1.5867003378345288,0.19588450929765155,-8.100182824684197,5.48766557504121e-16,2.0732178711943467e-14,Tspyl3,15.260612362924418,DEG
Rpl35a-ps6,29.372171154377323,-1.5868675655392044,0.4245492646022711,-3.737770143179552,0.00018565956131190689,0.001461338431958348,Rpl35a-ps6,3.7312826800598216,DEG
Gm44260,14.293540804601971,-1.5872067747582723,0.5458276655288051,-2.9078899348580385,0.003638763822852968,0.021001675685700272,Gm44260,2.4390461317620327,DEG
Zfp770,296.593528571856,-1.5877774965450189,0.19347978910104402,-8.206425611285985,2.2787061955717e-16,8.935669759717876e-15,Zfp770,15.642311666863284,DEG
Helz2,18.727542095335778,-1.5879867441765592,0.6275785499899927,-2.5303394199847666,0.011395223231802636,0.057054247442975124,Helz2,1.9432771625950178,DEG
Btbd17,91.88346640626655,-1.5884010930802817,0.5270837869333911,-3.013564697790661,0.0025819798151385034,0.015518366817276325,Btbd17,2.5880471571928485,DEG
Pacsin1,122.15208230233544,-1.5899348851079311,0.21652355941072643,-7.343011030462336,2.0884130840960974e-13,6.149773352589955e-12,Pacsin1,12.680183594558748,DEG
Tgm2,178.37619964739073,-1.590891535542294,0.34889189946952154,-4.5598408503069034,5.119240282402067e-06,5.433897750273887e-05,Tgm2,5.290794485438569,DEG
Ptpn18,20.321350487516476,-1.591760846872411,0.5028764313702702,-3.1653120877728913,0.001549166904341516,0.009850874533633164,Ptpn18,2.8099017896457954,DEG
Ppargc1b,176.77461248325207,-1.5920393722565191,0.175462427859864,-9.073391903182989,1.153684411776647e-19,6.086770727885582e-18,Ppargc1b,18.93791297538155,DEG
Ydjc,152.86305594672044,-1.59385649366866,0.22336805463493103,-7.135561512023875,9.63928397966089e-13,2.642254288084001e-11,Ydjc,12.015955224938594,DEG
Has2,322.92805635373225,-1.5943754836393493,0.30994780925383425,-5.144012753236216,2.689312654843464e-07,3.4977995242071074e-06,Has2,6.570358704515289,DEG
Sox18,41.508536739498915,-1.5955609292670707,0.5443592662624105,-2.931080681738454,0.0033778504021138777,0.019680979936793238,Sox18,2.4713595883278012,DEG
Nrxn2,13.343522521302267,-1.5960347963559638,0.5427766556353905,-2.940500074542812,0.003276829227126412,0.01915493338084781,Nrxn2,2.484546191406519,DEG
Rasip1,48.450612346145334,-1.5969207129506566,0.3227547965953541,-4.947783053253138,7.506350292059843e-07,9.05332452895592e-06,Rasip1,6.124571172622252,DEG
Add2,34.20009507193966,-1.5973884557452735,0.47831644804218254,-3.3396059497506565,0.0008389734133465532,0.005706502061010614,Add2,3.0762518015310527,DEG
Tceal3,23.522581462815545,-1.5990680058713713,0.384310489051936,-4.160875259522964,3.170302228339591e-05,0.00029225897926024884,Tceal3,4.498899334046107,DEG
Ogn,10.705759229509063,-1.5995432514847723,0.7685976569553966,-2.081119083580029,0.03742300750657293,0.15704140620649,Ogn,1.4268613132811376,DEG
Mapk13,168.11354009033371,-1.60137724183719,0.19467207865260938,-8.22602426049415,1.9352983366560519e-16,7.650177805514604e-15,Mapk13,15.713252076652143,DEG
Nap1l2,110.00658556199178,-1.6016800363125996,0.25555218489551884,-6.267526286137753,3.6682871530587937e-10,7.2833219837641286e-09,Nap1l2,9.435536675153688,DEG
Eya1,308.78930817588156,-1.6031411013680943,0.5480465250743529,-2.9251916179025086,0.00344244180107176,0.019996474434285552,Eya1,2.4631333933185457,DEG
Adgrb2,320.5661168924701,-1.603904390651818,0.2420366918495738,-6.626699358660245,3.4327576624704275e-11,7.752936508915517e-10,Adgrb2,10.464356854764379,DEG
Zdbf2,989.3819316695365,-1.6042194946877213,0.2022942360982304,-7.930129526323931,2.1891743538311756e-15,7.854813611602846e-14,Zdbf2,14.659719648257855,DEG
Agpat3,403.04824577581803,-1.6052741478784043,0.17594507590819627,-9.123723068646695,7.258688622532422e-20,3.89296277717783e-18,Agpat3,19.139141833217366,DEG
Amn,20.528269567118738,-1.6063921291920864,0.4230944542441697,-3.796769522923196,0.00014659396542374698,0.00118011749892911,Amn,3.8338839071649398,DEG
Smad7,192.10241699047455,-1.6081304260976395,0.2110322201510993,-7.620307576474419,2.5307196284850893e-14,8.237009749330449e-13,Smad7,13.59675596647608,DEG
Nalcn,33.73596537589705,-1.609112055651886,0.49174905518832757,-3.2722219568589446,0.0010670576987968524,0.007072815915378732,Nalcn,2.9718120964222146,DEG
Adgrl1,891.5834344965405,-1.609148939072447,0.12179564920906599,-13.211875379146699,7.493393003092286e-40,1.6073123254119207e-37,Adgrl1,39.12532148952942,DEG
Chrd,313.3390332622357,-1.6095186011778209,0.324148471144245,-4.965374649142153,6.856857010294087e-07,8.330306661252672e-06,Chrd,6.163874907015264,DEG
Sik1,130.23823769014342,-1.6125501501377655,0.2857394232505633,-5.643429008827142,1.6669627931053877e-08,2.5945000205299675e-07,Sik1,7.778074093590921,DEG
Glod5,26.487092077289734,-1.6127254976367416,0.5081183575040122,-3.1739170093338083,0.0015039668650079125,0.009597660762828092,Glod5,2.8227617318977956,DEG
Aff3,314.04698338642515,-1.612942838950947,0.17877914888821542,-9.021985220208572,1.8471114703949923e-19,9.590564358123628e-18,Aff3,18.73350689475107,DEG
Sfrp2,828.7862896327316,-1.6136941170458166,0.12780016063149122,-12.626698660409872,1.5045926270092353e-36,2.5903409819295402e-34,Sfrp2,35.822581070695115,DEG
Mthfd2,3036.951240570176,-1.6137221908195767,0.12174240921702577,-13.255218138018385,4.208913046838561e-40,9.17847021264189e-38,Mthfd2,39.37583004637559,DEG
Gm40849,10.98746645924301,-1.6137298354885052,0.606631164598836,-2.6601499060069913,0.007810587983153783,0.041037211899710276,Gm40849,2.1073162710872073,DEG
Gm10443,27.064737954573285,-1.6146283777368542,0.5105782078696794,-3.1623527068922104,0.0015649988468899702,0.009940275038344984,Gm10443,2.8054859781108283,DEG
Ldhc,49.34133583373152,-1.6157853956914199,0.3137767774941222,-5.149474121684125,2.6121781002262605e-07,3.404243923246395e-06,Ldhc,6.582997215869931,DEG
4833412K13Rik,12.563028864692768,-1.6165913700062482,0.6899310805480187,-2.3431200819684403,0.01912322715248625,0.08906550016807578,4833412K13Rik,1.7184388162308415,DEG
Gm44553,17.9243082785097,-1.6177396187101603,0.5935625480601622,-2.72547455023424,0.006420912631111938,0.03457814288778116,Gm44553,2.1924032394565196,DEG
Foxp4,387.20348866735856,-1.6188488085490482,0.1526132928968263,-10.6075216504467,2.7494528016268467e-26,2.486734350743286e-24,Foxp4,25.56075373121722,DEG
Stk32a,16.84828538044525,-1.6201974220824136,0.7673570649759621,-2.1113996287154366,0.034737976965078673,0.14766837879686304,Stk32a,1.4591954771521853,DEG
Sema5b,79.34965557532222,-1.6207160850755573,0.27670976857199336,-5.857097468728811,4.71026709418856e-09,7.990151868979411e-08,Sema5b,8.32695446564321,DEG
Fam163b,131.07525929223988,-1.6208081415679834,0.22296378207279532,-7.269378580234195,3.6114496697990614e-13,1.0370170730696603e-11,Fam163b,12.44231843321428,DEG
Blvrb,783.6861737426876,-1.6208415223878092,0.1587873316225311,-10.207624914567303,1.8329660069883697e-24,1.4389882934462895e-22,Blvrb,23.73684558910994,DEG
Coro1a,134.22755132888432,-1.621292535046542,0.20200191971477396,-8.026124391965192,1.006002189645141e-15,3.7288577856601245e-14,Coro1a,14.997401074001992,DEG
Erbb3,331.2531927778255,-1.6219256598338379,0.20878490333992067,-7.768404869739055,7.948066460612361e-15,2.7309841244002053e-13,Erbb3,14.099738510037746,DEG
2700038G22Rik,327.9850675154906,-1.623279511328762,0.12017341341417659,-13.507808967147698,1.4064523442589137e-41,3.2285072438125814e-39,2700038G22Rik,40.851874978732354,DEG
Utp14b,678.7053995152395,-1.6237417409291193,0.24798770411449145,-6.547670364251072,5.844153619839574e-11,1.2837188698352702e-09,Utp14b,10.23327837669192,DEG
Prrt3,112.98805590047408,-1.6239080013528435,0.24875592386392134,-6.528117908223891,6.660126037714705e-11,1.451582050851834e-09,Prrt3,10.176517552066024,DEG
Hspg2,665.5667469622974,-1.626407897874544,0.2723280561904848,-5.972237751136899,2.3402114581143446e-09,4.135989210507086e-08,Hspg2,8.630744898597102,DEG
Gm19439,13.06679363596939,-1.626726051457198,0.7864673427279698,-2.0683961851673023,0.038602783647637987,0.16090847048112283,Gm19439,1.4133813772137382,DEG
Rpl30-ps10,18.761593830079295,-1.627691621994811,0.5593753141984654,-2.909838136720686,0.0036161598214818984,0.020877352768440795,Rpl30-ps10,2.441752383491523,DEG
Kcna6,18.826671134817587,-1.6281144187983623,0.5350075672171893,-3.0431614776346145,0.0023410667371966615,0.014242698796525195,Kcna6,2.630586205618573,DEG
Rpl22-ps1,12.902443364849002,-1.6283400093091118,0.5529695833914371,-2.9447189469668165,0.0032324814700509363,0.01893799927521036,Rpl22-ps1,2.4904639559998327,DEG
Rps2-ps5,10.000717980185641,-1.6291933844370965,0.5763600507760963,-2.8266938040610374,0.00470312750382718,0.026358061665866402,Rps2-ps5,2.3276132471824873,DEG
Slc7a7,887.7888156522647,-1.6304383547894004,0.13316353185566793,-12.243880378274923,1.8115981124686845e-34,2.788653361126795e-32,Slc7a7,33.741938140486795,DEG
Gm10247,26.605122261474154,-1.6307319035912122,0.3280829577478885,-4.970486473254516,6.678512102423308e-07,8.13377708831592e-06,Gm10247,6.175320282686627,DEG
Rpl18-ps2,12.52888710712581,-1.6308021011185947,0.6659743110969281,-2.4487462563420745,0.014335439845701646,0.06959052934248414,Rpl18-ps2,1.8435889773159921,DEG
Naprt,245.2340397285984,-1.631355257380246,0.17660300117519742,-9.237415256391223,2.5252343255938213e-20,1.4040088241152163e-18,Naprt,19.597698315925285,DEG
Htra1,95.64629073107707,-1.6317064784460604,0.40551573492280846,-4.023780923708577,5.727119557531038e-05,0.0005034862799367656,Htra1,4.2420637505982075,DEG
Dclk1,207.24299066930942,-1.6333496126943678,0.21702083812886733,-7.526234009493974,5.222470816887873e-14,1.638670239610709e-12,Dclk1,13.282123978173882,DEG
Folh1,14.474384125045969,-1.635259271978474,0.6575074679498445,-2.4870580969632634,0.012880436270890933,0.06346921478047726,Folh1,1.8900694268184615,DEG
Nhsl2,176.19271772477384,-1.6357323802987191,0.2586114971746525,-6.325056689935297,2.5313963115725507e-10,5.12190203186378e-09,Nhsl2,9.596639857032475,DEG
Fam131a,33.743489356201934,-1.637043551249101,0.4017394597068691,-4.074888616725818,4.603637596414603e-05,0.0004119138057261509,Fam131a,4.33689887185201,DEG
Hdac9,75.90145787959477,-1.6380415083056172,0.3684720035916334,-4.445497873214298,8.768854846258521e-06,8.93339889125839e-05,Hdac9,5.0570571188829545,DEG
Plaat3,240.0683586698913,-1.6381914209106714,0.16044121385764323,-10.210539932490232,1.7787226013745804e-24,1.399202370175479e-22,Plaat3,23.749891776528727,DEG
Gm43672,62.43156020885102,-1.6388649522574625,0.2861021517630468,-5.728251053542547,1.0147132276161966e-08,1.6297274273166352e-07,Gm43672,7.993656678205049,DEG
Pde1c,36.98084069087058,-1.6399294580619759,0.4722915624133919,-3.472281930428735,0.0005160540782838718,0.003694450252576477,Pde1c,3.2873047854470765,DEG
Slc5a11,106.00065103768073,-1.6400241827749014,0.40868542007669645,-4.012925595601439,5.997082055168273e-05,0.0005248683654660428,Slc5a11,4.222060008880581,DEG
Gm12346,78.25198627447328,-1.642084456872994,0.2522804187260126,-6.508965163310469,7.567026698111229e-11,1.641948584748259e-09,Gm12346,10.121074733744614,DEG
Celf3,11.248497564174409,-1.6422873661576307,0.7174921134429526,-2.2889274117271645,0.022083570274255702,0.10084629403393035,Celf3,1.6559307124164886,DEG
Shank1,18.694661666884585,-1.6443518449387913,0.64022492636956,-2.5683971010988325,0.010217004031131542,0.051908886776340465,Shank1,1.9906764352675292,DEG
Minar1,48.14921829107604,-1.6450612056073586,0.4889943899227968,-3.364171940432861,0.0007677369712193908,0.005263926520746681,Minar1,3.1147875449604863,DEG
Ddx3x,8232.908822040468,-1.6463308051245522,0.20212568829230343,-8.145084472111808,3.7901722309802185e-16,1.4500548789733578e-14,Ddx3x,15.421341054605858,DEG
Gm10110,30.228606664770567,-1.64804967545585,0.33173977009624483,-4.96789901005151,6.768219262931831e-07,8.230263653279528e-06,Gm10110,6.169525580356309,DEG
Tex19.2,24.415796009714892,-1.6505924231042812,0.5081851222471067,-3.2480140618947035,0.001162135271221511,0.007623211196734287,Tex19.2,2.9347433176205104,DEG
H2ac20,13.001186968003724,-1.6512777069734086,0.6672941080240669,-2.474587572581793,0.013339011413903605,0.06539230860871215,H2ac20,1.8748763558314467,DEG
2610037D02Rik,55.14791171952767,-1.652451355836659,0.2845595418463627,-5.807049537382368,6.358332892200817e-09,1.0548759130074332e-07,2610037D02Rik,8.196656738223506,DEG
Gm4149,188.54085870046566,-1.6529879379698096,0.33351784866670164,-4.956220317976774,7.18777084293906e-07,8.70538626651919e-06,Gm4149,6.143405777310628,DEG
Trim14,16.65824897613239,-1.6545777612092412,0.619199529979779,-2.6721237357258234,0.007537284987608375,0.039819791065759294,Trim14,2.1227850635784384,DEG
Gm38220,11.030937161064424,-1.6548811973479955,0.8136209138810325,-2.0339708199658837,0.04195453761540316,0.17220971086661302,Gm38220,1.3772210609435578,DEG
Prickle1,3003.74177822827,-1.6571808084993946,0.15114490726068194,-10.964185552353605,5.680972779364503e-28,5.8528930317164e-26,Prickle1,27.245577291659217,DEG
Grin2b,14.0133925372539,-1.657557997775561,0.6492321964026505,-2.5531050477163215,0.010676728968722533,0.05393740568973817,Grin2b,1.9715617818041895,DEG
Tbkbp1,129.78023738311012,-1.6610317925231592,0.28215771758592395,-5.886891227837261,3.935275205337174e-09,6.742529796381497e-08,Tbkbp1,8.405024890755989,DEG
Npr3,47.570671080875115,-1.6611439427854862,0.49065454320238067,-3.385567230140398,0.0007103130758724499,0.0049079245145610415,Npr3,3.1485501904990256,DEG
Mdc1,1633.4301523816778,-1.6616553721325147,0.15565448204227175,-10.675281240415885,1.3285460441167366e-26,1.238703512344757e-24,Mdc1,25.876623389421336,DEG
Shank3,22.759868993357728,-1.6619242352273933,0.5221470106692779,-3.1828665132012746,0.00145824826099718,0.009340832080437712,Shank3,2.8361685328062474,DEG
Gm38257,15.793161602208057,-1.6620933420496715,0.7376286911515432,-2.2532926958886423,0.024240699996907707,0.10903176314639834,Gm38257,1.6154548432349196,DEG
Gm23639,18.10112131690308,-1.6629509161256242,0.6201107694472004,-2.6816997834242846,0.007324916237709477,0.03881800149572163,Gm23639,2.135197337213929,DEG
Tafa5,163.43680603655216,-1.6641571194095721,0.1917093250427245,-8.680626876333202,3.9359338593152005e-18,1.8219010823077778e-16,Tafa5,17.404952208202022,DEG
AI506816,383.7571668190116,-1.6655817238385775,0.12488136988478607,-13.337311445055589,1.4043349584322566e-40,3.132065916098941e-38,AI506816,39.85252929302617,DEG
Rps12,5911.54039743686,-1.665941580665524,0.35415973759802705,-4.703927080938758,2.5520442745527984e-06,2.821047420698986e-05,Rps12,5.593111795457467,DEG
Trio,494.7492178342324,-1.6671375432638933,0.1908429552132175,-8.735651475325875,2.4225583575898997e-18,1.1374722872066547e-16,Trio,17.615725752327144,DEG
Ppp1r1a,416.49138830103874,-1.6705562256934998,0.2803582169056145,-5.958649060233928,2.5433160248765886e-09,4.4788148911835234e-08,Ppp1r1a,8.594599672332082,DEG
Gm36989,29.258323495132622,-1.6711307435918046,0.5206868324264624,-3.2094737940733724,0.0013297816789780822,0.008614939799459756,Gm36989,2.876219654820884,DEG
H4c9,25.188458042879248,-1.675514418213235,0.5325339285396531,-3.1463054810572024,0.0016534720684455843,0.010430271285197742,H4c9,2.7816031370807357,DEG
Gm38312,113.91888328979172,-1.6766257954645654,0.18178387937927906,-9.223181952049805,2.884118449330372e-20,1.601277248819874e-18,Gm38312,19.539986907324938,DEG
1110020A21Rik,17.70797475155233,-1.6806403190799097,0.4174605401526182,-4.025866297364272,5.676593844834894e-05,0.000499491903589563,1110020A21Rik,4.245912178041129,DEG
Irf2bpl,626.103407801796,-1.6814666659223394,0.15175818025482363,-11.07990793708067,1.5703394738860626e-28,1.698086373786491e-26,Irf2bpl,27.80400645224138,DEG
Apobr,10.448695235932279,-1.6819950192173465,0.600761038071019,-2.7997738079321137,0.005113842619724164,0.028416430400910617,Apobr,2.2912526416669543,DEG
Rpl19-ps11,48.0080918407624,-1.6825764448922895,0.3342495412200997,-5.033893057116662,4.806178619419792e-07,6.008182463314812e-06,Rpl19-ps11,6.31820009287734,DEG
Pappa,58.61914053186723,-1.6829317688329573,0.6312487426937962,-2.6660358350199638,0.007675151131643931,0.040422909562688,Pappa,2.1149130640601856,DEG
Fstl4,32.689521305518205,-1.6832267176524993,0.5161737778298433,-3.260969057221994,0.0011103215606350027,0.007313886930626911,Fstl4,2.954551226812359,DEG
Lag3,25.802795241193184,-1.6857801153704284,0.4114469924195421,-4.097198779986417,4.1817978999662055e-05,0.000376918743897528,Lag3,4.378636959813505,DEG
Rgs7bp,43.19035108869082,-1.687186355470237,0.327590052822574,-5.15029788277495,2.6007306459366143e-07,3.392704554501493e-06,Rgs7bp,6.584904624751791,DEG
Tnfaip6,33.78808983855913,-1.6880647564041207,0.7279585574307706,-2.318902277022352,0.020400335645869936,0.09417551159676968,Tnfaip6,1.6903626870863555,DEG
Cyp2j9,17.408414936916547,-1.689465219310627,0.7138687725496744,-2.36663275419162,0.017950735156980886,0.08431497033827577,Cyp2j9,1.745917760562975,DEG
Kbtbd11,126.16001715526217,-1.6901178206202319,0.3035380113454108,-5.568059872069741,2.5759132174554126e-08,3.8935944959332974e-07,Kbtbd11,7.589068772451631,DEG
Cplx1,110.55216156649206,-1.6904846736807175,0.24844556063465456,-6.804245845095287,1.0157994477259628e-11,2.459788755187367e-10,Cplx1,10.993192027626375,DEG
Gm38077,28.30992634037725,-1.6906641657733859,0.619693570643017,-2.728226087643753,0.006367594873504957,0.034323977144972546,Gm38077,2.196024575577896,DEG
Spry3,41.3443125404317,-1.6906685625667313,0.5027034718313698,-3.3631527476974745,0.000770577138830309,0.005281554815873253,Spry3,3.1131838796042564,DEG
Gm7618,42.5385528713017,-1.691096319198981,0.4552986156687751,-3.7142575465883594,0.00020380115656456934,0.0015926352376326976,Gm7618,3.690793355716319,DEG
Coro2b,156.34503579485374,-1.6921072866618128,0.20241696613027296,-8.359513132771658,6.29776153432533e-17,2.588544853475101e-15,Coro2b,16.20081378801312,DEG
1700086P04Rik,58.111643072396866,-1.692136570635624,0.30216665782717433,-5.600010877452434,2.1433835534377958e-08,3.290349418189042e-07,1700086P04Rik,7.668900106029311,DEG
Pald1,2452.267699230516,-1.6966596152718505,0.09647327143243556,-17.586836126523348,3.1075029808104897e-69,2.178193116174181e-66,Pald1,68.50758844609777,DEG
Hras,310.0259909718655,-1.6997258717394124,0.30448540593654616,-5.58229011505934,2.3737198345199016e-08,3.6156625791389095e-07,Hras,7.6245705412795886,DEG
Wdr86,142.91779107449,-1.6997337124794643,0.21012836690578496,-8.089025472898538,6.014399353308697e-16,2.2635016089686126e-14,Wdr86,15.22080773832727,DEG
Igdcc4,842.1404591800431,-1.7016323772795603,0.14753305344753015,-11.53390604692353,8.901149053525643e-31,1.0987320874152267e-28,Igdcc4,30.050553926456846,DEG
Trim12c,469.4065362100568,-1.7030335382988333,0.13922230231284488,-12.232476478315707,2.0848400465853855e-34,3.196727591742818e-32,Trim12c,33.68092725941928,DEG
Zbed5,214.15070583644203,-1.7038550405565744,0.1687909092980946,-10.09447160182938,5.844497831014032e-24,4.378131171007515e-22,Zbed5,23.233252798204212,DEG
Serpinb9,134.55673566608277,-1.704071926757224,0.32384038623023687,-5.262073537504061,1.4243976974839258e-07,1.940037571802101e-06,Serpinb9,6.846368737027293,DEG
Dmrtc2,13.475330519938053,-1.706212467958722,0.6722150412242908,-2.5381944219088495,0.011142606367589172,0.05594534762688383,Dmrtc2,1.9530132114363976,DEG
Ppp1r3b,90.83346927359298,-1.7075845020015625,0.285192847112196,-5.987473105627337,2.1312616993409253e-09,3.792312578614204e-08,Ppp1r3b,8.67136321964219,DEG
Gm43420,15.865786222939494,-1.708304829323757,0.5942885554895314,-2.874537652700683,0.0040461952208378305,0.02300482343620327,Gm43420,2.3929531672183835,DEG
Aadac,40.01514091496293,-1.7117371888024777,0.6101670191565158,-2.8053584265645055,0.005026065527436611,0.027976198262687078,Aadac,2.298771853582953,DEG
Lrrc2,159.04241196506584,-1.7143876418441772,0.37117933699204697,-4.618758295483755,3.860432190020813e-06,4.157298895881673e-05,Lrrc2,5.413364071692483,DEG
Tspan11,12.79752646108,-1.7177930184581671,0.8293534255993394,-2.071243652507722,0.03833603208870281,0.16010259257132156,Tspan11,1.41639284010581,DEG
Esyt3,84.30152332020057,-1.7182202332008496,0.2628260664028082,-6.53748030671927,6.256387978153925e-11,1.3689074543281828e-09,Esyt3,10.203676327156211,DEG
Cgas,20.117179058486595,-1.7185010721645615,0.4894735977306097,-3.5109167892450213,0.0004465641583317953,0.0032419054756792974,Cgas,3.3501161367580234,DEG
Dapk1,1483.2331360234195,-1.7203734909053918,0.15469771764677245,-11.120871833633577,9.929687226508195e-29,1.0979436977524682e-26,Dapk1,28.003064431055563,DEG
Dmbx1,40.346347262318396,-1.7208759447379947,0.8009431760018662,-2.1485618409638403,0.03166914929669398,0.13701191638301874,Dmbx1,1.4993636025805255,DEG
Gm26811,13.467035217869494,-1.7214737520457855,0.7844101094614772,-2.194609339274876,0.028191633039930428,0.12401727801371613,Gm26811,1.5498797662820398,DEG
Chd9,1141.14055449441,-1.7241440598145075,0.17783262745079462,-9.69531904538479,3.156495942889233e-22,2.0684797203043583e-20,Chd9,21.50079476454412,DEG
Slitrk5,132.60916239837502,-1.7248578204964975,0.25399067281269777,-6.79102819562383,1.113371609061281e-11,2.6795325426414753e-10,Slitrk5,10.953359857382617,DEG
Kcnh7,24.85434569796357,-1.7252704642381211,0.5285183436543083,-3.264353044606113,0.0010971436146264514,0.007240446924164778,Kcnh7,2.959736520139539,DEG
6430511E19Rik,240.492855197615,-1.7283619534422054,0.2905254111652549,-5.949090465133493,2.696365893787086e-09,4.722911665721753e-08,6430511E19Rik,8.569221174870194,DEG
Gm42664,79.35202949637664,-1.7295115823789418,0.585810088319649,-2.9523417518122845,0.0031537367415907054,0.018545861920248683,Gm42664,2.5011745622583086,DEG
Shd,125.3261074173984,-1.730990090135257,0.2539792804801937,-6.8154775730622905,9.395113038470861e-12,2.2934475876809497e-10,Shd,11.027097990263956,DEG
Csdc2,64.72507336712214,-1.7382331023443292,0.35309767536518605,-4.922810948972086,8.530985810400482e-07,1.0203131810348876e-05,Csdc2,6.069000780405809,DEG
Ccnb1ip1,200.75594287491714,-1.7387465130107078,0.1765122401166229,-9.850571902899798,6.815504584774703e-23,4.731293603972565e-21,Ccnb1ip1,22.166501985717616,DEG
Gm5112,23.195487987591555,-1.7389086070551558,0.5196567813769393,-3.3462636674297874,0.0008190846903718877,0.005584771817121367,Gm5112,3.0866711914512694,DEG
H3c3,32.13588288476762,-1.7433979120079879,0.36507005870405196,-4.77551601519119,1.7924702443920634e-06,2.0370536914627002e-05,H3c3,5.746548045034551,DEG
Tent5a,54.01575836844944,-1.746595368642051,0.3450796400441841,-5.061426888061018,4.161303133806879e-07,5.238730978554247e-06,Tent5a,6.3807706464890925,DEG
Unc5a,19.191733986453322,-1.7466633458536258,0.5506932598520039,-3.171753629821133,0.0015152149208545313,0.00966147195905599,Unc5a,2.8195257616691527,DEG
Kifc2,508.64152456524994,-1.7477665893167549,0.12161097142863583,-14.371783801944098,7.780122846645848e-47,2.245537956613158e-44,Kifc2,46.10901354552969,DEG
9130008F23Rik,25.729726589678354,-1.7494545146889915,0.5116105426407809,-3.4195044254929337,0.0006273531205156155,0.004403614085546812,9130008F23Rik,3.2024879374426316,DEG
H3c7,15.065202516315473,-1.7500627147784447,0.6110388447678342,-2.864077676507433,0.0041822543881562205,0.02368234730212004,H3c7,2.3785895544900226,DEG
Tcfl5,98.10049900551157,-1.751270922628193,0.3028031979088922,-5.7835284921763535,7.314979139599728e-09,1.200396639492927e-07,Tcfl5,8.135786908030761,DEG
Ramp3,140.7829359863403,-1.7515450540455388,0.2375498423669516,-7.373379146848119,1.6635649504432375e-13,4.9469632575566976e-12,Ramp3,12.778960238336827,DEG
Ccno,85.43434947962963,-1.752161328879555,0.32809804995705233,-5.340358862568403,9.2762771864247e-08,1.2990428412369914e-06,Ccno,7.03262628259376,DEG
Gramd2,65.45416414747234,-1.7537919611730675,0.3361398015967097,-5.217448076194243,1.8140505341960126e-07,2.436924216933473e-06,Gramd2,6.741350618920474,DEG
Gm10689,265.71565362828846,-1.7569481056648932,0.3483864598896841,-5.043101004043692,4.580473087852393e-07,5.740654856879629e-06,Gm10689,6.339089664172313,DEG
Sms,1962.4964926341322,-1.7570396993000175,0.12688899643765797,-13.84706120016696,1.3252400728994916e-43,3.356106360098306e-41,Sms,42.87770544029989,DEG
Fam227a,15.433738167736296,-1.7573727981553933,0.6604527724830139,-2.6608606570738425,0.007794120514297725,0.040961656519979725,Fam227a,2.108232883340627,DEG
Gm48496,12.779674458602306,-1.757485583365733,0.5590812067287597,-3.14352470126649,0.001669263266729042,0.010520807804899661,Gm48496,2.7774751634579244,DEG
Mcmdc2,15.138695278847829,-1.759907260853654,0.6270703028603701,-2.8065549473892606,0.005007437153390455,0.027880415685395107,Mcmdc2,2.30038449267982,DEG
Dscam,19.58935388863992,-1.7601369696173796,0.6959790614570195,-2.5290085105901965,0.011438525352185796,0.057240749062895085,Dscam,1.941629960917881,DEG
Gm37733,16.70017156158417,-1.7611110084132007,0.7363164333269165,-2.3917855540123285,0.01676663560418149,0.07944721721039788,Gm37733,1.7755540742529041,DEG
Snord43,23.15301577819576,-1.7612511533126851,0.5952725767561307,-2.958730541410828,0.003089090824204216,0.01820388562115119,Snord43,2.5101693225593964,DEG
Arhgap32,520.6994571080911,-1.7613401963224717,0.2242512533553132,-7.85431595127689,4.0195984687038514e-15,1.411281741431416e-13,Arhgap32,14.39581732789458,DEG
Slc47a1,60.64247763348971,-1.761413000439708,0.5134271094319203,-3.4306973046059395,0.0006020319770255715,0.004246462029503102,Slc47a1,3.2203804405080727,DEG
Fzd5,89.33008658975218,-1.7620078326719244,0.28001197055960286,-6.292616094771086,3.1215969832709136e-10,6.2452623029731484e-09,Fzd5,9.505623167654013,DEG
C130089K02Rik,34.1053487614597,-1.7623616927944232,0.7574470952857308,-2.326712589913108,0.019980567326897628,0.09244042515990777,C130089K02Rik,1.699392184606378,DEG
Gm15351,15.230192966783383,-1.7637034374710137,0.4664523171314257,-3.7811012459266653,0.000156136154863952,0.0012495030554280752,Gm15351,3.8064965201290746,DEG
Dok5,48.81028033463753,-1.7637710501214887,0.29836544823750977,-5.911445378613219,3.391187209195629e-09,5.861482673824571e-08,Dok5,8.469648234499,DEG
Fgf8,779.9331488555905,-1.7639208772146866,0.3811937545905099,-4.627360380312487,3.703557428217586e-06,3.999332592292294e-05,Fgf8,5.431380916689547,DEG
Panx2,12.032481398741881,-1.7652517640144831,0.6357071622267076,-2.776831643411553,0.005489160335699778,0.030218424937617894,Panx2,2.2604940835028295,DEG
mt-Nd5,23065.890005287736,-1.7655024348142707,0.3217659482687403,-5.48691508319493,4.090136259940365e-08,6.017889618969631e-07,mt-Nd5,7.388262223544131,DEG
Cenpb,222.7311019277963,-1.766881083664643,0.18854035826917795,-9.371368018416922,7.159842053379798e-21,4.120898535503185e-19,Cenpb,20.145096558153345,DEG
Syt4,45.69835193345432,-1.7693529791367164,0.42379413221993956,-4.175029441461125,2.9794751827453127e-05,0.0002758366579960256,Syt4,4.525860227638642,DEG
Oprk1,27.375372460662142,-1.7700323570990415,0.7829046386392159,-2.2608530716787865,0.0237683569230741,0.1072759933656925,Oprk1,1.6240008394710672,DEG
Eln,12.790917566698335,-1.7704567452703555,0.6631473617246281,-2.6697787663151975,0.007590123873580681,0.040039663003583185,Eln,2.119751136202867,DEG
Plekhb1,142.30430445471032,-1.771046210226772,0.2229390273358025,-7.944083328035378,1.9563205647351692e-15,7.032184169189523e-14,Plekhb1,14.708559979768955,DEG
Rps24-ps3,25.52803287309535,-1.7717865163349322,0.5105047348481814,-3.4706563825736945,0.0005191879242433719,0.003712822661746234,Rps24-ps3,3.284675417316042,DEG
Dmd,1273.230678045572,-1.772318731794379,0.14254492632931065,-12.43340452328641,1.7214359463187706e-35,2.827260468654841e-33,Dmd,34.76410913251658,DEG
Megf6,295.52186363055,-1.7730009698101958,0.2061688904011257,-8.599750264749522,7.988974990955497e-18,3.551429618572776e-16,Megf6,17.097508938374133,DEG
H2-Q6,71.64583394790763,-1.7740576744664875,0.27388689440587843,-6.477336852187882,9.335562537859022e-11,2.007938829033316e-09,H2-Q6,10.029859507417397,DEG
Ccdc148,13.314639347228917,-1.7756385481216677,0.6671724309478956,-2.6614387312121117,0.007780749997925627,0.04090234092253578,Ccdc148,2.1089785387093185,DEG
Ttn,52.620426743836134,-1.7756657135945766,0.45134833804418667,-3.93413592988735,8.349652317492028e-05,0.0007112606389290681,Ttn,4.078331608317404,DEG
D630003M21Rik,10.895989161483634,-1.7763041418265528,0.7086026077317714,-2.5067705402785374,0.01218397777990837,0.060477703565344355,D630003M21Rik,1.9142109017002462,DEG
Nphs1,229.66237396597276,-1.778874928746541,0.26124986401755473,-6.80909418053136,9.82151698248838e-12,2.388624573194649e-10,Nphs1,11.00782142807431,DEG
Cdc25b,342.6739067886462,-1.7817215028604028,0.16084341758479725,-11.077366606694193,1.61554457003129e-28,1.7421695331713797e-26,Cdc25b,27.791681056060675,DEG
Slc7a8,97.86766467377959,-1.7843857441057163,0.28863047836865646,-6.182249893327585,6.319438385818687e-10,1.2201520657085142e-08,Slc7a8,9.199321516144458,DEG
Dmc1,282.3755015710465,-1.7857053822625721,0.1730392951079629,-10.319652430093596,5.743067733784261e-25,4.7359797847528063e-23,Dmc1,24.240856061616228,DEG
Sptbn2,196.02139529542302,-1.7861577231906207,0.23951646702793195,-7.457348320782982,8.828109896843909e-14,2.692539221296146e-12,Sptbn2,13.054132269156076,DEG
Batf3,12.882642022790668,-1.7872434735886287,0.5712691383645702,-3.128548968538982,0.0017567173628292838,0.011011885442851786,Batf3,2.7552981062551316,DEG
Gm49058,15.41736035498116,-1.7876370596745284,0.599278330809405,-2.982982977642604,0.0028545386999783884,0.016964300922066872,Gm49058,2.544464064735374,DEG
Tpt1-ps3,42.94597591402625,-1.7882549407055053,0.41346645549239885,-4.325030282265257,1.5251091036047533e-05,0.0001487701482201724,Tpt1-ps3,4.816699086547616,DEG
Fam171a2,13.621591886192316,-1.7889193781675163,0.6835152823269557,-2.6172339147668056,0.008864557107892471,0.0458144121337858,Fam171a2,2.0523429577960917,DEG
Gm47585,30.871462420685866,-1.7931021879839057,0.49933140916633206,-3.5910062036305956,0.00032940379443837037,0.0024544584554080017,Gm47585,3.4822714024517687,DEG
Gm28625,25.863177701826412,-1.7953498377874608,0.3531777043870552,-5.083417824755714,3.707029989914627e-07,4.707604276742764e-06,Gm28625,6.430973900508945,DEG
Tmem238,216.69735580415818,-1.7981976511357551,0.20069337146841765,-8.95992547227067,3.2489792948389953e-19,1.6477026390221586e-17,Tmem238,18.48825305632686,DEG
Hist1h2ap,222.33333200807277,-1.8020318705581018,0.28629940016396405,-6.29422160691247,3.089461972801082e-10,6.187278102977596e-09,Hist1h2ap,9.510117146008325,DEG
Atf4,3317.8781479597164,-1.8024141820739574,0.19224209103256346,-9.375752065496679,6.868434294242406e-21,3.9648036963514285e-19,Atf4,20.16314225200415,DEG
1700019D03Rik,922.2730919664958,-1.8028891794085056,0.149765224917562,-12.038102839967708,2.240489780445845e-33,3.2452378358612826e-31,1700019D03Rik,32.649657032695416,DEG
Abi3,12.035553805895235,-1.8049617099198363,0.6328039790362675,-2.852323578414777,0.004340089633325365,0.02448426823468246,Abi3,2.3625013011656857,DEG
Rbm11,18.516764567448188,-1.8066722861439728,0.5327333863060536,-3.3913254408013493,0.0006955545506040908,0.0048161232624558785,Rbm11,3.1576688037060068,DEG
Tgfbr3,1152.211208429372,-1.8084842407508164,0.27929238021611685,-6.4752365938211724,9.466349231715168e-11,2.033840210139658e-09,Tgfbr3,10.02381747761902,DEG
Prokr1,28.57442078745816,-1.8087907480556675,0.5120189156804363,-3.5326639166287723,0.0004113951009354038,0.0030054889069453575,Prokr1,3.3857408843704855,DEG
Otop1,16.49011007502832,-1.8088510661245483,0.7421655162605424,-2.4372609970328214,0.014798993569404548,0.07156645245532052,Otop1,1.8297678185318071,DEG
Zfhx2,106.0666483458264,-1.809385747343115,0.29906531834334105,-6.0501356605511,1.4472391169248228e-09,2.6373480527692697e-08,Zfhx2,8.839459707594475,DEG
Irs1,129.0655124690483,-1.8110124029856938,0.3290320375108918,-5.50406099261913,3.71141052684789e-08,5.493363401597293e-07,Irs1,7.430461004777097,DEG
Cngb1,14.12888786466754,-1.8114690426879587,0.686007611753425,-2.6405961269990454,0.008276031105972529,0.04317637546554222,Cngb1,2.0821778856806823,DEG
Gm10132,346.80622823363694,-1.8133424096092423,0.32105780165149483,-5.64802474906873,1.6230181642769372e-08,2.5321276630509783e-07,Gm10132,7.789676619667855,DEG
Apoc1,105.96900909285588,-1.8134789830932767,0.28981834113047356,-6.257295435546176,3.917109475426724e-10,7.738213298385767e-09,Apoc1,9.407034290614673,DEG
Gm42508,11.540678311616064,-1.8155664394748596,0.7474230889200278,-2.4291013569011115,0.0151363001739985,0.07285655312445899,Gm42508,1.819980268190003,DEG
Exoc3l,178.78974621025407,-1.8169455409465576,0.2431851219692684,-7.4714502525206585,7.931575439883713e-14,2.4323291464199642e-12,Exoc3l,13.100640540690952,DEG
Slc5a1,11.828988519142055,-1.8177113292696674,0.8710632372793045,-2.0867730969190497,0.03690865011205195,0.15521483210289,Slc5a1,1.4328718382941168,DEG
Clcn1,17.955882419047906,-1.8213849606324382,0.6453514206416062,-2.82231494713628,0.004767832908443219,0.02669782384523847,Clcn1,2.3216789731110756,DEG
Gbp2,96.61584733868692,-1.8216509977711977,0.6388414815036199,-2.8514914114275087,0.004351466178554425,0.02453786839632191,Gbp2,2.3613643876499313,DEG
Mir670hg,15.18075053780329,-1.821985203111052,0.5656584529872346,-3.2209988085375065,0.0012774467915832263,0.008303298378873386,Mir670hg,2.893657180119309,DEG
Col8a2,20.377790173558076,-1.822019590794595,0.7277661660595791,-2.503578313704452,0.012294446827625361,0.060956665570895324,Col8a2,1.9102910069915024,DEG
Gm16136,23.813034664724253,-1.8228976153570813,0.5877309024624424,-3.1015854495987973,0.0019248730912705017,0.011964694133276485,Gm16136,2.7155978986634306,DEG
Trh,7882.415352925605,-1.8250384104056163,0.19450638890669453,-9.382922692997475,6.4168824223853735e-21,3.7315834922354527e-19,Trh,20.192675918286657,DEG
Gm867,18.609764189329784,-1.826612665369723,0.8164259000085231,-2.2373281706896533,0.025264899339919343,0.11304264148978159,Gm867,1.5974824277326838,DEG
Dact3,35.08584209936899,-1.828236659314927,0.42017415262953434,-4.351140230481705,1.3543139763122212e-05,0.00013333555684018965,Dact3,4.868280639659457,DEG
Gng5-ps,46.06521843647451,-1.829872748312578,0.32838827628131995,-5.572284032286778,2.5142107202785956e-08,3.8104368109303364e-07,Gng5-ps,7.599598326165132,DEG
Foxj2,82.83088503652557,-1.831974767030704,0.33903974870133524,-5.4034217936036635,6.538146915267784e-08,9.346026251456894e-07,Foxj2,7.1845453248426425,DEG
Gfap,10.36423128330328,-1.8333831223185808,0.6218451222850535,-2.948295414108207,0.003195315586962636,0.01874839611170921,Gfap,2.4954862420727406,DEG
Otx1,24.52892383788522,-1.8333999688231806,0.6037218016819905,-3.036829154943987,0.002390809204296064,0.014513831378941137,Otx1,2.6214550808593966,DEG
Gm39090,71.77171249293288,-1.833469379521726,0.28693990457744273,-6.3897330077590775,1.6617564356890664e-10,3.445796374543208e-09,Gm39090,9.77943263060477,DEG
Pcdhgc5,18.270449253412046,-1.833913582618418,0.5560758445482842,-3.2979558464873744,0.000973914476984181,0.006511508254992344,Pcdhgc5,3.0114791784443757,DEG
Dnaic1,34.98244573018154,-1.835708056232351,0.42603966208352545,-4.308772679179477,1.641629904570588e-05,0.00015943844756757865,Dnaic1,4.7847247452185595,DEG
Mcam,125.71221061057267,-1.8371853117737018,0.3299511526791598,-5.5680524127768605,2.576023464687737e-08,3.8935944959332974e-07,Mcam,7.589050185358037,DEG
H3c6,22.814026610192446,-1.8374356284372422,0.523053264071566,-3.512903473986997,0.0004432384699174322,0.0032201443012528164,H3c6,3.3533625530002866,DEG
Arid3c,25.329089398069634,-1.837960362707013,0.5279142440898148,-3.481550996745445,0.0004985188442810109,0.0035842684767975453,Arid3c,3.3023184204765434,DEG
Zfp819,179.87068987273278,-1.838867933921071,0.3105945804750974,-5.920476561787614,3.2101004392484078e-09,5.56563924654672e-08,Zfp819,8.49348137895683,DEG
Gm19426,20.580476233488554,-1.839234391673669,0.4739860245950549,-3.880355740963038,0.00010430379511631106,0.0008712996104917127,Gm19426,3.981699889386636,DEG
Gm45853,13.32175038429559,-1.8549676065734413,0.8457596908169149,-2.193256106568212,0.02828893217972981,0.12438954350296116,Gm45853,1.5483834455159127,DEG
Fndc5,51.16751874917318,-1.8570328301321877,0.31944543869566155,-5.813302070346351,6.125238598866904e-09,1.0192199691450725e-07,Fndc5,8.212876989387423,DEG
Rn7sk,25.35958246392502,-1.8570334909725088,0.5803026524405166,-3.2001120159671546,0.0013737418596565356,0.008867536460631145,Rn7sk,2.8620948680474134,DEG
Gm6658,17.415758321071074,-1.8583181768301902,0.5580950672628135,-3.329752018673704,0.0008692336151024207,0.005876683963764264,Gm6658,3.060863486940558,DEG
Lpar4,1496.0926874027282,-1.8586720968493222,0.11404635241492495,-16.29751462885088,1.027876309826516e-59,4.9811393567432383e-57,Lpar4,58.98805914330939,DEG
Gm29361,20.049516120577657,-1.8595716186762878,0.4675341112747529,-3.97740308959721,6.967200299320958e-05,0.0006019888033221342,Gm29361,4.156941703798804,DEG
Pgap1,933.3907920608516,-1.8595923012651654,0.18920492631739103,-9.828456042131279,8.491051818440869e-23,5.7664231319941076e-21,Pgap1,22.07103850873709,DEG
Cntd1,33.44705619390465,-1.8610963699541012,0.46027103160930743,-4.043479259267958,5.2663816901722164e-05,0.00046653414688406687,Cntd1,4.278487667841352,DEG
Gm43534,16.38593201083266,-1.8619649983024034,0.5228496577161954,-3.5611862240389653,0.00036918311548258864,0.002721928030059739,Gm43534,3.4327581695649285,DEG
Thbs3,313.65844543337874,-1.8635389941985607,0.16980678224592669,-10.974467389056619,5.070377647911345e-28,5.265278672313863e-26,Thbs3,27.29495969267929,DEG
Tnfrsf11a,11.497756497203895,-1.8655025009016493,0.8221374196426814,-2.2690884228483807,0.023262949258259065,0.1054069660896275,Tnfrsf11a,1.6333352266070618,DEG
Fam169b,120.65263335668376,-1.8661830428455928,0.3506389291814657,-5.322235746048008,1.024996180512559e-07,1.4224134967608018e-06,Fam169b,6.989277752935456,DEG
Rnf168,782.5465374792574,-1.8692787099380868,0.24587958833272447,-7.602415160255505,2.906545249873357e-14,9.359361828816973e-13,Rnf168,13.536622911442382,DEG
Adamts15,241.74715248156375,-1.8717027855078447,0.30312129464276877,-6.1747650811325,6.626192007863698e-10,1.271780391877002e-08,Adamts15,9.17873598367478,DEG
Hif3a,599.9555976608527,-1.8719459977919468,0.19844473618955008,-9.433084664961356,3.982025922861341e-21,2.36469687670312e-19,Hif3a,20.399895917056227,DEG
Fzd7,1099.566356853135,-1.874573199208195,0.26378913037562723,-7.106332230364698,1.1916735825263942e-12,3.221540160806374e-11,Fzd7,11.92384268815375,DEG
Asah2,13.279781479550849,-1.8747090055719688,0.9076498917157041,-2.0654538965770834,0.038880073471555296,0.1618580468744257,Asah2,1.4102729230600404,DEG
A930004D18Rik,105.77879999150576,-1.8785289786359227,0.2504861931877507,-7.4995310309494,6.404655965754349e-14,1.9905143358967182e-12,A930004D18Rik,13.193504193973522,DEG
Cadm3,80.5394780690829,-1.879230871766634,0.26852262512212566,-6.998407940157552,2.5888737957265663e-12,6.720969781987758e-11,Cadm3,11.586889120347468,DEG
1700003E16Rik,35.168860907626865,-1.881203330833228,0.3335530777971685,-5.639891987377121,1.7015686813454272e-08,2.6441676741429954e-07,1700003E16Rik,7.769150516549165,DEG
Tex21,79.87774914933236,-1.8831034246829463,0.2770022676343361,-6.798151656898292,1.059698732984273e-11,2.553490139093411e-10,Tex21,10.974817584923084,DEG
Cftr,20.133104326108477,-1.884611836028818,0.6351897164510383,-2.9670062143930944,0.003007148809777042,0.017774373171235994,Cftr,2.52184508015823,DEG
Slc5a4b,28.7742679757433,-1.8850759207299974,0.6402888177425701,-2.9441025182605913,0.003238926918151039,0.018970098227123654,Slc5a4b,2.489598851125915,DEG
Itpripl2,16.93471176453552,-1.88725186807146,0.5180647423897214,-3.6428880671669956,0.00026959609215942585,0.002049274865517805,Itpripl2,3.5692864072624513,DEG
Tcerg1l,12.401834666579719,-1.8929535130538147,0.8953475448418583,-2.1142108714757906,0.03449726075125984,0.146883715833518,Tcerg1l,1.462215388632313,DEG
Spire2,37.858492379907126,-1.8939736648769756,0.3671981593239294,-5.157906206186012,2.4972665297265723e-07,3.2718692620613197e-06,Spire2,6.602535103538821,DEG
Gm42856,30.77515366009272,-1.8961660276345624,0.58414345976009,-3.2460622402813946,0.001170132540642602,0.007669262417405921,Gm42856,2.931764943031968,DEG
Gpr85,128.55034122382875,-1.8984118373779322,0.2598744349284659,-7.305111939543021,2.7703600826676333e-13,8.049063541456882e-12,Gpr85,12.557463779039477,DEG
Fgd2,36.3247950103409,-1.898536859991058,0.5201129344990759,-3.650239657699631,0.0002619957421033692,0.001996123236115703,Fgd2,3.5817057666803973,DEG
Qprt,372.6277002752125,-1.9070961582375734,0.14567868657881516,-13.091113072369685,3.701435122850137e-39,7.687430310964889e-37,Qprt,38.431629858340436,DEG
Gpc5,42.108329320543675,-1.908156751375296,0.40213873182093224,-4.745021059610284,2.0848464383794683e-06,2.3375172021053776e-05,Gpc5,5.680925927942246,DEG
Ntng2,12.746462774625485,-1.9118339223181948,0.7546757991287321,-2.5333181805026657,0.011298833982846168,0.05663556765785476,Ntng2,1.9469663725293487,DEG
Gpsm3,29.01936612947885,-1.9121610760903642,0.49510991564902507,-3.862094083863718,0.00011241925378920793,0.0009324209116103608,Gpsm3,3.949159301771287,DEG
4833422M21Rik,32.50135864533989,-1.91216130690541,0.47546646650172275,-4.021653348077875,5.7791065492499e-05,0.0005077154641398977,4833422M21Rik,4.238139298382777,DEG
Per2,122.54442001363795,-1.9122095661111582,0.23975726953809634,-7.97560620286976,1.5163470155145921e-15,5.5317071933080186e-14,Per2,14.819201399180752,DEG
Prmt8,23.955230016403014,-1.9132797839722984,0.5974288982213517,-3.2025229942315487,0.0013622942394513002,0.00880087817333474,Prmt8,2.8657290798176023,DEG
Myl3,20.45862720351102,-1.9144780858958108,0.8642425848933245,-2.2152091546520114,0.026745711816448033,0.11857346125265807,Myl3,1.572745839203186,DEG
Rab19,26.090478678348884,-1.9186450192060018,0.4856035073284469,-3.95105263914062,7.780820663759607e-05,0.0006651144458069596,Rab19,4.10897459440544,DEG
Foxh1,1791.1836625719002,-1.9190485548228895,0.10999317914981029,-17.446977800406632,3.6293469044477982e-68,2.414622949835414e-65,Foxh1,67.44017151857625,DEG
Akr1b8,98.51638465688497,-1.9194591210278342,0.25397111808141626,-7.557785056537443,4.0999080911453516e-14,1.295762417888313e-12,Akr1b8,13.387225878879242,DEG
D930048N14Rik,77.03833433735568,-1.9215430199891546,0.3572844439581959,-5.378188310415173,7.523909929604963e-08,1.0685095385918364e-06,D930048N14Rik,7.123556412126136,DEG
Gm9396,78.81472654433733,-1.9233207878133387,0.45304620987697214,-4.245308195681915,2.1829317048566065e-05,0.00020677272734251058,Gm9396,4.660959851403955,DEG
Cdk2ap1,155.5266169174687,-1.923964934405158,0.3084297613654993,-6.237935424542888,4.4338360290048517e-10,8.689034730231026e-09,Cdk2ap1,9.353220371892514,DEG
Gcgr,14.975694846609114,-1.9258467355937428,0.6189827600158387,-3.111309167228605,0.001862598183433491,0.011614387052313714,Gcgr,2.729880824942353,DEG
Cdh13,198.7920754186676,-1.9281950912931674,0.28147146142624213,-6.850410629634788,7.363830442784674e-12,1.8202294481777505e-10,Cdh13,11.132896219979369,DEG
AA388235,15.08717467054874,-1.9302143205226034,0.6056103399980688,-3.1872215400562,0.0014364670176216204,0.009214845537293915,AA388235,2.8427043412901156,DEG
Myzap,19.628384301183523,-1.9313587367107685,0.9036418343107651,-2.1373055821213436,0.03257314513771523,0.14016593576964875,Myzap,1.487140305604343,DEG
Psat1,13011.53317499272,-1.9320257365678548,0.09651289502996473,-20.018317096052414,3.813870253552496e-89,4.6783077832092534e-86,Psat1,88.41863408557545,DEG
Slc22a7,25.444134533256918,-1.9328142791129905,0.6243325044854087,-3.0958091485338683,0.001962766490459103,0.012175169571743232,Slc22a7,2.707131365166836,DEG
Syngap1,118.81034406844488,-1.933067336140374,0.34261108447035243,-5.64216227600672,1.6792770923285113e-08,2.6126303489960785e-07,Syngap1,7.774877636357326,DEG
Tns2,173.75613358178282,-1.9366493726824843,0.20060792235022,-9.65390274717812,4.731977051289034e-22,3.0600378120963507e-20,Tns2,21.324957370240792,DEG
Pitpnm1,77.0875828989158,-1.9402233645725124,0.2553620651573841,-7.597931052823838,3.009025627624645e-14,9.673487548005748e-13,Pitpnm1,13.521574113393662,DEG
1500002C15Rik,14.373062628542892,-1.9410231318712807,0.5440875342265579,-3.5674831893190175,0.0003604264942280387,0.002661365910070204,1500002C15Rik,3.4431832924040546,DEG
Notch3,851.7643527942538,-1.9427329838238994,0.14068428681256342,-13.80916822937193,2.2440770514013815e-43,5.610621433035569e-41,Notch3,42.64896223546224,DEG
Acot1,268.08241879098307,-1.9518647061946799,0.16913010462143815,-11.540610765679562,8.233849022282394e-31,1.0195686929705071e-28,Acot1,30.084397100587353,DEG
Pcsk2os1,47.44202250423733,-1.9560117962686128,0.34693849419392625,-5.637920925474681,1.721155049047666e-08,2.6724880989030075e-07,Pcsk2os1,7.7641800047957785,DEG
Scn3a,24.247789847909825,-1.9571792141680162,0.582065665079207,-3.3624715072339564,0.0007724809761507025,0.005292755412261044,Scn3a,3.112112207119318,DEG
Nbeal2,96.47897753320187,-1.9590304196355806,0.2884778493076812,-6.790921467062595,1.1141956860118398e-11,2.679872748959727e-10,Nbeal2,10.953038527392355,DEG
Tm4sf5,24.356291213188747,-1.959450841586899,0.4596802075109284,-4.262639133838094,2.020266305258505e-05,0.00019285387470893017,Tm4sf5,4.69459137942402,DEG
Ccdc36,103.08642058479717,-1.9633593953984991,0.24846087533995162,-7.902086768036102,2.7427237624236657e-15,9.778395626377489e-14,Ccdc36,14.561817930819203,DEG
Gm10163,84.79611823032101,-1.9637842762060753,0.35226080123176606,-5.574802161748407,2.4781132655711496e-08,3.7673656085772397e-07,Gm10163,7.605878847480391,DEG
H1f2,49.267372541033886,-1.964562332121805,0.47710005094854335,-4.117715620059091,3.8264646256932766e-05,0.0003472797949106509,H1f2,4.417202297214242,DEG
Cebpb,24.286434596237402,-1.9654123644054151,0.620154670792088,-3.1692293180588424,0.0015284375103548275,0.009736286496295512,Cebpb,2.8157523125563744,DEG
Epn3,30.744540333055564,-1.9671978134275023,0.588297166979978,-3.3438845601213876,0.0008261410638856104,0.005628973299896175,Epn3,3.082945790407879,DEG
Rpsa-ps10,17.246868570348322,-1.9697557763735272,0.8327886067571229,-2.365253031070816,0.01801775603930849,0.08458928092464732,Rpsa-ps10,1.7442992977314726,DEG
Tspan33,40.91886829904805,-1.970328859141357,0.4113352471018939,-4.790080288580952,1.6671459221885498e-06,1.905663333828397e-05,Tspan33,5.778026385518291,DEG
Mef2c,64.65596166303105,-1.9705083558242176,0.5132291925823347,-3.8394315528107827,0.00012331950272752147,0.0010141756632230045,Mef2c,3.908968235187249,DEG
Snora17,19.235048782570786,-1.9707279468704697,0.4631288927093447,-4.255247249510904,2.088181328238249e-05,0.0001985163034084185,Snora17,4.680231791860367,DEG
Phf19,81.2588187431922,-1.9711022758306151,0.3027106187568055,-6.511506877180869,7.44006215038494e-11,1.6161857199173218e-09,Phf19,10.128423436570184,DEG
Rnu2-10,11.559016445859175,-1.97348908336378,0.7968330751570786,-2.476665621560386,0.013261608007690993,0.06504534538621698,Rnu2-10,1.8774038132972373,DEG
Gng3,1606.7481239300396,-1.9751942663980366,0.15348412853928423,-12.869045713039222,6.722760617502095e-38,1.2447571816924987e-35,Gng3,37.17245235272696,DEG
Mertk,116.12169723009663,-1.9764642763283755,0.24032031771607393,-8.224291208966635,1.9634850959571475e-16,7.753790791912064e-15,Mertk,15.706972390939596,DEG
Myc,1113.207310813101,-1.976704151791985,0.14483767803567824,-13.647720528252728,2.082925970640745e-42,4.955217765185525e-40,Myc,41.681326165056355,DEG
Slc7a5,1150.6415463434366,-1.9773113749927205,0.20112198203936807,-9.831403583749871,8.246136671201748e-23,5.609802474084613e-21,Slc7a5,22.083749471492354,DEG
Bc1,17.900947840889913,-1.9794428905659742,0.7105189070407718,-2.7859116357791556,0.005337742018461059,0.02951851048896196,Bc1,2.27264242018251,DEG
Etv2,66.22969396111176,-1.9824031435399116,0.365626356679735,-5.421937197148969,5.8956597102823557e-08,8.498800242662993e-07,Etv2,7.229467591331424,DEG
Cysltr1,89.71917366802984,-1.983002872263816,0.349808618721505,-5.668822224882215,1.4378245627103976e-08,2.2611749823746489e-07,Cysltr1,7.842294101501735,DEG
Ednrb,153.7551799303324,-1.9831465189677782,0.7573782916122738,-2.6184359136385362,0.008833388221783768,0.04567737951122095,Ednrb,2.053872682177902,DEG
Alox12,44.32965209708776,-1.9840109585922616,0.38254333697088855,-5.1863691426502205,2.1443357094457226e-07,2.848447025477934e-06,Alox12,6.66870722208258,DEG
Nptx1,89.95161280743652,-1.9854019427861773,0.5321281728032046,-3.731059628598978,0.00019067608189795438,0.0014981201446638117,Nptx1,3.719703780741118,DEG
Ooep,155.15438060858284,-1.9855728726303885,0.29042182225830443,-6.836858391668645,8.094868511431116e-12,1.989654813269916e-10,Ooep,11.09179020129278,DEG
Tmem63a,237.37946631225702,-1.9879301994449199,0.20996788395151963,-9.467782224751675,2.8584804229692622e-21,1.7262143391201915e-19,Tmem63a,20.543864777815823,DEG
Tspan18,231.90782904912663,-1.9896641251272598,0.23750106140207672,-8.377495718888026,5.406573130586144e-17,2.238652057963058e-15,Tspan18,16.26707791826407,DEG
Crhr2,12.166139913628767,-1.9955394294606463,0.7079822122592029,-2.8186293312268265,0.004822917716933377,0.02697149673176155,Crhr2,2.3166901474471038,DEG
Sorbs2,131.773619864852,-2.0019945443116356,0.3061178453365466,-6.539947196187267,6.154055763371954e-11,1.3487724783899458e-09,Sorbs2,10.210838572824503,DEG
Rbms3,40.509155227227446,-2.0029002252271613,0.828305221007111,-2.4180702649584846,0.015603063518132641,0.07478230186535538,Rbms3,1.8067901235430395,DEG
Platr21,83.91325265070745,-2.0069387816110913,0.3287755884583578,-6.104281619635172,1.0326407203562638e-09,1.9256173964914214e-08,Platr21,8.9860507533181,DEG
Fbln7,16.55711206563753,-2.0133535569117154,0.625639411729772,-3.218073412838846,0.0012905478187259537,0.008378741900173646,Fbln7,2.889225898889147,DEG
Rpl17-ps10,16.087005232455557,-2.01374167400506,0.5874643468521522,-3.4278534259915876,0.0006083738339538922,0.004284265895979931,Rpl17-ps10,3.215829473142726,DEG
Leng9,30.785901298464566,-2.0145065880374253,0.42204805261164996,-4.773168779174739,1.8134968804653302e-06,2.058565443866559e-05,Leng9,5.741483187146055,DEG
mt-Co1,67445.39465487556,-2.015015185476557,0.3958453065540422,-5.090410703660723,3.572887988543252e-07,4.551982220522176e-06,mt-Co1,6.4469805988885485,DEG
Gm5724,14.884797044417194,-2.0250712268518916,0.9570196532630746,-2.1160184327951526,0.03434323989818387,0.14632315160353973,Gm5724,1.4641587364456181,DEG
Clnk,15.803989391065343,-2.027162784771565,0.5308695189149677,-3.8185706893001456,0.00013422712319390346,0.0010919828532083506,Clnk,3.8721597176749984,DEG
Ablim1,790.674776849305,-2.03539972437609,0.18520301219500607,-10.990100540227465,4.264507884526519e-28,4.4638594131018524e-26,Ablim1,27.370131078298503,DEG
4930526L06Rik,24.52641573096618,-2.037101403690098,0.7062922645871905,-2.8842187658401315,0.00392386062857723,0.022390362153444105,4930526L06Rik,2.4062864267036033,DEG
Galnt6,19.10757021931618,-2.0425879228715256,0.6017368262769263,-3.394487147328927,0.0006875726730462842,0.004767583489681292,Galnt6,3.1626813922831865,DEG
Gal,67.07498327391458,-2.0448110330912868,0.6077780313474205,-3.3644043180666126,0.0007670907703354576,0.005260414746327344,Gal,3.1151532426698476,DEG
Mael,132.4589303285618,-2.0461871143444155,0.24891451939947287,-8.220440974198747,2.0275625986291136e-16,7.990754486344236e-15,Mael,15.693025728574503,DEG
Bend3,1114.7607254039208,-2.0544122688438504,0.16903889772373706,-12.153488318418928,5.496916017072724e-34,8.298863246852139e-32,Bend3,33.25988089821719,DEG
Mrc2,326.889262041855,-2.0603285769607904,0.22114036499716055,-9.316836286253055,1.1986096497305011e-20,6.8088313431072875e-19,Mrc2,19.92132223022051,DEG
Arhgap27,243.22979208100918,-2.0605105648866666,0.16997599938536512,-12.122361817771292,8.040803844712737e-34,1.2000976171730384e-31,Arhgap27,33.094700532361955,DEG
Gucy1b1,31.07694827755971,-2.060971919582466,0.5488901221091121,-3.754798704817596,0.00017348084402569105,0.0013734658270553551,Gucy1b1,3.7607484735718777,DEG
Gm35963,11.52839072335768,-2.063020741060562,0.7339365473530228,-2.810897956370949,0.004940345166175489,0.027549846399756564,Gm35963,2.306242707244656,DEG
Gm48023,14.95888869603499,-2.0632731843299297,0.6150838138143208,-3.3544585924557966,0.0007952045360634331,0.00543611348904527,Gm48023,3.0995211512695713,DEG
Tmem229a,182.861869568127,-2.064071478532741,0.289271109374425,-7.135422140830044,9.649056541516204e-13,2.643087344201923e-11,Tmem229a,12.015515148712616,DEG
Pbx3,494.3946614541544,-2.066191554343807,0.19897434012253354,-10.384211115219143,2.9257805781456883e-25,2.4592219493351757e-23,Pbx3,24.5337582473405,DEG
Fgf11,128.9011305707461,-2.0676378353078104,0.2024495754593539,-10.213100376310411,1.7323909997242808e-24,1.3654928496421123e-22,Fgf11,23.761354081222635,DEG
Stk39,254.93560905105434,-2.0701044748153987,0.1767590569978736,-11.711447831724415,1.1136156304446406e-31,1.4332050603883107e-29,Stk39,30.95326468203648,DEG
Six1,312.94332403044984,-2.072024131118111,0.3696669540524409,-5.605110514758573,2.081221262300578e-08,3.1999286411705673e-07,Six1,7.681681745887357,DEG
E230001N04Rik,14.75466443765603,-2.075522636951759,0.6025468219960309,-3.4445831613156046,0.0005719406658519679,0.004053148033343076,E230001N04Rik,3.2426490233567438,DEG
Nes,921.0873931608613,-2.0761613366932243,0.20163344249831733,-10.2967112546846,7.291146554080971e-25,5.937746383554779e-23,Nes,24.137204172236608,DEG
Phc1,5250.006815274162,-2.0771418653663427,0.10392731938972932,-19.98648553203824,7.220583277812992e-89,8.588774406181619e-86,Phc1,88.14142771875945,DEG
Ccbe1,32.890486406221335,-2.0799990269898943,0.3946944301729332,-5.269897084888059,1.3650027061701764e-07,1.8675653964899941e-06,Ccbe1,6.864866487616918,DEG
C430049B03Rik,43.834367167234525,-2.0838568411705913,0.4024589220122188,-5.177812510036303,2.2450267907854654e-07,2.9741490590179505e-06,C430049B03Rik,6.6487784720233,DEG
Arg2,15.06603906670748,-2.0858874256109874,0.6118011821812389,-3.4094203907456127,0.0006510107526040771,0.004545379770894315,Arg2,3.186411838224356,DEG
Gm5620,25.53056143884345,-2.0873734346924553,0.4707961128837666,-4.433710002205988,9.262519816467799e-06,9.390022994726512e-05,Gm5620,5.033270849871086,DEG
Snord49b,30.575563886145314,-2.088511619203847,0.5342821778368055,-3.909004840213433,9.267710734637736e-05,0.0007819979567212706,Snord49b,4.033027529943689,DEG
Chrnb4,137.2234766528887,-2.0898536940686943,0.40160198790275364,-5.2037932007815275,1.9526128784427575e-07,2.6114450874791672e-06,Chrnb4,6.709383850629756,DEG
Gm5452,22.577901357698877,-2.0927053171038796,0.5335426185120203,-3.92228332750654,8.771376114982278e-05,0.0007434740372304025,Gm5452,4.056932266125418,DEG
Rbp7,26.98210490727482,-2.0949209163723013,0.43902896009928577,-4.771714640188059,1.8266417975641063e-06,2.0698952217027674e-05,Rbp7,5.738346608965696,DEG
Pou5f1,5882.334777791029,-2.095488603702963,0.12430852018833553,-16.85715991573354,9.29494067269846e-64,5.365504503315186e-61,Pou5f1,63.03175337787722,DEG
Syt13,244.95286309189424,-2.096671783894394,0.2618207240958619,-8.008043638007539,1.1654755293149877e-15,4.2835590779214615e-14,Syt13,14.933496840629065,DEG
Sez6l,16.074374437065373,-2.099109354490418,0.833786538004636,-2.5175620603252606,0.011817014942832877,0.05890200476838336,Sez6l,1.9274922152974834,DEG
Kynu,23.424872594490328,-2.111984417923228,0.613774026412418,-3.4409804374877635,0.000579610436517576,0.004100837863126245,Kynu,3.2368638031850128,DEG
Gm38227,18.58291505092106,-2.1148638021334802,0.6699381530860469,-3.1568045384360235,0.0015950822845578665,0.01010845413557474,Gm38227,2.7972169083386667,DEG
Clic5,86.81918661999798,-2.1183760113934023,0.3201146756180467,-6.617553560465308,3.651919217781042e-11,8.214830089143796e-10,Clic5,10.437478837835426,DEG
Sgk1,1874.3839791116761,-2.119190688544282,0.18507911563243526,-11.450188106328364,2.3463579632120953e-30,2.8252021205510543e-28,Sgk1,29.62960573067384,DEG
Paqr7,55.087074100178505,-2.1240488918332945,0.34729852497863334,-6.115916823902351,9.600339244819716e-10,1.7979108605768526e-08,Paqr7,9.0177134201323,DEG
Kis2,10.797191946976737,-2.1301986226700294,0.6108072654634012,-3.487513562979496,0.0004875341948577535,0.0035101210107761184,Kis2,3.311994918186532,DEG
Platr10,1922.8422611299964,-2.1320398689612827,0.20325154402567935,-10.48966136607511,9.637316902856721e-26,8.332458158322354e-24,Platr10,25.0160438599225,DEG
Slc34a3,20.30798861847742,-2.1332400224787595,0.5363511053184711,-3.977320082545739,6.969632026567965e-05,0.0006020663863091381,Slc34a3,4.156790150603516,DEG
Trib3,678.898978172626,-2.1353229710053134,0.20439870774267732,-10.446851619500086,1.5147025747324455e-25,1.2953512018730433e-23,Trib3,24.819672636358707,DEG
Mirg,243.51778729118396,-2.13759021107675,0.2436963689854597,-8.771530819173963,1.7625345031863315e-18,8.365751735619476e-17,Mirg,17.753862372551165,DEG
Gng8,11.879944706591136,-2.142700613564537,0.6278625715669847,-3.412690468579618,0.0006432495842811642,0.0044959893040934,Gng8,3.1916204857930217,DEG
Gm17249,12.926140570308412,-2.1442348791051726,0.6722817464862048,-3.1894884701427375,0.00142524824388988,0.009156345223798601,Gm17249,2.8461094854365507,DEG
Utf1,3065.3022341460437,-2.146753678837119,0.2030084219369965,-10.574702558415838,3.904143392919775e-26,3.490873362238723e-24,Utf1,25.408474239773234,DEG
Kif26a,142.5232975746638,-2.1502967489874565,0.28651293669042605,-7.505059889532415,6.140052283975724e-14,1.9158622599594524e-12,Kif26a,13.211827930724391,DEG
Aldh1l2,55.36074533119167,-2.151006772656695,0.41597384832386,-5.171014431133205,2.3282658420906067e-07,3.0730134196228175e-06,Aldh1l2,6.632967433317043,DEG
Tnfrsf13b,20.264455316278124,-2.1551192460116617,0.6259536776738743,-3.4429372697678944,0.0005754327724110155,0.004075687949377407,Tnfrsf13b,3.240005407527453,DEG
Pkdcc,148.7800795984062,-2.1563936797720604,0.32201203368895515,-6.696624517625982,2.1328871751652328e-11,4.95691061496512e-10,Pkdcc,10.671032117123994,DEG
Slc9b2,32.1383135678612,-2.156938416102979,0.40710892774604696,-5.298185004305456,1.1695943195130668e-07,1.6120114404440454e-06,Slc9b2,6.931964749662994,DEG
Tmcc3,140.33918915540372,-2.157464984925873,0.2743628083450739,-7.863547533790978,3.734045592884542e-15,1.318097946560224e-13,Tmcc3,14.427820383597094,DEG
Mdfi,400.7076158662979,-2.159020472686514,0.18976775596955528,-11.377172384506084,5.433290918380888e-30,6.366357266244924e-28,Mdfi,29.2649370406197,DEG
Aifm3,62.01767619127634,-2.159429400964955,0.3404152090062988,-6.343516223227847,2.2457931013996836e-10,4.567570808769004e-09,Aifm3,9.648630256560466,DEG
Foxo1,370.9051891561675,-2.161824061024454,0.22265378232966396,-9.709352513148106,2.750789415467548e-22,1.814735074375591e-20,Foxo1,21.560542655412203,DEG
Naalad2,20.63304629824363,-2.163956906320605,0.695617356522162,-3.1108437505636948,0.0018655362255627361,0.01162901277783295,Naalad2,2.7291963132759265,DEG
Gm42944,32.38514859526936,-2.167313907369889,0.7759323349513141,-2.7931738500186065,0.00521936326663678,0.02892906895019677,Gm42944,2.2823824752837445,DEG
Frzb,585.0373408797338,-2.1690272725588877,0.3271425566617733,-6.630220460132325,3.3518587545895496e-11,7.57894652614652e-10,Frzb,10.474714290577202,DEG
Galnt16,211.52572419130402,-2.1699262605780985,0.3227024380379311,-6.724232620526533,1.7652023652347828e-11,4.1243743120571987e-10,Galnt16,10.753205499303405,DEG
Pou6f1,70.72770890634594,-2.1739610736318205,0.3516515463118067,-6.182145639434175,6.323614365189754e-10,1.2201684201493474e-08,Pou6f1,9.199034622638742,DEG
Tead3,80.21667035005227,-2.1768005526396617,0.3471180343339616,-6.271067295067031,3.5858158690967393e-10,7.126786344792623e-09,Tead3,9.445412015133106,DEG
Arhgap22,42.804429797059555,-2.17784647892944,0.2922404207650043,-7.452242483187104,9.176685971323922e-14,2.7923446080029296e-12,Arhgap22,13.03731412971602,DEG
9430069I07Rik,22.870054935188676,-2.1781130687241856,0.582471076284155,-3.7394355829981274,0.0001844339019105265,0.0014522736111722962,9430069I07Rik,3.73415924565015,DEG
Tpm2,603.2667152395438,-2.1829099237672653,0.1303501322404298,-16.746511002696224,6.004623006658573e-63,3.367135241148128e-60,Tpm2,62.221514254084134,DEG
Tmem88,410.3601968476939,-2.1831552073807643,0.1523250359243527,-14.3322152798635,1.376584332336789e-46,3.9155844055953605e-44,Tmem88,45.86119717769846,DEG
Gm47963,18.313980026445954,-2.186111558218869,0.7093125469230311,-3.082014505033263,0.00205604818380619,0.012690350149906772,Gm47963,2.686966711799358,DEG
Eda,85.05448357900265,-2.186656290126776,0.42298256453734345,-5.169613297225458,2.3457888633862274e-07,3.0940608284442065e-06,Eda,6.62971107985594,DEG
Gm45137,22.95213526375063,-2.1868544717032914,0.7129943459134872,-3.06714139352886,0.002161166027201023,0.01326955264597556,Gm45137,2.665311868041548,DEG
Alx4,10.725374625726987,-2.186953382257074,1.076229331075284,-2.0320514588392062,0.04214844674495273,0.17291523621233587,Alx4,1.3752184253696185,DEG
H2ac13,10.626775727439563,-2.1873924611052127,0.7150927612924918,-3.058893306585314,0.002221562537732143,0.013595727205113782,H2ac13,2.653341456715391,DEG
Rassf6,85.448932016106,-2.187446636265986,0.3057730691842431,-7.153823723265647,8.439342737081919e-13,2.3312422270139097e-11,Rassf6,12.073691375266947,DEG
Mc5r,13.077331015325514,-2.1888489887759626,0.8327991807662978,-2.6283034845950493,0.008581192056029053,0.04457291673617949,Mc5r,2.066452377956015,DEG
Gm4948,20.745698510396295,-2.190841583113642,1.045382961905408,-2.095731098506158,0.03610605152118402,0.15244388946553042,Gm4948,1.4424200024710356,DEG
Galr2,98.11620968160216,-2.1930187743876393,0.29319879176934655,-7.479631007868688,7.453158017803913e-14,2.2927806557433935e-12,Galr2,13.127659670996666,DEG
Tnfaip8l3,13.631848752719428,-2.193047532191,0.6474200554981627,-3.3873642213686774,0.0007056763707761414,0.004879322632037322,Tnfaip8l3,3.1513944244580885,DEG
Rerg,272.7393758581902,-2.2050700917036905,0.23515298986226527,-9.377172252818273,6.776573863024452e-21,3.923316428396738e-19,Rerg,20.168989823605337,DEG
Bmpr1b,66.69823719933343,-2.2058149263477183,0.3738312284627584,-5.900563565591643,3.622620135485643e-09,6.245002555038118e-08,Bmpr1b,8.44097720328581,DEG
Tulp1,92.55814119872048,-2.2089056845586437,0.23419119923253057,-9.432061033025418,4.021087573739501e-21,2.384286261812638e-19,Tulp1,20.395656468459467,DEG
Fam167a,60.78250104044391,-2.2091241330994347,0.41098250915285656,-5.375226643228742,7.648641038839254e-08,1.0850455608874494e-06,Fam167a,7.116415720632087,DEG
2900026A02Rik,199.00078724802503,-2.210977527018449,0.302108056066245,-7.318499068868376,2.5075976156226496e-13,7.334629598065266e-12,2900026A02Rik,12.600742151786667,DEG
Unc80,21.065438385128942,-2.213155219262489,0.5296976331874897,-4.17814821248999,2.9389212530753785e-05,0.00027246451569902654,Unc80,4.531812050474854,DEG
Slc5a5,507.00658931703043,-2.2141759293347696,0.23255757254730214,-9.520979708731725,1.7155399199738413e-21,1.0554872802309278e-19,Slc5a5,20.765599171619673,DEG
Grin2c,12.537064628021582,-2.22035632791612,0.6821122060954447,-3.2551188911072444,0.0011334490615438095,0.007453516986656263,Grin2c,2.9455979927739286,DEG
Epha8,17.943317138853722,-2.2208268274922087,0.682172592558667,-3.2555204529141464,0.001131847439184857,0.007446933880375995,Epha8,2.94621210741037,DEG
Cntn3,17.45775633883278,-2.221133127135335,0.6188661350369047,-3.5890364674791635,0.0003319024151238982,0.002471668658861388,Cntn3,3.478989587389028,DEG
Ndrg2,213.72774520006615,-2.221625865473158,0.22317225037654004,-9.954758540655448,2.4040575186131172e-23,1.731494858314141e-21,Ndrg2,22.619055145771856,DEG
Bcl11a,417.22973430069663,-2.22176894718709,0.1843322856537056,-12.053064601829973,1.8687052338451654e-33,2.726850800896813e-31,Bcl11a,32.728459198038195,DEG
Oaz1-ps,36.218773165236435,-2.2235141157294724,0.31354399638809316,-7.091553789399587,1.3261451410054917e-12,3.57031380108975e-11,Oaz1-ps,11.877408941626376,DEG
Egfr,85.47782626590083,-2.2246991391567796,0.3132893863244541,-7.101099610354495,1.2376812636744264e-12,3.339017363780911e-11,Egfr,11.907391183466135,DEG
Trp73,375.6865478759427,-2.2251580240845783,0.1714475212393716,-12.978653806127982,1.6169762153369693e-38,3.205614514172831e-36,Trp73,37.791296368234526,DEG
Olfr1372-ps1,31.436844820415892,-2.2310610812820535,0.4584386251761574,-4.866651627411972,1.1350484765964974e-06,1.3303690012493972e-05,Olfr1372-ps1,5.9449855898640065,DEG
Plxna4,18.833816740515683,-2.238457793204914,0.9607357936097014,-2.3299410806737226,0.01980926539353157,0.09179236152665504,Plxna4,1.7031316295321792,DEG
H4c14,65.92533633099411,-2.2394479780796974,0.5615095994157431,-3.9882630330983972,6.655884240135886e-05,0.0005778348315200844,H4c14,4.176794239948611,DEG
Evpl,45.50837755451035,-2.2449188147983996,0.4214060612152704,-5.327210549189535,9.973253168868532e-08,1.3887197823256347e-06,Evpl,7.001163156348558,DEG
Rgs17,114.16637021837039,-2.2455581482256086,0.3020447284169394,-7.434521900100383,1.0494684092474271e-13,3.171577342788531e-12,Rgs17,12.979030629874352,DEG
Rsad2,17.448503690932267,-2.246253611147262,0.730361359202652,-3.075537311557029,0.0021012363621835638,0.012942072952266032,Rsad2,2.6775250922783,DEG
Prrx2,24.762908092995417,-2.2523163756155826,0.9908358710883907,-2.2731477950445114,0.023017275030969713,0.1045230329466282,Prrx2,1.6379460929157375,DEG
Tmie,16.19655756394243,-2.2559453857873257,0.5781018496655117,-3.9023320667328947,9.527033403157666e-05,0.0008018109823630957,Tmie,4.021042312080444,DEG
Pcsk2,36.66064778639516,-2.26032962706943,0.4768058473550701,-4.740566080738932,2.131219275150573e-06,2.383383196794457e-05,Pcsk2,5.6713718646505225,DEG
Fut1,63.602731556776774,-2.262564927473325,0.4398585230800988,-5.143846961586122,2.691688311151707e-07,3.4997297541450136e-06,Fut1,6.569975231440625,DEG
Gsx1,15.678634891475191,-2.2632604314416724,0.7405404984139962,-3.0562277637602016,0.0022414092012528713,0.013700098937523974,Gsx1,2.6494788495680077,DEG
Atcay,70.30942598180981,-2.263600582990885,0.4722008072183539,-4.793724509547814,1.6371305495077087e-06,1.8740823989450595e-05,Atcay,5.785916687313676,DEG
Drc7,16.39078886761633,-2.2760676804154807,1.0954648915702527,-2.077718508306494,0.0377352933330302,0.15816588032049486,Drc7,1.423252269697461,DEG
BC048644,14.041321391705536,-2.276358861820322,0.5595335769302733,-4.06831503179655,4.73543300530573e-05,0.0004224544358119678,BC048644,4.324640303204113,DEG
Tunar,57.18053136794081,-2.2767094120776776,0.2930755032808521,-7.768337464547229,7.952296268283786e-15,2.7309841244002053e-13,Tunar,14.099507448368794,DEG
Sox1,23.87936255555485,-2.277074460111697,0.7952500893102309,-2.8633438596489103,0.004191953638644245,0.023727001611781193,Sox1,2.3775835291236422,DEG
Slc26a5,23.917883529468998,-2.277603318005127,0.5585791317086134,-4.077494465355813,4.552361320743845e-05,0.00040750521191962005,Slc26a5,4.341763275308562,DEG
Wnt3,380.0808639571891,-2.278202832982864,0.21250930392058268,-10.720485131485141,8.15743349551827e-27,7.715752698785027e-25,Wnt3,26.08844645816493,DEG
A830018L16Rik,204.34193683739895,-2.279523969516026,0.24094000927196746,-9.46096074456008,3.0512662777928952e-21,1.8369839754939343e-19,A830018L16Rik,20.515519890708955,DEG
Tbxa2r,25.28385768604798,-2.279864188042417,0.4619898971491128,-4.934878883956554,8.020051275714763e-07,9.63904080605118e-06,Tbxa2r,6.095822855071349,DEG
Nfasc,520.6490320590459,-2.279960667746632,0.15621182360449593,-14.595314331129881,3.0082300736798685e-48,8.878350006177134e-46,Nfasc,47.52168895135549,DEG
Susd5,64.77288898710825,-2.2813349930037514,0.43739859221181154,-5.215688924529067,1.8313529460128115e-07,2.4576443483706285e-06,Susd5,6.737227948579679,DEG
Gm19938,11.051866079968308,-2.282757922315933,0.8009768312561223,-2.849967481251643,0.004372369918081154,0.024641584550529724,Gm19938,2.3592831023066703,DEG
Gpm6b,183.39924151435915,-2.284247285168159,0.28646899070065834,-7.973802957106273,1.538647874498529e-15,5.607850048067851e-14,Gpm6b,14.812860758764858,DEG
Ly6e,2321.497998298157,-2.2855274680634645,0.21848393888787535,-10.460848882976169,1.3067959458072501e-25,1.1224433536273957e-23,Ly6e,24.88379222154606,DEG
Gm11223,54.18800269799386,-2.2886541921331696,0.46353997483979625,-4.9373394234750725,7.919556670551725e-07,9.524091850158297e-06,Gm11223,6.101299129132973,DEG
Gm48308,14.12025990815911,-2.2976776440935223,0.6144059163529046,-3.739673696068014,0.00018425928837728132,0.0014511897766198683,Gm48308,3.734570610446796,DEG
2610528J11Rik,33.01737777487277,-2.2997112569816394,0.6196655438867436,-3.7112137017609585,0.00020626787183675329,0.001609348593362766,2610528J11Rik,3.685568412214039,DEG
Fam57b,98.66668224659855,-2.3016349912877865,0.30628932468531583,-7.51457790327007,5.709484267628533e-14,1.7871960602649346e-12,Fam57b,13.243403119396657,DEG
Rapgef5,1127.6754541377118,-2.306266471572629,0.14464159265774004,-15.944697712433658,3.101371988480091e-57,1.3232408115631414e-54,Rapgef5,56.50844613996865,DEG
Map1a,179.82058819577182,-2.3080667985162897,0.276164312137197,-8.357585310913215,6.401501157879312e-17,2.6284322693539395e-15,Map1a,16.193718171619757,DEG
Zfp36,182.39778340298977,-2.310841822606906,0.2786718494906482,-8.29234035239162,1.1104165279143372e-16,4.452214501554798e-15,Zfp36,15.95451408261637,DEG
Nell1,14.611933926824886,-2.3115413432318217,0.921513563719112,-2.5084181440615305,0.01212730625878163,0.06023448722965397,Nell1,1.9162356547694437,DEG
Fabp5,1239.7685299163002,-2.314483257937868,0.20675857811259782,-11.194134139757107,4.356373101640728e-29,4.871815195404658e-27,Fabp5,28.360874932165856,DEG
Sv2a,262.91019419544955,-2.315996530086168,0.19232302647274874,-12.042221737886043,2.1313695679208525e-33,3.098616653688786e-31,Sv2a,32.671341239449156,DEG
Prss44,17.164344282428342,-2.316552401272201,0.7812646025085546,-2.96513165172722,0.0030255342304819394,0.01786690163218107,Prss44,2.5191979291551783,DEG
Strip2,12.452668230707332,-2.3198788292090065,0.8013787224462549,-2.8948595267509005,0.0037932824188939645,0.021755948975576384,Strip2,2.4209848218368304,DEG
Sptb,393.66585244574935,-2.3207417892534687,0.21850318369223143,-10.621089130318149,2.3777057565967475e-26,2.1604649088817624e-24,Sptb,25.62384189075728,DEG
Esrp1,1525.2027376288547,-2.3270903245588443,0.12382624932689436,-18.793190758895204,8.585848421214035e-79,7.837681583207314e-76,Esrp1,78.06621678303704,DEG
Gm12715,48.59784550846279,-2.3345579335781967,0.808779334213155,-2.8865202593850166,0.0038952766831807525,0.022253135736413052,Gm12715,2.409461688771659,DEG
Gm38372,34.301006368092835,-2.3359277028415493,0.6696884386074919,-3.4880812750758112,0.00048650017105413186,0.0035033188799097116,Gm38372,3.312917002697063,DEG
H1f5,156.0199015396204,-2.3364814633486155,0.370141761919191,-6.312396232281171,2.747476818756348e-10,5.527765636424547e-09,H1f5,9.561065963155126,DEG
Rims4,72.2855655014378,-2.3405062889393866,0.4027103368725579,-5.811885304747132,6.177315998409489e-09,1.0270147602099435e-07,Rims4,8.20920018191383,DEG
Gm6166,476.3845988735317,-2.3409709843945343,0.21636419394796763,-10.819585910585108,2.780306906715765e-27,2.728384675232848e-25,Gm6166,26.555907261442968,DEG
C1ql1,11.5202107334424,-2.343777447673572,0.6436722329591268,-3.64125921184859,0.0002713078016853001,0.0020610886664511486,C1ql1,3.5665377175537034,DEG
Kcnh6,69.49086435646528,-2.3439870481717944,0.2650680789615179,-8.84296237161054,9.32136275317015e-19,4.5736431518773483e-17,Kcnh6,18.030520590551856,DEG
Gm19554,11.382232948057686,-2.3443985598597883,0.7893473928794283,-2.9700466246018142,0.0029775455398093212,0.01762328031877794,Gm19554,2.5261415875154953,DEG
Rbbp8nl,37.259797693502705,-2.3447944209012355,0.6206379004239447,-3.7780393677207846,0.00015806789608686288,0.001262645324602692,Rbbp8nl,3.8011563272095215,DEG
Trerf1,120.86931208437957,-2.3450440310555063,0.22255274655458657,-10.53702579437871,5.831400016599273e-26,5.1438189854285676e-24,Trerf1,25.234227166254637,DEG
Alox15,966.9014203700881,-2.3459241776846103,0.23009294383954026,-10.19555027867602,2.0756570597851e-24,1.619796552042635e-22,Alox15,23.682844399063452,DEG
Snora78,11.996552762719212,-2.3475015740701,0.6923043936293645,-3.3908517635768036,0.0006967577617291856,0.004821902754082461,Snora78,3.1569181846421,DEG
Cpne9,32.72953167442734,-2.352679281934057,0.4647413235300781,-5.062341485073022,4.141383663463129e-07,5.217000415337554e-06,Cpne9,6.382854533997352,DEG
Gm26981,26.09909167050182,-2.3549317466586794,0.714271147049557,-3.29697168419333,0.0009773335389018554,0.006532142585137839,Gm26981,3.0099571974027564,DEG
Piezo2,234.67034927923652,-2.355183674595045,0.23243498274722368,-10.132655793712173,3.9575190574885035e-24,3.0281578082572365e-22,Piezo2,23.402576985109405,DEG
Mxd3,75.89958763857355,-2.355432835733455,0.26088417042956985,-9.028653719599076,1.7379668742247992e-19,9.071863525790697e-18,Mxd3,18.75995850549292,DEG
Fbln5,13.773161052987248,-2.3555779229307556,0.6991747637223527,-3.3690831608249705,0.000754186704338321,0.005189148239332535,Fbln5,3.122521128100377,DEG
Ptger4,121.62997554752667,-2.362140504520573,0.27232335237094657,-8.674028444328828,4.1709606437250586e-18,1.9238862297078697e-16,Ptger4,17.379763908042847,DEG
Rsph1,73.99685519414369,-2.3628000677517584,0.3303152647306524,-7.15316644442226,8.479867891203849e-13,2.340789411627459e-11,Rsph1,12.071610913612165,DEG
Gm6556,10.691976457515928,-2.363013642914157,0.6947913688411311,-3.4010405841044298,0.000671298607613789,0.004670415498877005,Gm6556,3.1730842536139403,DEG
Cyp2d22,12.77700998736296,-2.3674264278333537,0.6819602080438111,-3.4715022957487034,0.0005175549062839806,0.003703168562953899,Cyp2d22,3.2860435700618633,DEG
Arrb1,648.3012191031344,-2.37384412823765,0.1613592316500915,-14.711548288636783,5.434951791951202e-49,1.6931600213449248e-46,Arrb1,48.264804303754765,DEG
Stx1b,25.832985747626395,-2.376376492148644,0.47154638546172156,-5.039539195750128,4.6665405465983644e-07,5.842925552651534e-06,Stx1b,6.3310049563249695,DEG
Gm45779,10.19284064424997,-2.3775234291143548,0.9283609849216892,-2.5609902481144315,0.010437428591070056,0.05283729487816261,Gm45779,1.9814064827763962,DEG
Rnu3b3,20.02717307434586,-2.3780164095931013,0.6257025673068616,-3.800554023341345,0.00014437293732606494,0.0011641476805382142,Rnu3b3,3.8405142075382024,DEG
Ccn3,31.587039379140606,-2.3815963019644224,0.6344173909709316,-3.7539896223833886,0.0001740420720727823,0.001377353519167928,Ccn3,3.7593457548184235,DEG
Pcbd1,184.00985758366505,-2.3818454957547393,0.21831650940947198,-10.910056697944801,1.03191969007149e-27,1.0386139383173384e-25,Pcbd1,26.986354100689397,DEG
Gngt2,55.171409873875405,-2.3836783716034002,0.359876519562166,-6.623600713109702,3.50552887378207e-11,7.908191085205033e-10,Gngt2,10.455246451409721,DEG
Gm29243,10.465289733114666,-2.3844293659931233,0.6319613877382009,-3.7730617918398957,0.00016125632891986205,0.0012868051797298933,Gm29243,3.7924832313529517,DEG
Oasl2,41.74539838957949,-2.3897808070369404,0.8192282970403116,-2.9171121354946883,0.0035328873575991293,0.02046582459383687,Oasl2,2.4518702093675886,DEG
Cbln2,46.03237715308683,-2.390486702329785,0.41512939277180894,-5.7584135066143185,8.49081540248288e-09,1.3795114941790583e-07,Cbln2,8.071050600946343,DEG
Plk5,77.68054977452016,-2.390993871812567,0.3555169163334285,-6.7254011327273275,1.7510935825272394e-11,4.0938461223908114e-10,Plk5,10.756690643585799,DEG
Gm20544,10.785610775239064,-2.395416389452229,0.6870025560364607,-3.486764886687116,0.000488900958479138,0.0035173807410523467,Gm20544,3.3107791113109393,DEG
Gm28661,10.381963588449072,-2.396314612588157,0.747598119828604,-3.205351309788662,0.0013489772356172455,0.008720586862596136,Gm28661,2.869995379111811,DEG
Dtx3l,322.8163526313949,-2.403200460976981,0.20327623633483038,-11.822338431229625,2.9923730907115713e-32,4.0643467449723634e-30,Dtx3l,31.523984259358446,DEG
Tgfbi,90.59703603757781,-2.4037696161525637,0.6376983356196658,-3.7694462755916818,0.00016361012007870407,0.0013042623971261922,Tgfbi,3.78618983661576,DEG
Trim65,23.893341445892702,-2.404172929053502,0.49387978113587144,-4.867931470132585,1.1277241996516464e-06,1.3221791519989867e-05,Trim65,5.947797100011316,DEG
Hs3st6,23.71675677538492,-2.411693484022517,0.5242630200151434,-4.600159446593916,4.221676742027146e-06,4.5276906326445776e-05,Hs3st6,5.374515024114239,DEG
Eml6,31.8823597923212,-2.4122275605312624,0.5382661256900928,-4.481477554320602,7.412803026298459e-06,7.667319030073608e-05,Eml6,5.130017539838895,DEG
Pck2,763.3020463714881,-2.4173070759877993,0.13016473138006393,-18.571137130299757,5.50252054017092e-77,4.595541250283598e-74,Pck2,76.25943832760855,DEG
Cdhr1,112.97048284772492,-2.421851338036015,0.321784369051171,-7.5263175311380195,5.2191329331010324e-14,1.638670239610709e-12,Cdhr1,13.282401641374658,DEG
Lmo7,200.60795033483984,-2.421884093079861,0.2452203532101855,-9.876358391034508,5.271383251465929e-23,3.706860445189246e-21,Lmo7,22.278075407623763,DEG
Gm15541,10.97710304137673,-2.4267643203211473,0.7194124403932944,-3.3732587651590555,0.0007428410621294494,0.005115568458204786,Gm15541,3.129104097711813,DEG
Deptor,645.5789114344551,-2.4271997441975484,0.16012389548455158,-15.158260650932764,6.6815440338856214e-52,2.4511275510477787e-49,Deptor,51.175123165082816,DEG
Snhg14,1770.6282443530895,-2.430351763091306,0.14636324038606946,-16.604932745958948,6.419205476180774e-62,3.3965439720476516e-59,Snhg14,61.19251872250185,DEG
Crhbp,16.905027122320842,-2.4304342767759946,0.6292570514563447,-3.862387034282775,0.00011228449097728316,0.0009316218821245606,Crhbp,3.9496802254671737,DEG
Gm48582,21.2903825604743,-2.4342500500356024,0.5030861162536353,-4.838634920325159,1.3073393479923894e-06,1.5173563402349278e-05,Gm48582,5.883611667330353,DEG
Gm13436,83.81808368011002,-2.434798055183382,0.29703293345444454,-8.197064301480236,2.4632869663347233e-16,9.621035153187751e-15,Gm13436,15.608484991069556,DEG
Jakmip2,160.9989224313481,-2.4386541293223623,0.26179002349336394,-9.315305819452586,1.2160171599743208e-20,6.897734332438152e-19,Jakmip2,19.915060296420542,DEG
Adm2,29.63504836043144,-2.438822145896076,0.4428207165989794,-5.507470753913903,3.640258632174531e-08,5.390081934694337e-07,Adm2,7.438867759610281,DEG
Dgkb,55.07419144806654,-2.438930249972855,0.3614593194212604,-6.747454330069214,1.5046157375388864e-11,3.549319804423913e-10,Dgkb,10.822574399986888,DEG
Lpar3,89.3212922990318,-2.4429224128111,0.9174912288438934,-2.6626111901792915,0.007753694802509663,0.040771035778019,Lpar3,2.1104912974988514,DEG
Rfx4,159.6225993270053,-2.4465130649689177,0.44526764139065395,-5.494477562591345,3.918687423566311e-08,5.78271569312964e-07,Rfx4,7.406859376898085,DEG
Slit1,89.6277788156826,-2.4477160674679466,0.4529013433357226,-5.404523752214896,6.498081275423423e-08,9.30070310510921e-07,Slit1,7.187214860973929,DEG
Dmkn,14.796590829131587,-2.4496506293386453,0.7093107555749408,-3.45356475999444,0.0005532294550922157,0.00393404271752441,Dmkn,3.2570947052014367,DEG
Igsf21,48.96259705927572,-2.4508607219960217,0.5273910855891423,-4.647140971786041,3.365671696514144e-06,3.663691378349132e-05,Igsf21,5.47292824942557,DEG
Spn,13.13208188809002,-2.4551202429241927,1.1510146914531234,-2.1330051311722817,0.03292430527791379,0.14135160834233293,Spn,1.4824833801369195,DEG
Slc16a3,3843.364595665649,-2.4587233634795096,0.11676887228382646,-21.056325332175575,2.0010771842925155e-98,3.141931308601364e-95,Slc16a3,97.6987361597067,DEG
Fndc1,16.207487233092923,-2.4611242859573808,0.6457326573017831,-3.811367224698339,0.0001382002812731727,0.001119895879606905,Fndc1,3.8594910730597762,DEG
Cbln4,25.968827242370878,-2.4657033535151553,0.8970200363270959,-2.7487717705962624,0.005981902193380557,0.03253726371862519,Cbln4,2.2231606921442815,DEG
Fut9,362.91227990301553,-2.470629354891743,0.21056825669530446,-11.733151965382808,8.618829333702219e-32,1.1277163594527107e-29,Fut9,31.06455171891308,DEG
Gm13340,13.967161328967718,-2.470975552526189,0.635746904960344,-3.886728402838738,0.00010160432499748691,0.0008509226731654264,Gm13340,3.9930878050189804,DEG
Fam78a,17.328388723030127,-2.4779508061287077,0.677150400939793,-3.65938025391353,0.0002528259496376005,0.0019337835154179138,Fam78a,3.5971783528341086,DEG
Nmnat2,195.62884771063665,-2.4866950714984823,0.25386831421996375,-9.795216386649535,1.1804439285141992e-22,7.97520921273113e-21,Nmnat2,21.927954637230084,DEG
Spaca6,108.27638271994515,-2.488769849261642,0.3656176105785091,-6.807029468092944,9.963452929501771e-12,2.4162792064005505e-10,Spaca6,11.00159012660133,DEG
n-R5-8s1,28.24279071025973,-2.4889481713169563,0.7307059215451802,-3.4062241702567926,0.0006586807103835979,0.004591581233295572,n-R5-8s1,3.1813250547862486,DEG
Fxyd5,21.59635403479962,-2.4915932219287376,0.5892830998539239,-4.228176953566755,2.3559247460389503e-05,0.00022198059062954133,Fxyd5,4.627838586084425,DEG
Dipk1c,39.95056488671032,-2.4985929763773775,0.4564936423543738,-5.473445289381997,4.4136919037848824e-08,6.462165173415442e-07,Dipk1c,7.355197985890291,DEG
Kirrel2,75.87738983391495,-2.4988210942356797,0.40156191378007217,-6.222754221667139,4.885023261329295e-10,9.516219259402422e-09,Kirrel2,9.311133363932331,DEG
Srgap3,263.876453942249,-2.5014394186064965,0.21087711176916593,-11.862071694839345,1.8630748980952502e-32,2.5660097885941353e-30,Srgap3,31.729769685535516,DEG
Csrnp1,376.05213672102104,-2.501942773802325,0.19422704860644852,-12.88153628319747,5.718579282708684e-38,1.0689113932579238e-35,Csrnp1,37.242711853430436,DEG
Mei1,20.082134983616772,-2.5066851165863717,0.5517747187396731,-4.542950286508186,5.547233714080989e-06,5.856524071512132e-05,Mei1,5.25592353619481,DEG
Bhlha15,15.749853024095904,-2.5103164918579193,0.6540905486089894,-3.837873054726813,0.0001241046076998831,0.0010199912407963803,Bhlha15,3.906212093912349,DEG
Pgk1-rs7,11.292888294658013,-2.520093113380476,0.7003034150226548,-3.5985732174374023,0.00031996777377008966,0.0023886829638260425,Pgk1-rs7,3.4948937603632215,DEG
Ppp1r14a,63.21592500622793,-2.5205310366573923,0.4370155481762364,-5.767600368399092,8.04081986116523e-09,1.3123754761343817e-07,Ppp1r14a,8.094699667292973,DEG
Rbp1,1223.850063830035,-2.522653381484379,0.17871952050432524,-14.115153030658044,3.063502068383895e-45,8.350808797935628e-43,Rbp1,44.513781822109436,DEG
Kcnq3,70.59411182002135,-2.525195367054042,0.3324980609926921,-7.594616821267847,3.0870454420852426e-14,9.899983230242812e-13,Kcnq3,13.51045697754686,DEG
Nfatc2,71.96042741328996,-2.5263541251901573,0.2879263487629576,-8.77430681854699,1.7195979624799724e-18,8.191672187042034e-17,Nfatc2,17.764573078142277,DEG
E230020D15Rik,21.15872277246509,-2.5338436286831594,0.8994628136503652,-2.8170632406690053,0.004846498172461625,0.02708422448229444,E230020D15Rik,2.3145719466922747,DEG
H2ac15,11.543386332816082,-2.5363045607287567,0.8123903969301695,-3.122026762395087,0.0017961061044391262,0.011237257398397994,H2ac15,2.745668011092271,DEG
Ryr2,15.567818906630556,-2.541228206476763,1.0628079584827532,-2.391051164224041,0.016800211479197597,0.0795870988647047,Ryr2,1.774685251388989,DEG
Cxxc4,139.75629140965842,-2.5420771248040763,0.32409233268790105,-7.843681779575085,4.375250055968683e-15,1.5334079504190956e-13,Cxxc4,14.358997120967613,DEG
1700028B04Rik,11.285904892132722,-2.5445260386928337,0.7140922798835243,-3.5633014252833988,0.00036621975023255033,0.002701601927434373,1700028B04Rik,3.4362582378996454,DEG
Gm45184,19.482891319678153,-2.5490446517100085,0.6983316435694842,-3.6501921045432018,0.00026204425230438996,0.001996123236115703,Gm45184,3.5816253617002265,DEG
Thbs2,108.6985025753994,-2.553266735150876,0.28884250524572697,-8.839650289623181,9.601866998885224e-19,4.7032194597129897e-17,Thbs2,18.017644313993834,DEG
Tmem221,19.597880573497054,-2.553553962818379,0.4457089945757251,-5.7291954927881426,1.009080513060357e-08,1.6213441415946868e-07,Tmem221,7.996074180658194,DEG
Wfdc2,132.83677726214822,-2.555576865197042,0.30459288391357814,-8.390139757572712,4.855645943160589e-17,2.0169171450463765e-15,Wfdc2,16.31375298802372,DEG
Wipf3,122.8875670391037,-2.5564606091467073,0.22431006607286935,-11.396994588357954,4.328032409005156e-30,5.101749433954336e-28,Wipf3,29.363709495822143,DEG
Hlf,46.178190859164275,-2.5624433600163328,0.4567334759440367,-5.61036905543203,2.018955901040411e-08,3.110285556653817e-07,Hlf,7.694873167011768,DEG
Gm32585,96.05375037420714,-2.5633843027612637,0.41611468398697316,-6.16028321375343,7.261495928742488e-10,1.3829961168895142e-08,Gm32585,9.138973901796533,DEG
Sfrp4,74.38436125648451,-2.5683374020758456,0.30572170389626024,-8.400899803133875,4.430703384529017e-17,1.8501957441799735e-15,Sfrp4,16.3535273230386,DEG
Vtn,312.75464904240187,-2.57123406624243,0.9273879880738777,-2.7725548522390393,0.0055618145011566665,0.030568174826925597,Vtn,2.254783499914055,DEG
Topaz1,12.322810899501595,-2.5776095633360727,0.8809056668855004,-2.9260903411478547,0.0034325124366407474,0.019949128024201845,Topaz1,2.4643878805574375,DEG
H2ac8,304.96233051150415,-2.57885925798927,0.3678606317338565,-7.010424697620398,2.3759579348678975e-12,6.196908758629208e-11,H2ac8,11.624161252586665,DEG
Tmem100,165.90913445424917,-2.579341507528793,0.24329304854080783,-10.601788760504421,2.9233453267785105e-26,2.637932738207744e-24,Tmem100,25.534119879594314,DEG
Gm48706,11.602441743746532,-2.582181602346491,0.9859040538388858,-2.619100299153923,0.008816202169622067,0.045616091641889914,Gm48706,2.054718459310739,DEG
C1qtnf12,60.48003944084187,-2.586268201429251,0.2796056791704139,-9.24969839347567,2.2512701743005603e-20,1.2552430135201689e-18,C1qtnf12,19.647572382313154,DEG
Prr18,20.033047313957415,-2.5873162233893403,0.6840325232559374,-3.7824462074901524,0.00015529466044344006,0.0012432758120306654,Prr18,3.8088434765303973,DEG
Platr8,11.145674055416096,-2.58784357478544,0.6861839404882784,-3.771355495355908,0.00016236317182005458,0.0012945849245282557,Platr8,3.789512473180743,DEG
Shisa6,28.25876727351103,-2.5892133849117207,0.485791424027984,-5.3298869779194975,9.827390588658625e-08,1.3708406637406432e-06,Shisa6,7.007561782614088,DEG
Derl3,72.68550549864153,-2.5948639239467486,0.32386370778032986,-8.012209647481686,1.126655943116708e-15,4.1525470173859285e-14,Derl3,14.94820868805213,DEG
Tnfrsf13c,15.998898421384418,-2.6057577232343765,0.7556976259995226,-3.448148616039218,0.0005644433702690272,0.004004354891229012,Tnfrsf13c,3.2483796236475517,DEG
Gm15706,64.39989055392832,-2.6107457056639225,0.276943514597967,-9.426997088030339,4.21997246193592e-21,2.490926000727378e-19,Gm15706,20.374690383082946,DEG
Efnb2,593.7674232172649,-2.6111030540292637,0.2619652220766333,-9.967365260665906,2.117720631450758e-23,1.530881914297175e-21,Efnb2,22.6741313323408,DEG
Ccn2,823.864321402774,-2.6179078458224767,0.18634639330680283,-14.048610221891032,7.856063173801769e-45,2.069624481619066e-42,Ccn2,44.10479503286836,DEG
Asb4,163.41445936543514,-2.6218482059426034,0.35115574158875473,-7.466340131818493,8.245604297792937e-14,2.5227178916700404e-12,Asb4,13.08377751059802,DEG
Chmp4c,401.1232135632984,-2.6270450335385194,0.13088545610894803,-20.071328867523583,1.314427557568914e-89,1.719840830575086e-86,Chmp4c,88.88126334429708,DEG
Samd4,54.17149228322203,-2.6289949077674986,0.46061705287317006,-5.707550103429164,1.1461388807410391e-08,1.826609398527325e-07,Samd4,7.94076275454572,DEG
Sobp,18.406816711007536,-2.6300480323074336,0.720231899798215,-3.6516683488252677,0.00026054221783651115,0.0019862679175679577,Sobp,3.5841218942920197,DEG
Brinp1,39.89220697631157,-2.6326898448358054,0.45916944994648484,-5.733591041700704,9.832624837892893e-09,1.58180337197463e-07,Brinp1,8.007330530952913,DEG
Dtx1,724.290577382618,-2.638293065216113,0.13122164329156083,-20.10562433937899,6.588618554649051e-90,8.918036004332386e-87,Dtx1,89.18120563502438,DEG
Pbx1,1805.146568416262,-2.646862513485671,0.1223502667918835,-21.63348379115475,8.696147711191852e-104,1.5515903913973353e-100,Pbx1,103.06067309201161,DEG
Gm37960,10.463839295077987,-2.658734998281417,1.0407312000522084,-2.554679823328099,0.010628551377321079,0.05371475823535269,Gm37960,1.9735259237840928,DEG
Adcyap1r1,27.411955928844794,-2.678721875196886,0.6948735441059339,-3.8549774961478644,0.0001157402751338361,0.0009580668536120768,Adcyap1r1,3.936515489581209,DEG
Grrp1,155.16775103731726,-2.6832520356881653,0.2716882932172543,-9.876215143147574,5.278921327951464e-23,3.706860445189246e-21,Grrp1,22.27745481026484,DEG
Trim54,22.90418140069156,-2.6934974726952468,0.5975062968658506,-4.507898053666836,6.547301971570273e-06,6.824249715614655e-05,Trim54,5.183937628291029,DEG
Gas1,968.3482975473977,-2.6951781773363046,0.2491685056835773,-10.816688770285241,2.8695820524588777e-27,2.8089701821737737e-25,Gas1,26.54218135257911,DEG
Lama3,48.70903771718553,-2.6982243767255247,0.4062279142785667,-6.642144180360891,3.0915231891239e-11,7.038953581361975e-10,Lama3,10.509827491564984,DEG
Shisa3,53.266878247091086,-2.6994332099052007,0.47662103270243206,-5.663688810792647,1.4815298332212615e-08,2.324320165604883e-07,Shisa3,7.829289598809026,DEG
Slc6a15,409.50027988589665,-2.703792688576878,0.2292732806312495,-11.79288175723149,4.247539281609972e-32,5.7492641179667665e-30,Slc6a15,31.37186259604748,DEG
Gm15387,10.171553725474137,-2.7074186170226846,0.9928638438123114,-2.726878044654115,0.006393666514731035,0.03445032144169352,Gm15387,2.1942500197047963,DEG
Myrf,374.100875197162,-2.710185617118917,0.21724368408106262,-12.475325248616361,1.0178971691796082e-35,1.6930304060087777e-33,Myrf,34.99229609342713,DEG
Prlr,53.7864480555055,-2.710575548831929,0.4891105708943226,-5.541846179843816,2.992991695366043e-08,4.4875440419481777e-07,Prlr,7.523894488192119,DEG
Stc2,503.94045094586966,-2.714094826224536,0.17217700205656378,-15.763399256614415,5.556232992493043e-56,2.295776985835047e-53,Stc2,55.25521955104953,DEG
CT010467.2,3474.1444870702057,-2.7145562973371726,0.5680601514286567,-4.778642350656234,1.7648279536730006e-06,2.0085471633959492e-05,CT010467.2,5.753297625920551,DEG
Prom2,58.168848259925774,-2.716062067921478,0.4057270060029358,-6.694309295994521,2.1669266654388345e-11,5.027090567285494e-10,Prom2,10.66415578611173,DEG
Pkib,14.996673006700918,-2.7241897643017206,0.7339721890416137,-3.711570826489815,0.00020597701452001842,0.0016085748525683423,Pkib,3.686181240912804,DEG
Slc7a3,5357.88152139585,-2.725182030043391,0.12765034511340353,-21.348802681437025,4.0005715599965655e-101,6.54310147685605e-98,Slc7a3,100.39787795676709,DEG
Rab25,235.41510553772972,-2.7301883235917326,0.2764727178328894,-9.875073189832646,5.339396772649327e-23,3.742631098514357e-21,Rab25,22.2725078053512,DEG
Irs4,109.83978756782606,-2.7333173710801324,0.4343064109728802,-6.293522964483275,3.103405703212939e-10,6.212033863754079e-09,Irs4,9.50816144608862,DEG
Sned1,150.21579463475732,-2.7345593565636976,0.29108993853999093,-9.394207749946036,5.7650034136053366e-21,3.3574729821105383e-19,Sned1,20.23920043121238,DEG
Susd1,108.21142311334943,-2.7515975168769327,0.30304782345307135,-9.079746838383192,1.088276822662866e-19,5.772720286484524e-18,Susd1,18.963260620020858,DEG
Bmp8b,21.694586982778723,-2.760684784991317,0.8992914524582213,-3.069844350732969,0.002141703544088576,0.013158285994069319,Bmp8b,2.6692406446511368,DEG
Cend1,145.131663738667,-2.7727418187647572,0.3203874980425462,-8.65433837370442,4.9577919878549556e-18,2.2681609428819416e-16,Cend1,17.304711698710168,DEG
Dlgap2,10.655566144636524,-2.775107627361623,0.9557575465885947,-2.903568627071659,0.003689361034822258,0.02125308023185766,Dlgap2,2.433048843347618,DEG
Trim12a,13.533760752466879,-2.7757091041086492,1.2564012712487835,-2.2092536577504176,0.027157002583070945,0.12020679097804282,Trim12a,1.566118166404411,DEG
Tgm3,44.06640671124538,-2.7764643266728553,0.6269611261078699,-4.4284473327859235,9.491388870300055e-06,9.589845233613594e-05,Tgm3,5.022670232823096,DEG
Rnu3b2,10.876408577270775,-2.783009073556809,0.8357402468384452,-3.32999288245931,0.0008684820406688544,0.005873626041070734,Rnu3b2,3.0612391578951312,DEG
H1f1,32.101007846437426,-2.8063587529075678,0.5247219473435072,-5.34827782050137,8.87950917267093e-08,1.2461472061310406e-06,H1f1,7.051611039794815,DEG
Pou6f2,14.93104449453594,-2.8108487838630904,0.5270096044660948,-5.333581703336731,9.629420551481085e-08,1.3446590000259234e-06,Pou6f2,7.016399845675641,DEG
Igfbp2,5817.378941261885,-2.8149999793883973,0.09005030672098001,-31.26030417764869,1.6172709546617582e-214,3.1741368391668996e-210,Igfbp2,213.7912172130828,DEG
Myo10,3793.023348212928,-2.8159193852069038,0.11107457824206877,-25.351609970285644,8.626472323173735e-142,4.8373559728791227e-138,Myo10,141.06416676671728,DEG
Loxl3,61.391398880883806,-2.8288539904562615,0.3429056954092209,-8.249655891776106,1.5885126479281727e-16,6.304740846220886e-15,Loxl3,15.799009322918328,DEG
Flt1,303.0080032366586,-2.8304841576017155,0.40078568489416516,-7.062338462385843,1.6372359644550901e-12,4.365925496790466e-11,Flt1,11.785888723962731,DEG
Ndrg1,363.61392880291965,-2.8308750766579,0.26887674406786866,-10.528523344299881,6.382786783044754e-26,5.605000662077309e-24,Ndrg1,25.19498966293252,DEG
Plcxd3,27.282243824572898,-2.84151206235523,0.5761654582212399,-4.9317639955849755,8.149033788430864e-07,9.776100956518237e-06,Plcxd3,6.088893881472114,DEG
Pla2g10,158.72524469010787,-2.8417275135608815,0.2803628772221358,-10.135890820200624,3.828677345331091e-24,2.9352943718023697e-22,Pla2g10,23.416951231470694,DEG
Gm18363,242.86777455504523,-2.8424305813326898,0.18885316339296646,-15.051008573354677,3.4001078985280365e-51,1.1605603073123566e-48,Gm18363,50.46850730090133,DEG
Olfr985,17.244253669557107,-2.843851476582355,0.731451472409139,-3.8879564589783753,0.00010109175511925623,0.0008473257991805658,Olfr985,3.995284263323196,DEG
H1f4,186.47172697683445,-2.84625675992618,0.5875501257243904,-4.8442790415831,1.2707224195543876e-06,1.4796697459142207e-05,H1f4,5.895949307684929,DEG
Tmem54,261.12746075830034,-2.854321808381678,0.2871642418965521,-9.939683957621428,2.797131485912518e-23,1.9890543879805083e-21,Tmem54,22.553287118088935,DEG
Gm28437,11.587687642618992,-2.854556940344068,0.7178692421962738,-3.9764302083910694,6.995751768240607e-05,0.0006041897561248592,Gm28437,4.1551656090841504,DEG
Rps3a2,91.4070039626469,-2.85755742832982,0.6019183124840577,-4.747417330662298,2.06030556982062e-06,2.3126443961157793e-05,Rps3a2,5.686068363395242,DEG
Rassf4,31.96328181228009,-2.8583260769483516,0.7259428266476954,-3.937398335000719,8.236981126121432e-05,0.0007021199134498254,Rassf4,4.084231929139626,DEG
Cbr3,616.5419818980666,-2.8641099564761734,0.18702901842950145,-15.313719659795833,6.191917734596054e-53,2.3370321811163356e-50,Cbr3,52.20817482229421,DEG
Gm43890,21.433065819764444,-2.867274546447354,0.6879155443949968,-4.168061864293305,3.072005678887944e-05,0.0002837972203186361,Gm43890,4.51257798580608,DEG
Ebf1,111.78926798681934,-2.8687248362466122,0.329728638294757,-8.70025985938822,3.311250495565293e-18,1.540006110218299e-16,Ebf1,17.48000796369773,DEG
Gm17055,24.76774740496829,-2.874471758519024,0.4708205282802,-6.105238803029285,1.0264709169263193e-09,1.9168440961992773e-08,Gm17055,8.988653351015598,DEG
Irgm1,36.35141566625315,-2.876478574434146,0.6018161717535072,-4.77966314207372,1.7558914190054624e-06,2.000116246959414e-05,Irgm1,5.755502343546522,DEG
Gm37736,11.481025132481776,-2.8856890597989806,1.0729993275754997,-2.6893670719434204,0.007158765193064987,0.03805050915685578,Gm37736,2.1451618821733884,DEG
Myo3a,14.789780763152319,-2.885928803864517,0.7068851042593856,-4.082599543370134,4.453472612586183e-05,0.0003994793429201221,Myo3a,4.351301214110431,DEG
Gm44891,12.390458425737249,-2.888116779851445,0.812072172710197,-3.556477954678202,0.0003758600046267336,0.002768036165405849,Gm44891,3.4249738852306932,DEG
Pde4b,118.88446571215181,-2.891021425562401,0.31736406755243113,-9.109479368154307,8.277824520440852e-20,4.420808787766867e-18,Pde4b,19.082083784339222,DEG
Zic5,739.4104335129604,-2.896063710560246,0.1489453729532833,-19.44379777053293,3.288937758109235e-84,3.397386153133205e-81,Zic5,83.48294434529676,DEG
Tbx20,33.870576429175806,-2.8974293034665926,0.7845219756739654,-3.6932417361253336,0.00022141336427669638,0.0017152434947608373,Tbx20,3.654796169110152,DEG
Thsd7a,104.9650321435471,-2.9004807168755984,0.3333844976859376,-8.700106744639264,3.315721343138637e-18,1.5402604719789458e-16,Thsd7a,17.479421975173146,DEG
Fam131b,43.75257229207487,-2.9057318496297215,0.44722748540416174,-6.4972121447406055,8.182204534859827e-11,1.767617361622745e-09,Fam131b,10.08712966841492,DEG
Foxr2,145.48051517341324,-2.9080047330644567,0.26388577041942285,-11.019937636055339,3.0627119511388623e-28,3.266865005925374e-26,Foxr2,27.513893846782548,DEG
Dnah7a,26.918547751520666,-2.9089140786574785,0.5586815225623895,-5.2067483193569055,1.9217846515599447e-07,2.571967709774378e-06,Dnah7a,6.716295279455729,DEG
Pde4c,14.941033444850849,-2.9201552798243835,0.7541967979187048,-3.871874407161231,0.00010800160104380908,0.0008989369901977603,Pde4c,3.9665698063710346,DEG
Necab3,142.55994220453496,-2.9215049055837907,0.22651049354719502,-12.897878856879869,4.626572652550003e-38,8.773278083601222e-36,Necab3,37.33474061357783,DEG
Ksr2,33.895564221486886,-2.92340928579728,0.5208385437749804,-5.61288967711324,1.989754667269412e-08,3.066503335466283e-07,Ksr2,7.701200467921624,DEG
Ephx3,10.825835175458058,-2.9321883268216267,0.8813820198802539,-3.3268075144305747,0.000878470317412205,0.005932999891497124,Ephx3,3.0562729082744027,DEG
Car2,5675.9868088060975,-2.9353715159824008,0.1409009029513674,-20.83287938186995,2.17955875468119e-96,3.1686748073148423e-93,Car2,95.66163141914922,DEG
Pdzd4,479.5402310246364,-2.9369017925969594,0.24722298654159378,-11.879566029362092,1.511500252024931e-32,2.0891168800258668e-30,Pdzd4,31.82059177607265,DEG
Rnf152,41.98674887904575,-2.9413321973798037,0.5004285781564869,-5.877626350228208,4.161910269401318e-09,7.115307657003916e-08,Rnf152,8.380707287393001,DEG
Gm16104,13.098314991020747,-2.948647946530036,0.6926778280520322,-4.256882243253412,2.0729746995152906e-05,0.00019750115504872255,Gm16104,4.683405998402016,DEG
Rtn4rl1,158.01467089989598,-2.950009074922484,0.2902115020323333,-10.165031552036194,2.8403005035326537e-24,2.194691253251324e-22,Rtn4rl1,23.54663570920579,DEG
Hcrtr2,33.46970430974583,-2.951150595497204,0.432953516965507,-6.81632202962869,9.340080529229459e-12,2.2823181237065003e-10,Hcrtr2,11.029649379310676,DEG
Cldn7,1126.7125521198702,-2.9563522021894966,0.17408445986687068,-16.98228666964493,1.1107279596975497e-64,6.812406969063737e-62,Cldn7,63.95439229575687,DEG
Gm13841,74.82753106243185,-2.95706164010878,0.4685433958526886,-6.311179852887071,2.7691615104787496e-10,5.568539793587211e-09,Gm13841,9.557651713425926,DEG
Gm44913,29.365972362259328,-2.9590166139729877,0.7022764872146315,-4.21346388188082,2.514838178822093e-05,0.00023599077942458433,Gm44913,4.5994899550635795,DEG
Podxl,2003.5065225333567,-2.969566804884729,0.13302431218033126,-22.323489264572228,2.1855035260208835e-110,5.719171327126517e-107,Podxl,109.66044848849705,DEG
Gjd2,13.805795906266031,-2.9801074448046063,0.8531169094045895,-3.493199363360989,0.00047727004964526356,0.003441903593372319,Gjd2,3.321235818267132,DEG
Slc38a3,112.8551994573678,-2.9858434421384024,0.3062812906932192,-9.74869681194179,1.8685140991223635e-22,1.2472751828322687e-20,Slc38a3,21.72850362077504,DEG
Ccdc85a,218.13555868020654,-3.0006760217129815,0.25209527225704315,-11.902944449721417,1.1424382479604931e-32,1.595876460754208e-30,Ccdc85a,31.942167265476755,DEG
Hk3,10.496092518266218,-3.0012575320584554,0.8162583209526533,-3.6768477025210524,0.00023613392146475294,0.0018160197529890178,Hk3,3.626841620516509,DEG
Myb,181.13752222590483,-3.0107447071347178,0.3169625786597203,-9.49873868349281,2.124478866243972e-21,1.2969233116123584e-19,Myb,20.67274758480006,DEG
Pde3a,46.30578074833073,-3.012906486501361,0.420224079716062,-7.169761638926377,7.512845764791626e-13,2.0944725483335634e-11,Pde3a,12.124195526931237,DEG
Itih5,119.65103725001727,-3.0136916307572457,0.5237420709759121,-5.75415227793654,8.707763896294727e-09,1.4106721263774532e-07,Itih5,8.060093355001461,DEG
Gm40689,13.779894898549317,-3.0157402341062602,0.688630167556165,-4.379332152712138,1.190435701965384e-05,0.00011821904643905692,Gm40689,4.924294056819995,DEG
Nsg2,91.87123551529871,-3.0282868227247692,0.6002452270832456,-5.045082719674485,4.533252031972702e-07,5.68510357862698e-06,Nsg2,6.343590135110235,DEG
Thbs1,187.42049127387028,-3.0327046509705133,0.5649608616909157,-5.367990699202938,7.961865834981284e-08,1.1258181542525948e-06,Thbs1,7.098985144965714,DEG
B3galt2,27.587363515671825,-3.0424080157676086,0.7568675995769809,-4.0197361037360215,5.826336692273963e-05,0.0005110641210767148,B3galt2,4.234604421978929,DEG
Rasgrp2,327.50246240712113,-3.0438133687837956,0.22185066118904467,-13.720100505763577,7.695865141101857e-43,1.8763092818861566e-40,Rasgrp2,42.11374255128579,DEG
Psors1c2,111.97072006067445,-3.0460519255084093,0.3373366687341744,-9.029708916431902,1.7212904027172063e-19,8.996779251379295e-18,Psors1c2,18.764145852706726,DEG
Chst15,475.7929926234305,-3.062098259575132,0.36124055131626964,-8.4766182767068,2.3183403696708017e-17,9.870044959944466e-16,Chst15,16.634822802273167,DEG
Galnt3,682.8370236178918,-3.062221805419286,0.19055402270570337,-16.070097927812636,4.134327194732854e-58,1.8234241053353788e-55,Galnt3,57.383595155854856,DEG
Ccdc194,590.7104943791581,-3.0638623318019467,0.17515388557955378,-17.49240287570075,1.6370686940197918e-68,1.1273659201115594e-65,Ccdc194,67.78593309651488,DEG
Nova2,24.250460624568753,-3.0639457711765994,0.6018995679946012,-5.090460159964896,3.5719561799757895e-07,4.551982220522176e-06,Nova2,6.447093877586247,DEG
Dnmt3b,18216.03865454947,-3.0646012712939794,0.1401105881300764,-21.872731477287452,4.724289717160021e-106,9.760133908825384e-103,Dnmt3b,105.3256634771242,DEG
Myf5,28.11679436745741,-3.0647140329387343,0.642040674555157,-4.773395447355646,1.8114560841210741e-06,2.05684366994517e-05,Myf5,5.741972190282535,DEG
Il7,14.728861702910727,-3.069598618408877,0.9522560301259793,-3.2235013707424702,0.0012663369244570138,0.008239271224218659,Il7,2.897450729575324,DEG
Fbxo2,93.12360191076671,-3.071741640371147,0.3198097048921193,-9.604904395904217,7.622863996081889e-22,4.8261335554548774e-20,Fbxo2,21.117881828659467,DEG
Krt1,10.70721580155013,-3.073267050374774,0.7164100733662873,-4.289815518553533,1.7882159727370798e-05,0.00017267611704267798,Krt1,4.747580030224883,DEG
A930007A09Rik,50.08118109880667,-3.0821331789283453,0.3681589707742991,-8.371745424119668,5.677098731010602e-17,2.3407894589113357e-15,A930007A09Rik,16.245873552848703,DEG
Adamts9,132.13274325157352,-3.0851309855111597,0.4167531479730502,-7.402777880662015,1.3336472528627338e-13,4.005329427438476e-12,Adamts9,12.874959025287144,DEG
Gm43300,29.53915800269451,-3.0901643265085745,0.688383377071001,-4.48901648331036,7.155276122385521e-06,7.420503398467605e-05,Gm43300,5.145373602139774,DEG
Kcns2,10.45145133198841,-3.099156939197757,1.133823809619921,-2.73336731236633,0.006269037677127556,0.03387157345553147,Kcns2,2.202799120028736,DEG
Fam110c,30.759132230247797,-3.0993848882678288,0.4520379156872156,-6.856471062954874,7.058236970009736e-12,1.746891398384566e-10,Fam110c,11.151303764927597,DEG
Stc1,53.36605158168082,-3.0996396057157565,0.6471846569078041,-4.789420720394676,1.6726346403057145e-06,1.9108244335250353e-05,Stc1,5.776598913208385,DEG
AI661453,67.16236087914302,-3.110626832832425,0.398450387278754,-7.8068109158499706,5.865316295617627e-15,2.0374447836449442e-13,AI661453,14.231708562962346,DEG
Nrcam,981.7897476902463,-3.113052605995607,0.19270718538354303,-16.154315158512293,1.0588800275515308e-58,5.007737074877137e-56,Nrcam,57.97515324322011,DEG
Ppp4r4,526.1760964831653,-3.113865228056213,0.3113472769442167,-10.001260517252303,1.504694008962324e-23,1.101935707720114e-21,Ppp4r4,22.822551808196636,DEG
Cntfr,243.91685906004014,-3.1214744453325522,0.2443393037604365,-12.775163051102966,2.25674287019077e-37,4.0822086582303364e-35,Cntfr,36.64651792094829,DEG
Pou2f3,21.7485363630543,-3.1267072952182633,0.6381323923565748,-4.899778373060752,9.594482192051094e-07,1.1347159068532136e-05,Pou2f3,6.017978458886105,DEG
Fcgrt,26.68022794715896,-3.1272604988667667,1.1475265889830994,-2.7252183338409983,0.00642589783560326,0.03459549687847137,Fcgrt,2.192066183513175,DEG
Penk,125.34348857533091,-3.1335311860769366,0.31849337252615634,-9.83860719368531,7.676619156019368e-23,5.258819052901017e-21,Penk,22.114830004598566,DEG
Gmnc,17.941570172039558,-3.1369346287188504,0.7646171767443513,-4.102621186298147,4.084957696690815e-05,0.00036912257013859247,Gmnc,4.388812436607422,DEG
Camk2b,221.24626933621957,-3.1380972005687195,0.23898562807790452,-13.130903417948474,2.1902780706365662e-39,4.6223110272417815e-37,Camk2b,38.6595007450335,DEG
Tacstd2,19.905716815856348,-3.141710443062126,1.5697147226787826,-2.0014531288211836,0.0453435800845389,0.18428986840530187,Tacstd2,1.343484193305694,DEG
4930519F16Rik,12.921648503286043,-3.1450172453703886,1.5758466119526904,-1.9957635606889939,0.04595966490719759,0.18640780394732664,4930519F16Rik,1.3376231464216448,DEG
Rgs9bp,82.7101153567173,-3.146591923558113,0.41363557642465076,-7.607159787260966,2.8018483176166087e-14,9.066855071014407e-13,Rgs9bp,13.552555379615981,DEG
Calca,652.6098129631768,-3.1540563937224797,0.2144636686993563,-14.70671658677984,5.8371712684664296e-49,1.8041455417410453e-46,Calca,48.2337975638667,DEG
Pcsk1n,187.71242582976504,-3.1563770050229523,0.2264980196371016,-13.935561158901722,3.851611887269485e-44,9.881524275228045e-42,Pcsk1n,43.41435748159664,DEG
Kank4,17.95482955448347,-3.1759347459888865,1.0630548633903698,-2.987554881090493,0.002812187991324786,0.016750654813880397,Kank4,2.550955650627302,DEG
Pag1,53.265357813800755,-3.1803091721727843,0.4455145690146723,-7.1385076793482956,9.434960050971846e-13,2.589863544620964e-11,Pag1,12.025259934362772,DEG
Aatk,13.942494974438347,-3.18291191830137,1.0125082556184661,-3.143591077543526,0.001668884725291562,0.010520111148525725,Aatk,2.7775736602642773,DEG
Lhx3,12.08949594924744,-3.1863855854582033,0.7854755874053678,-4.056632232178815,4.978538118938656e-05,0.00044263319769580764,Lhx3,4.302898163280852,DEG
St6gal2,23.67012323858317,-3.190351486895539,0.5808507422096185,-5.492549557153185,3.961723308936907e-08,5.844025743919595e-07,St6gal2,7.4021158593371075,DEG
Slc17a7,11.479990350417639,-3.1907757302820885,0.6201477102472268,-5.145186666915308,2.6725492896234203e-07,3.4794552990244814e-06,Slc17a7,6.573074276385202,DEG
Kcne1l,14.662938601601834,-3.1972401233530925,0.8420435460270664,-3.7970009252351913,0.0001464572429598808,0.001179258699057272,Kcne1l,3.8342891456640062,DEG
Sox3,42.11924457387139,-3.2127058644079525,0.6044025604620334,-5.315506707900129,1.0636093128375197e-07,1.4736977182072418e-06,Sox3,6.973217868692634,DEG
Mmp9,15.261216344838937,-3.2135440664478456,0.8907957073724461,-3.6074983746012226,0.000309163474255727,0.002316837314807188,Mmp9,3.5098118209186593,DEG
Tnfsf11,64.8438572298671,-3.215012308555932,0.5473932442000099,-5.873313824423473,4.2716871395592706e-09,7.290284143005219e-08,Tnfsf11,8.36940056275352,DEG
Rfx6,25.03727371706655,-3.224525354616685,1.0376979832025954,-3.1073832722166363,0.0018875150984208214,0.011752955291610486,Rfx6,2.724109565720166,DEG
Npw,11.773616135254326,-3.235030658090889,0.8736104558168274,-3.703058538906943,0.00021301570429634173,0.0016577132118842787,Npw,3.671588377604319,DEG
Atp1b2,563.1544249376465,-3.2371727568377913,0.2028518170186569,-15.958312843409526,2.493820332738427e-57,1.0876658835664609e-54,Atp1b2,56.60313483847215,DEG
H4c4,559.3526563845389,-3.2392918552462544,0.48496155490158777,-6.679481749648375,2.3978869834994827e-11,5.52048432629356e-10,H4c4,10.620171289793964,DEG
Tmem35a,32.06049653481854,-3.240202192439659,0.5294713947035656,-6.1196926308998165,9.375602878731655e-10,1.7601850310475665e-08,Tmem35a,9.028000796294844,DEG
Xylt1,33.39144471593247,-3.240335713942407,0.6373094754699578,-5.084399085001763,3.6879178231003917e-07,4.68788336496631e-06,Xylt1,6.433218764779921,DEG
Gm38393,539.1610798789843,-3.245658739432199,0.24175248604361635,-13.425544417552032,4.284242434405176e-41,9.720772732815397e-39,Gm38393,40.36812596152241,DEG
H1f3,30.63869973713551,-3.2555853930053047,0.64658211755575,-5.035068716889777,4.776774455370103e-07,5.9752303281275546e-06,H1f3,6.320865264285134,DEG
Mir6236,744.8469249741008,-3.25619944402277,0.7295998270978501,-4.46299371667212,8.082242391172499e-06,8.294176747207689e-05,Mir6236,5.092468128952747,DEG
Cass4,108.22253077890734,-3.257538499109982,0.3222954209700215,-10.107306176754475,5.127474262622582e-24,3.8780105439445895e-22,Cass4,23.290096510897,DEG
Gcm1,22.128324439190315,-3.262179229966102,0.6094805389457655,-5.352392769765511,8.679874012458102e-08,1.219438420225547e-06,Gcm1,7.0614865785206655,DEG
mt-Rnr1,26460.078813855715,-3.2641359582812624,0.4972564017507219,-6.564291473752803,5.2280849137788824e-11,1.1561578429327463e-09,mt-Rnr1,10.281657367287721,DEG
Gm37127,10.866164339608623,-3.270966091775336,0.9136715543156563,-3.5800239991331484,0.00034356265228284243,0.0025493128147558437,Gm37127,3.4639940531907696,DEG
Chdh,14.966515516298669,-3.2753271902494805,0.7670588559068211,-4.269981586194414,1.9548910646346382e-05,0.00018729640947059666,Chdh,4.7088774384451995,DEG
Gm11627,125.039626728036,-3.2787915468928217,0.2515569923199315,-13.033990892699325,7.839736462194086e-39,1.59447241114251e-36,Gm11627,38.105698536159764,DEG
Pak6,49.66676365919262,-3.279861018420006,0.5451534704820481,-6.016399410462914,1.7833922938443168e-09,3.209697281534662e-08,Pak6,8.748753114305192,DEG
Fabp7,75.96918987804744,-3.2877418916991874,0.44769618934672556,-7.343689693889583,2.0778455271956654e-13,6.1278490217138584e-12,Fabp7,12.682386742236094,DEG
Fosb,32.036302144960096,-3.2889133219736717,1.5756120862287135,-2.087387721076581,0.036853101010715435,0.15499783284834598,Fosb,1.433525962481209,DEG
Gm5842,11.40725067084162,-3.291400606440151,0.9782438352374451,-3.364601429500696,0.0007665430343605382,0.0052575770972836285,Gm5842,3.115463458473429,DEG
Aadat,83.66196599161,-3.3004219401449775,0.3906258745597988,-8.449061250395316,2.93654390495318e-17,1.242113770486284e-15,Aadat,16.532163501534338,DEG
Pnmal1,13.670163635410026,-3.3051453026928486,0.7787955738520222,-4.2439189611019215,2.196497020291122e-05,0.00020795730230942452,Pnmal1,4.658269381550494,DEG
Chac1,722.9329904721163,-3.311145920822423,0.23508361494506153,-14.084971092503533,4.698510166667801e-45,1.254630065117083e-42,Chac1,44.32803982907831,DEG
Cav2,16.670263158720555,-3.315841433586074,1.031988868603334,-3.213059301767125,0.0013132917047486892,0.008517950972653718,Cav2,2.881638798897488,DEG
Pifo,41.215493153169454,-3.3171288319660195,0.9529871005646765,-3.4807699180823226,0.0004999747755315921,0.0035924418568445146,Pifo,3.301051905911537,DEG
Oas1d,10.530652106965482,-3.317450465169146,0.8387912412474925,-3.9550370843587577,7.652278106659116e-05,0.0006552680465111045,Oas1d,4.116209254798342,DEG
Dapk2,83.67968896151245,-3.3219291768235366,0.37062893629410915,-8.962951490078613,3.1610165521065535e-19,1.6051666587301234e-17,Dapk2,18.500173230047885,DEG
Enpp3,2084.301081549032,-3.3220700675116572,0.1591257227622557,-20.877014789589037,8.663850615425019e-97,1.3080081854126087e-93,Enpp3,96.06228904454709,DEG
Arhgap6,24.50568245054723,-3.3282148427301723,0.6366144065316822,-5.227991714580431,1.7136118797311365e-07,2.311491653439392e-06,Arhgap6,6.766087535725691,DEG
Taf10,315.3383262884748,-3.330597761139492,0.4929089465059302,-6.75702436474121,1.4085451163291913e-11,3.332707742692571e-10,Taf10,10.851229237809191,DEG
Hsd11b2,413.3453643973944,-3.34167509397684,0.40113890369887617,-8.330468730814856,8.05229012311025e-17,3.275404603134162e-15,Hsd11b2,16.09408058592,DEG
Alox12e,22.37220732446969,-3.3424288712664962,0.6057538006611476,-5.517800907924004,3.432679972392169e-08,5.100037356408396e-07,Alox12e,7.464366683816532,DEG
mt-Rnr2,298191.7934981203,-3.370098457627361,0.5089608044316982,-6.621528471903425,3.5550352848462495e-11,8.015267089952317e-10,mt-Rnr2,10.449156084403139,DEG
1700003M07Rik,28.99763527762017,-3.380766896329989,0.46092600115953536,-7.334728107820154,2.2217205935562924e-13,6.517877313816528e-12,1700003M07Rik,12.653310559394532,DEG
Fat3,181.7001057842861,-3.3830979154693126,0.37390139826887936,-9.048101802059763,1.4547511341321948e-19,7.64435693013267e-18,Fat3,18.837211295555992,DEG
Slc6a13,34.09127214214327,-3.384864578499947,0.4726514563649122,-7.16143901159727,7.983453132943479e-13,2.2193660469364758e-11,Slc6a13,12.09780921990195,DEG
Kctd16,11.77884271913767,-3.3873714914969257,1.5872111288091455,-2.1341656632904322,0.032829222351113435,0.14105138626841676,Kctd16,1.483739404587756,DEG
Sybu,19.507250603937052,-3.3897909069283876,0.5898991494625904,-5.746390565262813,9.116858844886443e-09,1.4726916059190434e-07,Sybu,8.040154769272071,DEG
Tceal6,11.97643600822117,-3.390634964712641,0.8628614968269087,-3.929524004931706,8.511417988230869e-05,0.0007239408240347265,Tceal6,4.069998081141787,DEG
Kcnj3,1366.5745194387503,-3.395438112198761,0.20297676853687996,-16.72821050740999,8.165495308648595e-63,4.5143688359208915e-60,Kcnj3,62.08801746637267,DEG
Vstm2a,32.46071784828162,-3.3973517739797323,0.5343512049085789,-6.357900464659715,2.0452992341611233e-10,4.185825382613482e-09,Vstm2a,9.68924314426396,DEG
Pianp,92.34092598870909,-3.4070074246248985,0.39268064741826025,-8.676280450856941,4.0892303048911204e-18,1.890630826359142e-16,Pianp,17.38835842935108,DEG
Gm37906,13.109094399148605,-3.4072407061429546,0.9881758694559358,-3.44801043160353,0.0005647322259001598,0.004005680170447953,Gm37906,3.248157428959977,DEG
Gm29216,10.595915610889339,-3.413900532252589,0.7961888658355077,-4.287802403102054,1.804495029103917e-05,0.0001741483797355214,Gm29216,4.743644309966742,DEG
Lpo,31.97076874198125,-3.4389519447553933,0.4810715864455163,-7.148524339516093,8.771569930442806e-13,2.4179103544920748e-11,Lpo,12.056922669905399,DEG
Lefty2,1077.0793426196628,-3.473110222537369,0.3438879669744352,-10.099539838785816,5.550200766388854e-24,4.181612872995426e-22,Lefty2,23.255691306938978,DEG
Elfn1,39.16250185491374,-3.480035009821433,0.6808249724031494,-5.111497302365014,3.1961538945244715e-07,4.102636652118021e-06,Elfn1,6.495372317614089,DEG
Gata6,26.141794514140095,-3.484080261646663,1.6682991804962721,-2.088402549361828,0.03676153771919745,0.15467902670078865,Gata6,1.4346063305559318,DEG
Gm43041,78.6721986988573,-3.4914573883254847,0.3664149286498453,-9.528698519983074,1.5926733931903224e-21,9.860758470488915e-20,Gm43041,20.797873275095295,DEG
Zic2,145.0808098440069,-3.505846961285859,0.3972620862983551,-8.825022780182625,1.0943753181785066e-18,5.3099523318245884e-17,Zic2,17.960833710305753,DEG
Nanog,3769.6731363463814,-3.513873627669366,0.2175942303258379,-16.14874448834187,1.158966804810905e-58,5.4158242844336255e-56,Nanog,57.935929002944,DEG
Kctd12b,155.88161566882115,-3.519298914097879,0.40894289062591,-8.605844470633528,7.5756928596094e-18,3.3753538231356165e-16,Kctd12b,17.120577641196014,DEG
Tal2,27.05459392422274,-3.5211673963502337,0.9914951474112974,-3.5513712856222015,0.00038322938629620337,0.00281755068370198,Tal2,3.416541196313324,DEG
Gm43788,11.556497031741175,-3.5257829278724016,0.9891833282795366,-3.5643371931921997,0.00036477678020678723,0.0026914629611761312,Gm43788,3.437972814392446,DEG
Gm8378,12.521070326539219,-3.5762345322471227,0.9695329889725701,-3.6886156251752884,0.0002254775543002744,0.0017408871831134287,Gm8378,3.646896684512022,DEG
Efcab1,85.4239558320758,-3.5828399370493402,0.5178557998222941,-6.918605407680704,4.561113540105819e-12,1.1521067554039491e-10,Efcab1,11.340929116702782,DEG
Tshz2,46.70101962937285,-3.5973996844849205,1.5322020015610356,-2.3478625408528533,0.01888148802675526,0.08807546637126848,Tshz2,1.7239637824773935,DEG
Lrp2,562.2392246730726,-3.600678206509971,0.2712920681972233,-13.272331293859862,3.3499433542945508e-40,7.387377892478877e-38,Lrp2,39.474962536582645,DEG
2610035F20Rik,40.042942863196366,-3.603720083517913,0.5256951384142657,-6.85515200766049,7.123672997689015e-12,1.761975653297334e-10,2610035F20Rik,11.14729602443601,DEG
Gm42463,12.01597032401835,-3.6145967871201194,1.261581818918633,-2.865130689833797,0.004168371714197699,0.02361736358218855,Gm42463,2.380033559807672,DEG
Spata45,32.95656958331846,-3.626899168616871,0.6635972060436799,-5.465513018416986,4.61569912808983e-08,6.730313442604387e-07,Spata45,7.335762508186161,DEG
Hrh3,16.996642573627785,-3.6295423426631164,0.662167009482253,-5.481309534736633,4.221890774497897e-08,6.19521041388284e-07,Hrh3,7.374493006614922,DEG
Gm364,13.633048008708682,-3.643196425392451,1.1356525126906116,-3.208020397683896,0.0013365201896832397,0.008654309964638108,Gm364,2.8740244763374516,DEG
Rab37,249.2276041050829,-3.690095621645234,0.49470279956399943,-7.459217180289776,8.703803997154044e-14,2.6587581190683868e-12,Rab37,13.06029089750721,DEG
Gm2762,37.16462486818204,-3.700376129299511,0.5605827777443032,-6.600945081097998,4.085448896418835e-11,9.153317667301858e-10,Gm2762,10.388760217582771,DEG
Snord118,30.55936077804625,-3.7072583242478783,0.7405606502282736,-5.006015811271012,5.556819458591037e-07,6.872197057345269e-06,Snord118,6.255173713240065,DEG
Fgf14,79.66070291332102,-3.7089219505013955,0.362794472426175,-10.223204134556168,1.5609429327467859e-24,1.240317670832178e-22,Fgf14,23.806612974225352,DEG
Sncb,47.237952039145625,-3.7197309376738894,0.5390788865998907,-6.900160681742128,5.194375171420108e-12,1.3011793784540746e-10,Sncb,11.284466686013364,DEG
Insyn2b,30.576480227492667,-3.721785888712001,0.7898920226247914,-4.71176538325403,2.4558001834640984e-06,2.7200204458667116e-05,Insyn2b,5.609806972526489,DEG
Gm16233,166.86258377377175,-3.724378077447587,0.25656489593001225,-14.51631979483098,9.550169182644536e-48,2.7768354883433033e-45,Gm16233,47.01998893475781,DEG
St6galnac5,16.515899041461893,-3.730868033653028,1.5030041676934862,-2.4822739110420615,0.013054688207504604,0.06420695103485506,St6galnac5,1.8842334962176948,DEG
Ppp1r17,16.697233100045434,-3.7411252205105137,1.1676156979577057,-3.2040723904741713,0.0013549840284803943,0.008757975970680211,Ppp1r17,2.8680658238919463,DEG
Mup6,373.340445613786,-3.7652821237924425,0.2536607683602751,-14.843770079749195,7.63421287255177e-50,2.4562767039858573e-47,Mup6,49.11723573434164,DEG
Rln3,28.44793808683292,-3.7768678782316973,0.6669677874087864,-5.662744062805607,1.489712705918221e-08,2.3352912478198055e-07,Rln3,7.826897478074116,DEG
Klhl14,55.01223662387819,-3.7795782190918863,0.5679876860290433,-6.654331268193414,2.8459103206342514e-11,6.50993693565596e-10,Klhl14,10.545778789377287,DEG
Sertad4,110.12481416510492,-3.7817507870618132,0.3933668698373336,-9.613800950307928,6.991920345044824e-22,4.448198530049343e-20,Sertad4,21.155403528014464,DEG
Slc27a2,1353.2432119014998,-3.7913680811319206,0.20880492300875145,-18.157464998912005,1.1208200608046142e-73,8.301047140898778e-71,Slc27a2,72.95046410450782,DEG
Hivep2,141.08766918278408,-3.801924717315084,0.3571438366334305,-10.645360012798843,1.8327442921541508e-26,1.6847941850099973e-24,Hivep2,25.73689812437395,DEG
P4ha3,16.249438998421844,-3.803944612141266,0.8276257380872883,-4.5962135263367925,4.302378066722344e-06,4.607946691761314e-05,P4ha3,5.366291429123595,DEG
Actc1,83.1138890371747,-3.8094729066551554,0.44559618565622067,-8.54915959624973,1.2398797428408389e-17,5.421156381677938e-16,Actc1,16.906620435445287,DEG
Cracr2a,20.60334827784909,-3.8350938389672984,0.7395059934974322,-5.186021307047886,2.148342412234225e-07,2.8528039481539253e-06,Cracr2a,6.667896497696698,DEG
Grin2a,10.012832418297073,-3.8393688108469464,1.03067686779673,-3.7250945769786563,0.00019524200778523162,0.0015309297905700553,Grin2a,3.709426734894007,DEG
Cbx3-ps8,11.102834285182743,-3.8458114451435823,0.712672333430133,-5.3963248813567235,6.801973562482643e-08,9.716079630572458e-07,Cbx3-ps8,7.1673650603906855,DEG
Eppk1,22.11213624263776,-3.850582176205232,0.9746879127861904,-3.9505795913670103,7.796216565695736e-05,0.0006662854100876437,Eppk1,4.10811610542149,DEG
Myh3,18.2714313069573,-3.8535060712222147,0.7505420364460237,-5.134297459832345,2.8319988687049587e-07,3.6687937819562952e-06,Myh3,6.547906924469307,DEG
Mt3,73.43499475298162,-3.875376271162847,0.38944665585408034,-9.950980995494517,2.4970938567686967e-23,1.791927333816118e-21,Mt3,22.60256513377573,DEG
Tll1,27.34820273838957,-3.9210230203079863,0.6798684860192776,-5.767325741579977,8.05392910235785e-09,1.3134228460941118e-07,Tll1,8.093992197747,DEG
Cspg5,10.730401321560134,-3.9274495650306918,1.3088225449792807,-3.000750239286919,0.0026931536482042075,0.016112537746221577,Cspg5,2.5697388687705445,DEG
Kcna5,26.987331148338775,-3.9367167642935854,0.6471280368232216,-6.083366104208824,1.1768520289228149e-09,2.17900814581638e-08,Kcna5,8.929278139588321,DEG
Vwa5b1,34.79765468844221,-3.93988065139657,1.5326194630774832,-2.570684208515356,0.010149783182875587,0.051620813588677816,Vwa5b1,1.993543234941551,DEG
Wnt11,35.70112849715726,-3.945407709713764,0.4135957363298246,-9.539285256479221,1.4382008048150497e-21,8.932546865728663e-20,Wnt11,20.842180472552084,DEG
Synpo2,33.154267401962244,-3.953650745506571,0.7423904308292316,-5.325568031757147,1.0063803977621615e-07,1.4003349788499868e-06,Synpo2,6.997237830987275,DEG
Cntn2,119.69486795785386,-3.9545466080365848,0.36233586313628596,-10.914035872152006,9.877171920773577e-28,9.992490448611475e-26,Cntn2,27.005367386892175,DEG
H3c11,11.615001984572714,-3.9569523842928915,0.8735586800550202,-4.52969270941669,5.906953537059066e-06,6.211241553447081e-05,H3c11,5.228636445204217,DEG
Lrrn4,572.1273266178139,-3.9601700530230985,0.18270230578333876,-21.675534066435628,3.4916290279418904e-104,6.526519725419192e-101,Lrrn4,103.45697190462174,DEG
Qrich2,19.59737232366135,-3.963002357951864,0.9537858546933637,-4.15502320405658,3.252545321236233e-05,0.00029934856153455064,Qrich2,4.487776643228889,DEG
Gpr37,12.589550627389123,-3.990697459976871,1.229212035634877,-3.246549288720324,0.0011681321914424872,0.007657430345806938,Gpr37,2.9325080075956156,DEG
Cxcl12,1431.5013557726002,-3.9958946452582227,0.2307861479222516,-17.31427419380638,3.6712229159732173e-67,2.3624018544376506e-64,Cxcl12,66.43518924441514,DEG
Dcdc2a,18.697264381189154,-4.037264789073807,1.4687868558589023,-2.7487070523332915,0.005983083319008397,0.03253726371862519,Dcdc2a,2.2230749492332285,DEG
Tdgf1-ps1,100.03298169962677,-4.0405294617371315,0.41194423494772486,-9.808437936386873,1.0355918172828235e-22,7.020740173368336e-21,Tdgf1-ps1,21.984811389796604,DEG
Vwa3a,11.034662410928181,-4.050144502038084,1.638780888416772,-2.471437475665788,0.01345710811487761,0.06589718872670794,Vwa3a,1.8710482584395847,DEG
H3c1,12.492064905664718,-4.0562677838908465,0.9639181891147602,-4.208103788990669,2.5752258637044077e-05,0.00024148433069275948,H3c1,4.589184674561142,DEG
Faim2,12.286926335907898,-4.063402315180384,1.1975292815507037,-3.3931548712684556,0.0006909256311957491,0.004789140703041981,Faim2,3.1605686960403734,DEG
Tspan1,23.359463193349715,-4.066916288911037,2.0699606613238792,-1.9647311975049664,0.049445357122923916,0.198271386571267,Tspan1,1.3058744820356456,DEG
CT010467.1,2887026.9083951702,-4.107408515154361,0.606974450996335,-6.767020437865453,1.3146151260549365e-11,3.129326109341081e-10,CT010467.1,10.881201375003773,DEG
Skida1,235.84893008021604,-4.111261954701627,0.3027908862115318,-13.57789201036081,5.4162918034293825e-42,1.2655101319048425e-39,Skida1,41.26629794602059,DEG
Lefty1,2511.8690307498982,-4.117187863698305,0.4397459090237197,-9.362651884218497,7.776003032064488e-21,4.46898165472368e-19,Lefty1,20.10924357873911,DEG
Gm24830,28.52588060301947,-4.117925502345235,0.8976808224300548,-4.587293611996589,4.490289680127379e-06,4.794813406257889e-05,Gm24830,5.3477256406397276,DEG
Ror1,807.1354782293074,-4.142677232962135,0.21004276971862065,-19.723017547863158,1.3681716624092644e-86,1.4918011740153015e-83,Ror1,85.86385940893175,DEG
Atp2b2,11.72730480983546,-4.144819923836664,0.829386349710329,-4.997453750335151,5.809226537032288e-07,7.1572369509770375e-06,Atp2b2,6.2358816874134675,DEG
Ltb4r2,14.964986588349161,-4.16028783205837,0.7271326438144198,-5.72149781398092,1.055890170184752e-08,1.6930905576087446e-07,Ltb4r2,7.976381253169001,DEG
Prob1,169.89940822030488,-4.175997037161778,0.3241389171427621,-12.883355920272058,5.585307139335298e-38,1.0489955078484615e-35,Prob1,37.25295293978188,DEG
Calcr,564.625554372601,-4.207168756145721,0.2746168518417429,-15.320140508238886,5.609611490339977e-53,2.158765488532501e-50,Calcr,52.251067216006625,DEG
Gpr21,17.95028688345143,-4.209554569220205,0.8834982490182046,-4.764643929852844,1.8918743478671502e-06,2.1364138025555023e-05,Gpr21,5.723107711401497,DEG
Gm42716,10.35908302606626,-4.2147387740613995,1.1806830460890556,-3.569746163479249,0.0003573273034928972,0.0026409656644712284,Gm42716,3.4469337979501966,DEG
Snord13,14.42961044271296,-4.22296269229116,1.6225066857683539,-2.6027397787216726,0.009248211945028022,0.04754683215169417,Snord13,2.033942225906527,DEG
Hkdc1,13.952238756842283,-4.24020829479964,2.0554473116822245,-2.0629126666007105,0.039120926450207844,0.16267094554555173,Hkdc1,1.4075908689292012,DEG
Nphs2,15.593757015809762,-4.2731536422276175,1.052898350139918,-4.058467412034376,4.9395824816399375e-05,0.0004394683389660301,Nphs2,4.306309758279378,DEG
Ptges,162.50083173856092,-4.3224090959850905,0.65432887324263,-6.605866365891375,3.9519926445975835e-11,8.869500702023382e-10,Ptges,10.40318387238746,DEG
Vwf,15.316297471500699,-4.3338428770165045,2.0416202442487896,-2.1227468179867772,0.03377507350048774,0.14426256366862297,Vwf,1.4714036972038886,DEG
Chst3,47.59966420443969,-4.345164354416442,0.5969792219608705,-7.278585576469611,3.373382176969487e-13,9.707871744324286e-12,Chst3,12.471934453964472,DEG
Cabp7,121.72271764590889,-4.346553081173627,0.42166846954557025,-10.307986949695062,6.484533637050514e-25,5.30286247614883e-23,Cabp7,24.1881212526005,DEG
Sox7,24.4264771791791,-4.361859876628704,1.5648263469879335,-2.787440207039368,0.005312625726396958,0.029400323930390496,Sox7,2.2746907789869355,DEG
Mfap3l,279.77589250470646,-4.4209262457875615,0.28748840104158546,-15.377755171235831,2.3081228088427056e-53,9.060074461550271e-51,Mfap3l,52.6367410872911,DEG
Pim2,18914.725790274642,-4.422307072327211,0.12776333906725398,-34.61327094777423,1.5954727105428933e-262,6.262709030694019e-258,Pim2,261.79711061971364,DEG
Foxi3,188.15200968328716,-4.480515652361934,0.33808229781810356,-13.252736630335372,4.350450623988955e-40,9.434709300742457e-38,Foxi3,39.3614657560624,DEG
Parp14,22.695455452547794,-4.4867920733449775,1.045135429684666,-4.293024564958738,1.7625549703934933e-05,0.0001704078085045709,Parp14,4.753857329391157,DEG
Abca9,41.66205399661237,-4.548674408724199,2.050844839274713,-2.217951510331152,0.026558138787871596,0.11786332827132794,Abca9,1.5758023638853438,DEG
Jph4,151.70625220935827,-4.548780671174748,0.3345904646936764,-13.595069648321385,4.283527217172295e-42,1.0068340949440964e-39,Jph4,41.36819846928369,DEG
Cdh18,13.48511486748495,-4.5524687203714915,1.6129375377056845,-2.822470563148484,0.004765519667065283,0.026688677912871103,Cdh18,2.321889733801506,DEG
Chchd2-ps,11.353909762152986,-4.559109816973972,1.0347415376985658,-4.40603730581279,1.0527883939245238e-05,0.00010542118068040646,Chchd2-ps,4.977658911422292,DEG
Lrtm2,26.40315632673219,-4.573074675648599,0.8795466298392272,-5.199354440690103,1.9998186262816392e-07,2.669122085597864e-06,Lrtm2,6.699009390924492,DEG
L1td1,3341.2076380719777,-4.581056757627124,0.18138032494423545,-25.25663552006288,9.575783850339895e-141,4.1764249275265764e-137,L1td1,140.01882566561585,DEG
Rgs5,41.39617156434843,-4.595455092578722,2.0767976950575524,-2.2127601082739896,0.02691418888394067,0.11926649991660908,Rgs5,1.5700187040346874,DEG
Cfap299,34.03946222413192,-4.6443548697269925,0.5611338087027264,-8.276733281254572,1.266003582823748e-16,5.050247828920791e-15,Cfap299,15.897565065252012,DEG
H2ac4,45.066170508707636,-4.6642610705840735,0.7404536079573973,-6.299194197258116,2.991969507682759e-10,6.001215078440028e-09,H2ac4,9.524042836847883,DEG
Enpp2,3208.9503752942906,-4.671652976154053,0.20043841112871233,-23.30717425790275,3.749566289947685e-120,1.3380156870846954e-116,Enpp2,119.4260189639458,DEG
Has3,72.43246973246963,-4.694534296014497,0.4168339042486091,-11.262361934010462,2.012902235982188e-29,2.3170806882407277e-27,Has3,28.696177317711705,DEG
Cda,31.91434625969021,-4.702553339713996,0.5325337804037729,-8.830525898560781,1.0418470005003663e-18,5.080201280824954e-17,Cda,17.98219605427755,DEG
Chst1,64.47905709751264,-4.704697861627964,0.6062733586629485,-7.760027377755011,8.491105368363792e-15,2.9058531737086656e-13,Chst1,14.071035769811076,DEG
Htr3a,48.820031892081964,-4.729455582739579,0.5280671282574908,-8.956163581599515,3.361711251736107e-19,1.6982915284993233e-17,Htr3a,18.473439592253804,DEG
Tdgf1,3541.6263886055435,-4.732239042368786,0.24822488193302267,-19.06432185813533,4.997140522295086e-81,4.784213583454855e-78,Tdgf1,80.3012784377899,DEG
Mmp25,736.3193757077232,-4.759316217090079,0.22037259209634166,-21.596679386561007,1.9300014573069079e-103,3.293841182768176e-100,Mmp25,102.7144423630647,DEG
Nodal,2034.0364725123698,-4.771924887572544,0.23981181223115716,-19.898623187805423,4.182604402794054e-88,4.828816783025736e-85,Nodal,87.37855320972206,DEG
Tmc5,11.016802891477703,-4.81714455154338,1.18279286934721,-4.072686500217056,4.647395999945691e-05,0.00041497778704701596,Tmc5,4.3327903201477955,DEG
Clca4a,86.41687336821612,-4.878601971985776,0.40251993066240405,-12.12015008538171,8.26077242629937e-34,1.228257954733065e-31,Clca4a,33.08297934192958,DEG
Tmem154,105.76798479724106,-4.914225680738347,0.5201242600317968,-9.44817625010978,3.447854212303393e-21,2.0630887407857482e-19,Tmem154,20.46245110599429,DEG
Pmepa1,65.92395986444936,-4.924112828460819,0.4219914733286598,-11.668749583065082,1.8410935351145706e-31,2.346378069280917e-29,Pmepa1,30.734924146991787,DEG
AW011738,14.35538347778055,-4.953401443273125,1.5728553783866221,-3.149305086367282,0.0016365924154667312,0.01034146202258783,AW011738,2.7860594658255575,DEG
Clvs2,96.1653547051942,-4.961134832451188,0.5437629984678863,-9.123708024322632,7.259696718452529e-20,3.89296277717783e-18,Clvs2,19.13908152203458,DEG
Otx2,1122.2724691484623,-4.995071993722661,0.2675584689789169,-18.669085724646838,8.835230175260756e-78,7.706873112655788e-75,Otx2,77.05378213177765,DEG
Masp1,142.49799393035784,-5.037117420642362,1.9950306809808056,-2.5248320583049844,0.01157535913551631,0.05784437583022555,Masp1,1.936465525739521,DEG
Ntrk2,57.9734618227601,-5.069983365833219,0.7968379036713913,-6.362628261624505,1.9833029610297757e-10,4.07381429248047e-09,Ntrk2,9.702610939726325,DEG
Cyp24a1,15.430721972608895,-5.098702633576046,2.062933517827582,-2.471578744304542,0.013451792249588696,0.06587937631604555,Cyp24a1,1.8712198485796707,DEG
Gfod1,12.31312366079145,-5.101897617751375,2.1484040231692307,-2.3747384396652174,0.017561389627338674,0.0827535686725,Gfod1,1.755441121481922,DEG
Miat,60.34275816774655,-5.1333688094653604,0.6530328049599359,-7.860813071680675,3.816479692379667e-15,1.341166314816285e-13,Miat,14.418337044172183,DEG
Eras,259.66793491354844,-5.14465205957521,0.31469434279051184,-16.348091973804376,4.488147984566855e-60,2.2300414283316803e-57,Eras,59.34793283182738,DEG
Tmem163,12.43008028485836,-5.1879865820268165,2.0610430503579646,-2.5171655590239905,0.011830322442088754,0.058955047848258786,Tmem163,1.927003418270506,DEG
Spta1,193.60441935390648,-5.263345300204203,0.4584290346951698,-11.48126515089525,1.6386500187088933e-30,1.985244727912969e-28,Spta1,29.785513792722245,DEG
Pxdc1,113.41562479625502,-5.290943408338875,0.41574118178080754,-12.726531891008177,4.211334134629741e-37,7.479977320661595e-35,Pxdc1,36.37558029952749,DEG
A2m,25.037095866172724,-5.33188668035861,1.5173669453986274,-3.51390723023683,0.00044156699732261437,0.0032085948437439063,A2m,3.3550033931961636,DEG
Foxj1,229.3770712862235,-5.3451875762917656,0.7157539622047944,-7.467911962130891,8.147732285317506e-14,2.4966661623385482e-12,Foxj1,13.088963249298706,DEG
Cpne4,13.852949332472866,-5.398275170185998,2.025813693923604,-2.66474414028202,0.0077046917900084185,0.04055139002858681,Cpne4,2.1132447296354835,DEG
Gsc,70.1637004777191,-5.407309085274526,0.5741599962384958,-9.41777400149701,4.607521263434775e-21,2.7156010833874657e-19,Gsc,20.33653265186123,DEG
Ankrd34a,25.698841384625453,-5.505283128743704,0.9142147335445661,-6.0218709311310095,1.724123619642373e-09,3.1058753759441056e-08,Ankrd34a,8.7634315984859,DEG
Trim67,362.13733841532047,-5.516390371672588,0.3727169976837285,-14.800479736514616,1.4544157546748187e-49,4.641478180345582e-47,Trim67,48.83731142968641,DEG
Scgn,10.938094318376352,-5.517418573174052,2.0105779403941018,-2.7441953193282127,0.006065943428310433,0.03291036315016854,Scgn,2.2171016442870064,DEG
Gm35066,10.417508024789985,-5.541656327114463,1.1015198982295,-5.030918039721028,4.881368026165393e-07,6.096351865449258e-06,Gm35066,6.311458447883841,DEG
Pitx2,1254.8261198855291,-5.560688932560949,0.36344228869275147,-15.300060299977558,7.63858270031862e-53,2.828653648449121e-50,Pitx2,52.11698721505403,DEG
Pdgfb,19.868363398013983,-5.58027733999045,1.4555248658001785,-3.8338591604360386,0.0001261483869136621,0.0010339742391985757,Pdgfb,3.8991182985270996,DEG
Crocc2,59.552400911341046,-5.705122938461941,1.0653156140267184,-5.355335886702638,8.539762733660113e-08,1.2012052040651835e-06,Crocc2,7.0685541954577875,DEG
Fgl2,15.350124520255184,-5.794118088828798,2.0155737419398445,-2.874674326354528,0.004044444329750828,0.02299819980815721,Fgl2,2.3931411381061274,DEG
BC064078,28.602190143408222,-5.827079961949062,1.4478875965166593,-4.024538904793371,5.7087056518895694e-05,0.0005019798901290799,BC064078,4.243462349190847,DEG
Pou3f1,137.4253909140626,-5.853106253832207,0.5678037761305619,-10.308325692582807,6.461721808389613e-25,5.29523937671644e-23,Pou3f1,24.189651743266996,DEG
Magel2,177.9814409256505,-5.8966828448242135,0.4027657246488104,-14.640478282916943,1.5497421366161926e-48,4.6436662663049935e-46,Magel2,47.80974055857882,DEG
Nxph4,35.95775742403682,-5.947748282998073,1.0947828028998894,-5.432811208984577,5.5473089431425745e-08,8.020203239232982e-07,Nxph4,7.255917646530434,DEG
Angpt1,24.555211597090192,-5.954625057797282,2.055451392441991,-2.89699142470251,0.0037676005363298164,0.021633941464680263,Angpt1,2.4239351499514297,DEG
Cyp4x1,17.069915350629998,-5.962929170782901,2.0145678501311908,-2.959904860188545,0.003077340604240025,0.018137688592089436,Cyp4x1,2.5118244327887718,DEG
Cldn1,81.4527958373497,-6.069890655980216,2.022522054059871,-3.0011493045506903,0.002689626520332985,0.016096342400157136,Cldn1,2.5703080216405167,DEG
Sema3d,52.686657968859194,-6.181225012701748,1.540667461594039,-4.012043589410523,6.019538150749015e-05,0.0005265989102548498,Sema3d,4.220436828721524,DEG
Stum,15.214994964333961,-6.60650749957267,2.006928256680169,-3.2918503576710094,0.0009953055606011724,0.006643211897683696,Stum,3.0020435695951613,DEG
Sez6,22.18862698597029,-6.626226860946004,1.9727538000108873,-3.3588716751727636,0.0007826140013100467,0.005357507393342041,Sez6,3.106452386645792,DEG
Ccdc187,12.2008494358704,-6.817042917675616,2.0388832700036708,-3.343518002216646,0.0008272332661436852,0.0056354368962058445,Ccdc187,3.0823720092934805,DEG
Gm43697,11.197147315076313,-6.859324285856837,1.9965315387063296,-3.4356203009452067,0.0005911989178493259,0.004176805457584519,Gm43697,3.228266369559943,DEG
Gm33460,10.106189925247195,-6.956038317329203,1.9836160487606307,-3.5067463391795792,0.00045362134589738726,0.003286905534094632,Gm33460,3.343306517194237,DEG
Gad2,54.31300055815753,-6.958134655006984,0.7837285995424499,-8.87824517195012,6.79233964510356e-19,3.3664104556723485e-17,Gad2,18.16798060569899,DEG
Aff2,19.021397267494894,-7.022413239406065,2.022194710999851,-3.472669175330754,0.0005153101251227317,0.0036897972166075495,Aff2,3.287931324176359,DEG
Eomes,265.25017408676905,-7.1508910232573655,0.42847978265067094,-16.688981167373566,1.5763795760286195e-62,8.476387328472795e-60,Eomes,61.80233920059883,DEG
Car4,704.3880641848411,-7.173130593999118,0.5855482983072032,-12.250279976453442,1.6741694711595397e-34,2.587250954780528e-32,Car4,33.776200581788316,DEG
Cyp2b23,17.711331863107084,-7.229446215457207,1.975655679705671,-3.6592642583014436,0.0002529404063403791,0.0019339052921852164,Cyp2b23,3.5969817880974686,DEG
Dcx,21.722150800317806,-7.314868385992036,1.4887943630874236,-4.913283235988783,8.956374410988845e-07,1.0656700962550625e-05,Dcx,6.047867759529405,DEG
Gpr68,12.545550441506704,-7.3402450874505245,2.0135135315162582,-3.6454908162067423,0.000266881946421523,0.002030610010250832,Gpr68,3.573680803637363,DEG
Six2,19.467651792587453,-7.377261493872452,2.0006265546740893,-3.687475544417254,0.00022648985290502568,0.0017473282618083673,Six2,3.644951250278388,DEG
Cdh9,41.07052179557117,-7.439366916121466,1.954944057127605,-3.8054116633148634,0.00014156853448000473,0.0011443901675502728,Cdh9,3.849033263738345,DEG
Slc6a1,33.75071974229292,-7.692995990470781,1.983826364818021,-3.877857521656876,0.00010538039912577765,0.0008789835968729601,Slc6a1,3.9772401608800028,DEG
Timp4,79.15188420361514,-7.89228239963208,1.956588707907765,-4.033695159199564,5.49065388770623e-05,0.0004845427991324924,Timp4,4.260375931886483,DEG
Fgf5,2859.9705746374902,-9.043800534661035,0.29370925734264625,-30.791676831998462,3.38695254333039e-208,4.4316016061115935e-204,Fgf5,207.47019088847912,DEG
Grm6,34.45071672235,-9.79942014186741,1.9932287754000801,-4.916354942698674,8.817047451175414e-07,1.0516425512032468e-05,Grm6,6.054676821935615,DEG
Mab21l2,55.22881235848795,-10.15229669238292,1.963000728277225,-5.171825229679263,2.3181835783518954e-07,3.064479371309833e-06,Mab21l2,6.63485217496935,DEG
